batch_id,ruled_out_clauses,reason,notes
LF-70001,REF-ACT-02;REF-ACT-04;REF-ACT-05;REF-ACT-01,"Food batch in scope with 6 days remaining and not expired qualifies for markdown up to 50 percent (REF-ACT-03); transfer needs 21+ days and has no candidates, return needs 30+ days, and markdown outranks donation/disposal (REF-ACT-06).",
LF-70002,REF-ACT-02;REF-ACT-04;REF-ACT-05,"In-scope FOOD_AMBIENT batch with 25 days remaining qualifies for markdown of up to 30 percent (REF-ACT-03); transfer has no candidate targets, return needs 30+ days remaining, and disposal donation requires 3 to 14 days.",
LF-70003,REF-ACT-02;REF-HC-02;REF-ACT-04;REF-ACT-03;REF-HC-01;REF-ACT-05,"This healthcare batch has 12 days remaining, no transfer candidates (and transfer needs 21+ days per REF-HC-02), and the supplier does not accept returns, while markdown and donation are barred for healthcare; so it escalates to the QA Lead with no disposition proposed.",
LF-70005,REF-ACT-02;REF-ACT-04;REF-ACT-05,"This is an in-scope FOOD_AMBIENT batch with 18 days to expiry, so markdown of up to 30 percent applies (REF-ACT-03); transfer fails the 21-day rule and has no candidate targets (REF-ACT-02), return needs 30 or more days (REF-ACT-04), and donation needs 3 to 14 days with no expired stock to destroy (REF-ACT-05).",
LF-70006,REF-ACT-04;REF-ACT-05;REF-ACT-01,"With 24 days remaining (>=21) the batch is transfer-eligible, and LOC-12 stocks the SKU with higher 30-day sales (150 vs 30) and has cold_chain = Y as required for FOOD_CHILLED; TRANSFER outranks MARKDOWN, and RETURN TO SUPPLIER fails the 30-day rule while DISPOSE does not apply.",
LF-70007,REF-ACT-02;REF-ACT-03;REF-ACT-04;REF-ACT-05,"No candidate transfer targets exist (REF-ACT-02), supplier does not accept returns (REF-ACT-04), markdown is not covered with 35 days remaining (REF-ACT-03), and disposal does not apply to unexpired food with more than 14 days left (REF-ACT-05), so MONITOR applies as no other action is eligible (REF-ACT-01).",
LF-70008,REF-ACT-02;REF-ACT-03;REF-ACT-04;REF-ACT-05,"With 90 days to expiry the batch is outside scope under REF-SCORE-01, so it is monitor-only per REF-ACT-01; no transfer candidates exist and markdown/disposal do not apply at this horizon.",
LF-70009,REF-ACT-02;REF-HC-02;REF-ACT-04;REF-ACT-03;REF-HC-01;REF-HC-04,"The healthcare batch is 3 days past expiry, so it must be quarantined and destroyed via a licensed disposal vendor (REF-HC-03), which is also covered by destruction/write-off of expired stock (REF-ACT-05); transfer is impossible (no candidates, and expired stock fails the 21-day rule), return is barred as the supplier does not accept returns, and markdown is never allowed for healthcare.",
LF-10157,REF-ACT-02;REF-ACT-03;REF-ACT-05;REF-ACT-01,"Supplier accepts returns and 33 days remain, meeting the 30-day threshold (REF-ACT-04), with credit at 80 percent of unit cost for food (REF-SUP-01); TRANSFER is not eligible as there are no candidate targets (REF-ACT-02), MARKDOWN is not covered above 30 days (REF-ACT-03) and DISPOSE does not apply (REF-ACT-05), so return ranks first among eligible actions (REF-ACT-06).",
LF-11661,REF-ACT-02;REF-ACT-04;REF-ACT-05;REF-ACT-01,"In-scope food batch with 25 days remaining qualifies for up to 30 percent markdown (REF-ACT-03); no transfer candidates exist (REF-ACT-02), supplier does not accept returns (REF-ACT-04), and donation requires 14 days or fewer (REF-ACT-05).",
LF-10155,REF-ACT-03;REF-ACT-05;REF-ACT-01,"The batch is in scope with 57 days remaining (more than 21), and LOC-18 stocks the SKU with higher 30-day sales (25 vs 15) and is cold-chain enabled as required for FOOD_CHILLED (REF-ACT-02, REF-CC-01). TRANSFER ranks first in the order of preference over the also-eligible RETURN TO SUPPLIER (REF-ACT-06); MARKDOWN is not covered above 30 days and DISPOSE does not apply.",
LF-11810,REF-ACT-02;REF-ACT-04;REF-ACT-03;REF-ACT-05,"Unsold share is 0.0, below 0.10, so MONITOR applies under REF-ACT-01; no transfer candidates exist, supplier does not accept returns, 58 days remaining exceeds the markdown and donation windows, and the batch is not expired.",
LF-11321,REF-ACT-02;REF-ACT-04;REF-ACT-01,"Food batch in scope with 6 days remaining and not expired, so markdown up to 50 percent applies (REF-ACT-03); transfer is barred by the 21-day rule and the target sells less anyway (REF-ACT-02), and returns are not accepted (REF-ACT-04), with markdown preferred over disposal/donation (REF-ACT-06).",
LF-11236,REF-ACT-02;REF-ACT-04;REF-ACT-05;REF-ACT-01,"Food batch in scope with 10 days remaining and not expired, so markdown up to 50 percent applies (REF-ACT-03); transfer needs 21+ days and has no candidates (REF-ACT-02), returns are not accepted (REF-ACT-04), and markdown outranks donation/disposal (REF-ACT-06).",
LF-10813,REF-ACT-03;REF-ACT-05;REF-ACT-01,"The batch is in scope with 52 days remaining (≥21) and LOC-15 stocks the SKU with higher 30-day sales (11 vs 3) and is cold-chain enabled, satisfying REF-ACT-02 and REF-CC-01; TRANSFER outranks RETURN TO SUPPLIER under REF-ACT-06, and MARKDOWN is not covered above 30 days while DISPOSE does not apply.",
LF-11093,REF-ACT-02;REF-ACT-04;REF-ACT-05,"Food batch with 11 days remaining and not expired qualifies for up to 50 percent markdown (REF-ACT-03); transfer needs 21+ days and return needs 30+ days, and markdown outranks donation/disposal in the order of preference (REF-ACT-06).",
LF-11887,REF-ACT-02;REF-ACT-04;REF-ACT-03;REF-ACT-01,"The batch is expired (-9 days), so destruction/write-off applies under REF-ACT-05; transfer needs 21+ days remaining (REF-ACT-02), returns are not accepted (REF-ACT-04), and markdown is not available for expired stock (REF-ACT-03).",
LF-10105,REF-ACT-02;REF-ACT-03;REF-ACT-04;REF-ACT-05,"No other action is eligible: there are no candidate transfer targets (REF-ACT-02), the supplier does not accept returns (REF-ACT-04), 43 days remain so markdown is not covered (REF-ACT-03), and the batch is neither expired nor within 3-14 days for donation (REF-ACT-05); so MONITOR applies under REF-ACT-01.",
LF-10729,REF-ACT-02;REF-ACT-04;REF-ACT-03,"The batch is expired (-4 days), so destruction and write-off under REF-ACT-05 applies; transfer needs 21+ days remaining, return needs 30+ days, and markdown requires the stock not be expired.",
LF-11192,REF-ACT-02;REF-ACT-03;REF-ACT-05;REF-ACT-01,"The batch is in scope with 48 days remaining and the supplier accepts returns, so RETURN TO SUPPLIER is eligible (REF-ACT-04); TRANSFER is not possible as there are no candidate targets (REF-ACT-02), and markdown/disposal do not apply at more than 30 days remaining (REF-ACT-03, REF-ACT-05).",
LF-10033,REF-ACT-02;REF-CC-01;REF-ACT-04;REF-ACT-05,"No transfer target has higher units_sold_last_30d than the source's 22 (REF-ACT-02), returns are not accepted (REF-ACT-04), and disposal/donation does not apply at 22 days (REF-ACT-05); as a food batch with 22 days remaining it qualifies for markdown up to 30 percent (REF-ACT-03).",
LF-10629,REF-ACT-02;REF-HC-02;REF-ACT-04;REF-ACT-03;REF-HC-01;REF-ACT-05,"This HEALTHCARE batch has 13 days remaining and cannot be transferred (under 21 days, and the only candidate has lower 30-day sales) nor returned (returns need 30+ days), while markdown and donation are barred for healthcare, so it escalates to the QA Lead.",
LF-11096,REF-ACT-02;REF-ACT-04;REF-ACT-05;REF-ACT-01,"The batch is in scope with 15 days to expiry, so TRANSFER is barred (needs 21+ days, REF-ACT-02), RETURN is barred (supplier_accepts_returns = N, REF-ACT-04) and donation/destruction do not apply (REF-ACT-05); as a food batch with 15 to 30 days remaining it qualifies for markdown of up to 30 percent (REF-ACT-03).",
LF-10469,REF-ACT-02;REF-ACT-03;REF-ACT-05;REF-ACT-01,"Supplier accepts returns and 49 days remain, satisfying REF-ACT-04; transfer fails because neither candidate location sells more units than LOC-09 (REF-ACT-02), and markdown is not covered with more than 30 days remaining (REF-ACT-03).",
LF-11643,REF-ACT-04;REF-ACT-03;REF-ACT-05,"With 38 days remaining (≥21) LOC-08 stocks the SKU with higher 30-day sales (12 vs 11) and is cold_chain = Y, so TRANSFER is eligible and is the first preference (REF-ACT-02, REF-CC-01, REF-ACT-06); return is barred as supplier_accepts_returns is N, markdown does not cover more than 30 days remaining, and disposal donation only applies at 3-14 days.",
LF-11424,REF-ACT-02;REF-ACT-04;REF-ACT-01,"In-scope FOOD_CHILLED batch with 14 days remaining and not expired qualifies for up to 50 percent markdown (REF-ACT-03); transfer needs 21+ days and return needs 30+ days, so both fail, and markdown outranks disposal/donation (REF-ACT-06).",
LF-10621,REF-ACT-02;REF-ACT-04;REF-ACT-05,"Food batch with 8 days to expiry and not expired qualifies for up to 50 percent markdown (REF-ACT-03); transfer fails the 21-day rule and the target's lower sales, return fails the 30-day rule, and markdown outranks donation/disposal (REF-ACT-06).",
LF-10937,REF-ACT-02;REF-ACT-04;REF-ACT-05;REF-ACT-01,"The batch is in scope with 7 days remaining and not expired, so as FOOD_AMBIENT it qualifies for markdown of up to 50 percent (REF-ACT-03); transfer (no candidates and under 21 days) and supplier return (under 30 days) are ineligible, and markdown outranks donation/disposal under REF-ACT-06.",
LF-10749,REF-ACT-04;REF-ACT-03;REF-ACT-05;REF-ACT-01,"With 39 days remaining (≥21) the batch can transfer to LOC-22, which stocks the SKU with higher 30-day sales (9 vs 7), and FOOD_AMBIENT may go to any location (REF-CC-02); returns are barred as supplier_accepts_returns is N, markdown needs ≤30 days, and disposal does not apply. TRANSFER is first in the order of preference (REF-ACT-06).",
LF-10862,REF-ACT-03;REF-ACT-05;REF-ACT-01,"LOC-08 already stocks the SKU with higher 30-day sales (28 vs 26), is cold_chain = Y as required for FOOD_CHILLED, and 32 days remain (≥21), so TRANSFER is eligible and ranks first in the order of preference over RETURN TO SUPPLIER. MARKDOWN is not covered above 30 days and DISPOSE does not apply.",
LF-10145,REF-ACT-02;REF-ACT-04;REF-ACT-05;REF-ACT-01,"Food batch with 2 days remaining and not yet expired qualifies for up to 50 percent markdown (REF-ACT-03); transfer needs 21+ days and return needs 30+ days, and donation requires 3 to 14 days, so markdown is the preferred eligible action (REF-ACT-06).",
LF-11859,REF-ACT-04;REF-ACT-05;REF-ACT-01,"With 23 days remaining (≥21) and FOOD_AMBIENT stock transferable anywhere (REF-CC-02), LOC-11 stocks the SKU with higher 30-day sales (15 vs 5), and TRANSFER ranks first in preference (REF-ACT-06); return to supplier fails the 30-day test and disposal/monitor do not apply.",
LF-10425,REF-ACT-02;REF-ACT-04;REF-ACT-05;REF-ACT-01,"Food batch in scope with 19 days remaining qualifies for up to 30 percent markdown (REF-ACT-03); transfer needs 21+ days (REF-ACT-02), supplier does not accept returns (REF-ACT-04), and donation requires 14 or fewer days while the stock is not expired (REF-ACT-05).",
LF-10598,REF-ACT-02;REF-ACT-04;REF-ACT-05;REF-ACT-01,"With 11 days to expiry and not yet expired, this FOOD_CHILLED batch qualifies for markdown of up to 50 percent (REF-ACT-03); transfer needs 21+ days and return needs 30+ days, and donation requires 3-14 days but markdown outranks dispose (REF-ACT-06).",
LF-10029,REF-ACT-03;REF-ACT-05,"LOC-32 already stocks the SKU with higher 30-day sales (19 vs 8) and 37 days remain, which exceeds the 21-day minimum (REF-ACT-02); FOOD_AMBIENT may move to any location (REF-CC-02), and TRANSFER ranks first in the order of preference (REF-ACT-06). MARKDOWN is not covered above 30 days (REF-ACT-03) and DISPOSE does not apply (REF-ACT-05).",
LF-10766,REF-ACT-02;REF-ACT-03;REF-ACT-05,"Supplier accepts returns and 52 days remain, satisfying REF-ACT-04; transfer fails because the only candidate LOC-15 sells fewer units (9 vs 37) than the current location (REF-ACT-02), markdown is not covered beyond 30 days (REF-ACT-03), and disposal does not apply (REF-ACT-05).",
LF-11881,REF-ACT-02;REF-ACT-04;REF-ACT-05,"Food batch with 12 days remaining and not expired qualifies for up to 50 percent markdown (REF-ACT-03); transfer needs 21+ days and has no candidates, return needs 30+ days, and donation requires 3 to 14 days but markdown ranks higher in the order of preference (REF-ACT-06).",
LF-10973,REF-ACT-02;REF-ACT-03;REF-HC-01;REF-ACT-04;REF-ACT-05,"Unsold share is 0.0667, below 0.10, so MONITOR applies under REF-ACT-01; the only transfer candidate LOC-20 sells fewer units (13 vs 28) so TRANSFER fails REF-ACT-02, markdown/donation are barred for healthcare (REF-HC-01, REF-ACT-03, REF-ACT-05), and the stock is selling through so no return is warranted.",
LF-11619,REF-ACT-02;REF-ACT-04;REF-ACT-05;REF-ACT-01,"This in-scope FOOD_CHILLED batch has 20 days to expiry, so markdown of up to 30 percent applies (REF-ACT-03); transfer fails because the only candidate sells less and fewer than 21 days remain (REF-ACT-02), returns are not accepted (REF-ACT-04), and donation/destruction does not apply at 20 days unexpired (REF-ACT-05).",
LF-11440,REF-ACT-02;REF-ACT-04,"Food batch with 9 days remaining and not expired qualifies for up to 50 percent markdown (REF-ACT-03); transfer needs 21+ days and return needs 30+ days, and markdown outranks disposal/donation (REF-ACT-06).",
LF-11421,REF-ACT-02;REF-ACT-04,"Food batch with 9 days remaining and not expired qualifies for up to 50 percent markdown (REF-ACT-03); TRANSFER fails the 21-day minimum (REF-ACT-02) and RETURN is barred as the supplier does not accept returns (REF-ACT-04), and markdown ranks above disposal/donation (REF-ACT-06).",
LF-10888,REF-ACT-02;REF-ACT-04;REF-ACT-05;REF-ACT-01,"Food batch in scope with 24 days remaining qualifies for up to 30 percent markdown (REF-ACT-03); no transfer candidates exist, supplier does not accept returns, and donation/destruction windows do not apply.",
LF-10651,REF-ACT-02;REF-ACT-04;REF-ACT-05,"Food batch with 21 days remaining qualifies for up to 30 percent markdown (REF-ACT-03); transfer is impossible as there are no candidate targets (REF-ACT-02), return needs 30+ days (REF-ACT-04) and donation needs 3-14 days (REF-ACT-05), so markdown is the preferred eligible action (REF-ACT-06).",
LF-10610,REF-ACT-02;REF-ACT-04;REF-ACT-05,"This in-scope FOOD_AMBIENT batch has 23 days remaining, so markdown of up to 30 percent applies (REF-ACT-03); transfer fails because the only candidate LOC-16 sells less (14 vs 33) than the current location (REF-ACT-02), returns are not accepted (REF-ACT-04), and donation needs 3-14 days remaining (REF-ACT-05).",
LF-11286,REF-ACT-02;REF-ACT-04;REF-ACT-05,"This food batch has 14 days remaining and is not expired, so markdown up to 50 percent applies (REF-ACT-03); transfer needs 21+ days and return needs 30+ days, so neither is eligible, and donation requires 3 to 14 days but markdown ranks ahead of dispose (REF-ACT-06).",
LF-11017,REF-ACT-02;REF-ACT-03;REF-ACT-04;REF-ACT-05,"No transfer candidates exist, supplier does not accept returns, 43 days remaining is beyond markdown coverage (more than 30 days) and the batch is neither expired nor within the 3-14 day donation window, so no other action is eligible (REF-ACT-01).",
LF-11595,REF-ACT-02;REF-ACT-04;REF-ACT-01,"The batch is in scope with 6 days to expiry and not expired, so food markdown of up to 50 percent applies (REF-ACT-03); transfer needs 21+ days and returns are not accepted, and markdown outranks donation/disposal under REF-ACT-06.",
LF-10543,REF-ACT-03;REF-ACT-05;REF-ACT-01,"The batch is in scope with 48 days remaining (≥21) and LOC-03 stocks the SKU with higher 30-day sales (18 vs 2); FOOD_AMBIENT may transfer to any location (REF-CC-02). TRANSFER outranks RETURN TO SUPPLIER in the preference order (REF-ACT-06), and MARKDOWN is not covered above 30 days while DISPOSE does not apply.",
LF-10183,REF-ACT-02;REF-ACT-04;REF-ACT-05,"Food batch with 1 day remaining and not yet expired qualifies for up to 50 percent markdown (REF-ACT-03); TRANSFER needs 21+ days, RETURN is barred as supplier_accepts_returns is N, and donation requires 3 to 14 days with no expired stock to destroy.",
LF-10464,REF-ACT-04;REF-ACT-03;REF-ACT-05;REF-ACT-01,"In scope with 60 days remaining (well above the 21-day transit rule) and LOC-38 stocks the SKU with higher 30-day sales (21 vs 9) and is cold-chain capable, so TRANSFER is eligible and ranks first in the order of preference; return to supplier would also qualify but is lower preference, and markdown (>30 days) and disposal are not available.",
LF-11206,REF-ACT-02;REF-ACT-04;REF-ACT-05,"With 13 days remaining and not expired, this FOOD_AMBIENT batch qualifies for markdown of up to 50 percent (REF-ACT-03); TRANSFER needs 21+ days (REF-ACT-02) and RETURN needs 30+ days (REF-ACT-04), and donation requires 3-14 days but markdown ranks ahead of DISPOSE (REF-ACT-06).",
LF-10724,REF-ACT-02;REF-ACT-03;REF-ACT-05;REF-ACT-01,"Supplier accepts returns and 35 days remain (≥30), so RETURN TO SUPPLIER is eligible at 80 percent credit for food; TRANSFER is not possible as there are no candidate targets, and markdown only covers 30 days or fewer remaining.",
LF-11722,REF-ACT-03;REF-ACT-05,"The batch's unsold share is 0.0, below the 0.10 threshold, so MONITOR applies under REF-ACT-01 with a re-check in 7 days. Markdown is not covered with 46 days remaining (REF-ACT-03) and disposal does not apply to unexpired stock with more than 14 days left (REF-ACT-05).",
LF-10461,REF-ACT-02;REF-ACT-04;REF-ACT-05;REF-ACT-01,"FOOD_AMBIENT batch in scope with 21 days remaining qualifies for up to 30 percent markdown (REF-ACT-03); TRANSFER has no candidate targets, returns are not accepted (REF-ACT-04), and donation requires 3-14 days remaining (REF-ACT-05), so MARKDOWN is the preferred eligible action (REF-ACT-06).",
LF-11163,REF-ACT-02;REF-CC-01;REF-ACT-04;REF-ACT-05,"Food batch with 20 days to expiry qualifies for markdown up to 30 percent (REF-ACT-03); transfer fails the 21-day minimum and the target's lower sales (REF-ACT-02), return needs 30+ days (REF-ACT-04), and donation/destruction do not apply (REF-ACT-05).",
LF-11046,REF-ACT-02;REF-ACT-03;REF-ACT-05;REF-ACT-01,"Supplier accepts returns and 56 days remain, exceeding the 30-day minimum (REF-ACT-04); TRANSFER is not eligible as there are no candidate targets (REF-ACT-02), and markdown is not covered beyond 30 days remaining (REF-ACT-03), so return to supplier is the preferred eligible action (REF-ACT-06).",
LF-10548,REF-ACT-03;REF-ACT-05;REF-ACT-01,"The batch is in scope with 52 days remaining (more than 21), and LOC-37 stocks the SKU with higher 30-day sales (15 vs 5); FOOD_AMBIENT may transfer to any location, and TRANSFER ranks first in the order of preference over RETURN TO SUPPLIER.",
LF-10273,REF-ACT-02;REF-ACT-04;REF-ACT-05,"With 11 days to expiry and not expired, this FOOD_CHILLED batch qualifies for markdown up to 50 percent (REF-ACT-03); transfer needs 21+ days and the only candidate sells less (REF-ACT-02), return needs 30+ days (REF-ACT-04), and markdown outranks donation/disposal (REF-ACT-06).",
LF-10114,REF-ACT-02;REF-HC-02;REF-ACT-04;REF-ACT-03;REF-HC-01;REF-HC-04,"The healthcare batch is past expiry (-3 days), so it must be quarantined and destroyed via a licensed disposal vendor (REF-HC-03), which DISPOSE covers for all expired stock (REF-ACT-05). Transfer needs 21+ days and healthcare licence conditions (REF-ACT-02, REF-HC-02), returns are not accepted (REF-ACT-04), and markdown/donation is barred for healthcare (REF-HC-01); REF-HC-04 escalation does not apply since the expired-stock rule gives a mandated disposition.",
LF-11197,REF-ACT-02;REF-HC-02;REF-ACT-04;REF-ACT-03;REF-HC-01;REF-HC-04,"This healthcare batch is expired (-10 days), so it must be quarantined and destroyed via a licensed disposal vendor (REF-HC-03), which REF-ACT-05 permits for all expired stock; transfer, return and markdown are all unavailable, and REF-HC-04 escalation applies only to non-expired batches with 20 days or fewer remaining.",
LF-10795,REF-ACT-02;REF-HC-02;REF-ACT-04;REF-ACT-03;REF-HC-01;REF-ACT-05;REF-HC-03,"This HEALTHCARE batch has 2 days remaining, so transfer is barred (under 21 days, and both candidates also sell less) and return is barred (under 30 days); markdown and donation are never allowed for healthcare and the stock is not yet expired, so REF-HC-04 requires escalation to the QA Lead with no disposition proposed.",
LF-11908,REF-ACT-02;REF-ACT-04;REF-ACT-05;REF-ACT-01,"No transfer candidate has higher units_sold_last_30d than the batch's 47 (LOC-06 30, LOC-25 1), so TRANSFER fails REF-ACT-02, and RETURN TO SUPPLIER needs 30 or more days remaining but only 29 remain (REF-ACT-04); donation needs 3 to 14 days (REF-ACT-05). As a food batch with 29 days remaining, markdown of up to 30 percent is allowed under REF-ACT-03.",
LF-11116,REF-ACT-02;REF-HC-02;REF-ACT-04;REF-ACT-03;REF-HC-01;REF-ACT-05;REF-HC-03,"Healthcare batch with 11 days remaining cannot be transferred (needs 21+ days, REF-HC-02) or returned (needs 30+ days, REF-ACT-04), and markdown/donation are barred for healthcare while it is not expired, so it escalates to the QA Lead per REF-HC-04.",
LF-10550,REF-ACT-02;REF-HC-02;REF-ACT-04;REF-ACT-03;REF-HC-01;REF-ACT-05,"This healthcare batch has 11 days remaining and cannot be transferred (no candidate targets and under 21 days per REF-HC-02) or returned (needs 30+ days per REF-ACT-04), and markdown/donation are barred for healthcare (REF-HC-01), so it escalates to the QA Lead under REF-HC-04.",
LF-10110,REF-ACT-02;REF-ACT-04;REF-ACT-01,"Food batch in scope with 5 days to expiry and not yet expired, so markdown up to 50 percent applies (REF-ACT-03); transfer needs 21+ days and returns are not accepted, and markdown outranks disposal/donation (REF-ACT-06).",
LF-10424,REF-ACT-02;REF-HC-02;REF-ACT-04;REF-ACT-03;REF-HC-01;REF-HC-04,"This healthcare batch is past expiry (-4 days), so it must be quarantined and destroyed via a licensed disposal vendor (REF-HC-03), which REF-ACT-05 covers for expired stock. Transfer fails the 21-day rule (REF-HC-02) and both targets sell less, return is barred as supplier_accepts_returns is N (REF-ACT-04), and markdown is never allowed for healthcare (REF-HC-01).",
LF-10699,REF-ACT-02;REF-HC-02;REF-ACT-04;REF-ACT-03;REF-HC-01;REF-ACT-05,"Healthcare batch with only 2 days remaining cannot be transferred (needs 21+ days under REF-HC-02/REF-ACT-02) or returned (supplier_accepts_returns is N, REF-ACT-04), and markdown/donation are barred for healthcare (REF-HC-01), so it escalates to the QA Lead under REF-HC-04.",
LF-11869,REF-ACT-02;REF-HC-02;REF-ACT-04;REF-ACT-03;REF-HC-01;REF-ACT-05,"Healthcare batch with 5 days remaining cannot be transferred (no candidate targets, and under 21 days per REF-HC-02) nor returned (needs 30+ days per REF-ACT-04), and markdown/donation are barred for healthcare, so it escalates to the QA Lead under REF-HC-04.",
LF-11451,REF-ACT-02;REF-ACT-04;REF-ACT-05;REF-ACT-01,"Food batch with 3 days remaining and not expired qualifies for markdown up to 50 percent (REF-ACT-03); transfer needs 21+ days with no candidates and return needs 30+ days, and markdown outranks disposal/donation (REF-ACT-06).",
LF-11610,REF-ACT-02;REF-HC-02;REF-ACT-04;REF-ACT-03;REF-HC-01;REF-ACT-05;REF-HC-03,"This HEALTHCARE batch has only 4 days remaining, so transfer (needs 21+ days, REF-HC-02/REF-ACT-02) and return to supplier (needs 30+ days, REF-ACT-04) are both unavailable, and markdown/donation are barred for healthcare (REF-HC-01); as it is not yet expired, REF-HC-04 requires escalation to the QA Lead with no disposition proposed.",
LF-10908,REF-ACT-02;REF-ACT-04;REF-ACT-05;REF-ACT-01,"Food batch with 3 days remaining and not expired qualifies for up to 50 percent markdown (REF-ACT-03); transfer needs 21+ days and the only candidate sells less, returns are not accepted, and markdown outranks disposal/donation (REF-ACT-06).",
LF-10334,REF-ACT-02;REF-HC-02;REF-ACT-04;REF-ACT-03;REF-HC-01;REF-ACT-05,"Healthcare batch with 12 days remaining cannot be transferred (only 12 days, below the 21-day minimum, and the sole candidate LOC-38 sells less) nor returned (supplier_accepts_returns = N); markdown and donation are barred for healthcare and it is not expired, so it escalates to the QA Lead.",
LF-10666,REF-ACT-02;REF-ACT-04;REF-ACT-05;REF-ACT-01,"Food batch with 6 days remaining and not expired qualifies for up to 50 percent markdown (REF-ACT-03); transfer needs 21+ days and has no candidates, return needs 30+ days, and markdown outranks disposal donation (REF-ACT-06).",
LF-10220,REF-ACT-02;REF-ACT-04;REF-ACT-05;REF-ACT-01,"Food batch with 1 day remaining and not yet expired qualifies for markdown up to 50 percent (REF-ACT-03); transfer needs 21+ days and return needs 30+ days, and donation requires 3 to 14 days, so markdown is the preferred eligible action (REF-ACT-06).",
LF-11289,REF-ACT-02;REF-ACT-04;REF-ACT-05;REF-ACT-01,"The batch is in scope with 17 days remaining, so TRANSFER (needs 21+ days) and RETURN TO SUPPLIER (needs 30+ days) are not eligible, and donation/destruction under REF-ACT-05 does not apply at 17 days; as FOOD_AMBIENT with 15-30 days left, markdown of up to 30 percent is allowed.",
LF-11657,REF-ACT-02;REF-ACT-04;REF-ACT-05,"Food batch with 4 days remaining and not expired qualifies for up to 50 percent markdown (REF-ACT-03); transfer (21+ days) and supplier return (30+ days) are not available, and markdown ranks above disposal/donation (REF-ACT-06).",
LF-11444,REF-ACT-02;REF-ACT-04;REF-ACT-05;REF-ACT-01,"Food batch with 1 day remaining and not yet expired qualifies for up to 50 percent markdown (REF-ACT-03); transfer (21+ days) and supplier return (30+ days) fail their day thresholds and donation needs 3 to 14 days, so markdown is the preferred eligible action (REF-ACT-06).",
LF-10587,REF-ACT-02;REF-ACT-04;REF-ACT-01,"Food batch with 11 days remaining and not expired qualifies for up to 50 percent markdown (REF-ACT-03); transfer needs 21+ days and return needs 30+ days, and markdown outranks disposal/donation (REF-ACT-06).",
LF-10680,REF-ACT-02;REF-ACT-04;REF-ACT-05;REF-ACT-01,"The batch is food with 14 days remaining and not expired, so markdown up to 50 percent applies (REF-ACT-03); transfer needs 21+ days and return needs 30+ days, and donation requires 3-14 days but markdown ranks higher in the order of preference (REF-ACT-06).",
LF-11280,REF-ACT-02;REF-HC-02;REF-ACT-04;REF-ACT-03;REF-HC-01;REF-ACT-05,"This healthcare batch has 1 day remaining, so transfer is barred (needs 21+ days and candidate locations also have lower sales) and return is barred (needs 30+ days), while markdown and donation are never allowed for healthcare; under REF-HC-04 a healthcare batch with 20 days or fewer that cannot be transferred or returned goes to the QA Lead with no disposition proposed.",
LF-10588,REF-ACT-02;REF-ACT-04;REF-ACT-03;REF-ACT-01,"The batch is expired (-5 days), so destruction/write-off applies under REF-ACT-05; transfer needs 21+ days (REF-ACT-02), return needs 30+ days (REF-ACT-04), and markdown is not available for expired stock (REF-ACT-03).",
LF-10171,REF-ACT-02;REF-ACT-04;REF-ACT-05;REF-ACT-01,"Food batch with 12 days remaining and not expired qualifies for markdown up to 50 percent (REF-ACT-03); transfer needs 21+ days and has no candidates, returns are not accepted, and markdown outranks disposal/donation (REF-ACT-06).",
LF-10354,REF-ACT-02;REF-ACT-04;REF-ACT-05;REF-ACT-01,"In-scope FOOD_AMBIENT batch with 25 days remaining qualifies for up to 30 percent markdown (REF-ACT-03); transfer has no candidate locations, return needs 30+ days, and donation requires 3-14 days remaining.",
LF-10805,REF-ACT-02;REF-ACT-04;REF-ACT-05,"Food batch with 5 days remaining and not expired qualifies for markdown up to 50 percent (REF-ACT-03); transfer needs 21+ days and has no candidates, return needs 30+ days, and markdown outranks disposal/donation (REF-ACT-06).",
LF-11215,REF-ACT-02;REF-ACT-04;REF-ACT-05;REF-ACT-01,"Food batch in scope with 5 days remaining and not expired, so markdown of up to 50 percent applies (REF-ACT-03); transfer needs 21+ days and has no candidates, return needs 30+ days, and markdown outranks donation disposal (REF-ACT-06).",
LF-11098,REF-ACT-04;REF-ACT-05;REF-ACT-01,"With 28 days remaining (≥21) and FOOD_AMBIENT transferable to any location (REF-CC-02), LOC-26 stocks the SKU with higher 30-day sales (27 vs 11), so TRANSFER is eligible and is first in the order of preference (REF-ACT-06); RETURN TO SUPPLIER fails the 30-day test (REF-ACT-04) and DISPOSE donation needs 3-14 days (REF-ACT-05).",
LF-10208,REF-ACT-02;REF-ACT-04;REF-ACT-05,"Food batch with 5 days remaining and not expired qualifies for up to 50 percent markdown (REF-ACT-03); TRANSFER (needs 21+ days) and RETURN (needs 30+ days) are ineligible, and MARKDOWN outranks DISPOSE donation under REF-ACT-06.",
LF-10626,REF-ACT-02;REF-HC-02;REF-ACT-04;REF-ACT-03;REF-HC-01;REF-ACT-05,"This HEALTHCARE batch has 10 days remaining, so transfer is barred (needs 21+ days, REF-HC-02/REF-ACT-02) and supplier return is barred (needs 30+ days, REF-ACT-04), while markdown and donation are never allowed for healthcare (REF-HC-01); with 20 or fewer days remaining and neither transfer nor return possible, it escalates to the QA Lead under REF-HC-04.",
LF-11761,REF-ACT-02;REF-HC-02;REF-ACT-04;REF-ACT-03;REF-HC-01;REF-ACT-05,"This healthcare batch has 13 days remaining, so transfer (needs 21+ days, REF-HC-02/REF-ACT-02) and supplier return (needs 30+ days, REF-ACT-04) are both unavailable, and healthcare is never marked down or donated (REF-HC-01). Under REF-HC-04 it must be escalated to the QA Lead with no disposition proposed.",
LF-11783,REF-ACT-02;REF-ACT-04;REF-ACT-05;REF-ACT-01,"With 17 days to expiry, TRANSFER (needs 21+ days) and RETURN TO SUPPLIER (needs 30+ days) are not eligible, and donation requires 3-14 days; as an in-scope FOOD_AMBIENT batch with 15-30 days remaining it qualifies for markdown up to 30 percent (REF-ACT-03), which is preferred over disposal (REF-ACT-06).",
LF-10050,REF-ACT-02;REF-ACT-04;REF-ACT-05,"Food batch with 2 days remaining and not expired qualifies for up to 50 percent markdown (REF-ACT-03); transfer needs 21+ days, returns are not accepted, and donation requires 3 to 14 days remaining, so markdown is the preferred eligible action (REF-ACT-06).",
LF-11078,REF-ACT-02;REF-ACT-04;REF-ACT-01,"Food batch with 4 days remaining and not expired qualifies for up to 50 percent markdown (REF-ACT-03); transfer needs 21+ days and returns are not accepted, and markdown precedes disposal in the order of preference (REF-ACT-06).",
LF-11583,REF-ACT-02;REF-ACT-04;REF-ACT-05,"LOC-15 sells fewer units (5) than LOC-13 (23), so TRANSFER fails REF-ACT-02; returns need 30+ days but only 29 remain (REF-ACT-04); donation needs 3-14 days and stock is not expired (REF-ACT-05). As a food batch with 29 days left, markdown up to 30 percent applies.",
LF-11132,REF-ACT-02;REF-ACT-04;REF-ACT-05;REF-ACT-01,"Food batch with 5 days remaining and not expired qualifies for up to 50 percent markdown (REF-ACT-03); transfer (no candidates and under 21 days) and supplier return (under 30 days) are ineligible, and markdown outranks disposal/donation under REF-ACT-06.",
LF-10181,REF-ACT-02;REF-HC-02;REF-ACT-04;REF-ACT-03;REF-HC-01;REF-ACT-05;REF-HC-03,"Healthcare batch with 8 days remaining cannot be transferred (needs 21+ days) or returned (needs 30+ days), and markdown/donation are barred for healthcare while it is not yet expired, so it escalates to the QA Lead.",
LF-11083,REF-ACT-02;REF-HC-02;REF-ACT-04;REF-ACT-03;REF-HC-01;REF-ACT-05,"This healthcare batch has 20 days remaining, so transfer is barred (21+ days required under REF-ACT-02/REF-HC-02) and return to supplier is barred (30+ days required under REF-ACT-04); markdown and donation are never allowed for healthcare (REF-HC-01) and it is not expired, so REF-HC-04 requires escalation to the QA Lead with no disposition proposed.",
LF-11833,REF-ACT-02;REF-ACT-04;REF-ACT-05;REF-ACT-01,"Food batch with 14 days remaining and not expired qualifies for markdown up to 50 percent (REF-ACT-03); transfer needs 21+ days and returns need 30+ days, and donation requires 3 to 14 days but markdown ranks higher in preference order (REF-ACT-06).",
LF-10478,REF-ACT-02;REF-ACT-04;REF-ACT-05;REF-ACT-01,"Food batch in scope with 2 days remaining and not yet expired, so markdown of up to 50 percent applies (REF-ACT-03); transfer needs 21+ days, return needs 30+ days, and donation needs 3-14 days, so none are eligible.",
LF-11911,REF-ACT-02;REF-ACT-04;REF-ACT-05;REF-ACT-01,"Food batch in scope with 4 days remaining and not expired, so markdown up to 50 percent applies (REF-ACT-03); transfer needs 21+ days and return needs 30+ days, and markdown ranks above disposal/donation (REF-ACT-06).",
LF-11494,REF-ACT-02;REF-ACT-04;REF-ACT-05,"Food batch with 4 days remaining and not expired qualifies for up to 50 percent markdown (REF-ACT-03); transfer needs 21+ days and returns are not accepted, and markdown outranks donation/disposal (REF-ACT-06).",
LF-10037,REF-ACT-02;REF-ACT-04;REF-ACT-05;REF-ACT-01,"In-scope FOOD_CHILLED batch with 28 days remaining qualifies for up to 30 percent markdown (REF-ACT-03); no transfer target has higher units_sold_last_30d than the current location (REF-ACT-02), return needs 30+ days (REF-ACT-04), and donation requires 3 to 14 days (REF-ACT-05).",
LF-10251,REF-ACT-02;REF-ACT-03;REF-ACT-05;REF-ACT-01,"Supplier accepts returns and exactly 30 days remain, satisfying REF-ACT-04; TRANSFER is not eligible as there are no candidate targets (REF-ACT-02), and RETURN outranks MARKDOWN under REF-ACT-06.",
LF-11198,REF-ACT-02;REF-HC-02;REF-ACT-04;REF-ACT-03;REF-HC-01;REF-ACT-05;REF-HC-03,"Healthcare batch with 8 days remaining cannot be transferred (needs 21+ days, REF-HC-02/REF-ACT-02) or returned (needs 30+ days, REF-ACT-04), and healthcare is never marked down or donated (REF-HC-01) and is not expired, so it escalates to the QA Lead under REF-HC-04.",
LF-10676,REF-ACT-02;REF-ACT-04;REF-ACT-05;REF-ACT-01,"Food batch with 10 days remaining and not expired qualifies for up to 50 percent markdown (REF-ACT-03); transfer needs 21+ days and return needs 30+ days, and markdown outranks disposal/donation (REF-ACT-06).",
LF-11547,REF-ACT-02;REF-ACT-03;REF-ACT-05;REF-ACT-01,"Supplier accepts returns and exactly 30 days remain, satisfying REF-ACT-04; TRANSFER is not eligible as there are no candidate targets, so return ranks above markdown under REF-ACT-06.",
LF-10826,REF-ACT-02;REF-ACT-04;REF-ACT-05;REF-ACT-01,"No candidate transfer targets exist, so TRANSFER is not eligible (REF-ACT-02), and returns need 30 or more days remaining while only 28 remain (REF-ACT-04); as an in-scope food batch with 28 days left, markdown of up to 30 percent applies (REF-ACT-03) and ranks above disposal (REF-ACT-06).",
LF-11850,REF-ACT-02;REF-ACT-04;REF-ACT-03;REF-ACT-01,"The batch is expired (-7 days), so destruction/write-off applies under REF-ACT-05; transfer needs 21+ days remaining and higher-selling targets (REF-ACT-02), returns are not accepted and need 30+ days (REF-ACT-04), and markdown is not available for expired stock (REF-ACT-03).",
LF-11429,REF-ACT-02;REF-HC-02;REF-ACT-04;REF-ACT-03;REF-HC-01;REF-ACT-05;REF-HC-03;REF-ACT-01,"This healthcare batch has 1 day remaining and cannot be transferred (no candidate targets, and under 21 days per REF-HC-02) or returned (needs 30+ days per REF-ACT-04), and markdown/donation are barred for healthcare (REF-HC-01); it is not yet expired so REF-HC-03 does not apply. REF-HC-04 therefore requires escalation to the QA Lead with no disposition proposed.",
LF-11147,REF-ACT-02;REF-ACT-04,"Food batch with 9 days remaining and not expired qualifies for up to 50 percent markdown (REF-ACT-03); transfer needs 21+ days and return needs 30+ days, so neither is eligible, and markdown outranks disposal/donation (REF-ACT-06).",
LF-10484,REF-ACT-02;REF-CC-01;REF-ACT-04;REF-ACT-05;REF-ACT-01,"Food batch with 15 days remaining qualifies for markdown of up to 30 percent (REF-ACT-03); transfer fails the 21-day minimum and the only candidate sells fewer units (REF-ACT-02), return needs 30+ days (REF-ACT-04), and donation needs 3-14 days with no expiry yet (REF-ACT-05).",
LF-10121,REF-ACT-02;REF-ACT-03;REF-ACT-05;REF-ACT-01,"Supplier accepts returns and 35 days remain, satisfying REF-ACT-04; TRANSFER is not eligible because neither candidate location has higher units_sold_last_30d than 53 (REF-ACT-02), and MARKDOWN is not covered with more than 30 days remaining (REF-ACT-03).",
LF-11506,REF-ACT-02;REF-ACT-04;REF-ACT-05,"Food batch with 14 days remaining and not expired qualifies for markdown up to 50 percent (REF-ACT-03); transfer fails the 21-day rule with no candidate targets, returns are not accepted, and markdown outranks disposal donation (REF-ACT-06).",
LF-10665,REF-ACT-02;REF-ACT-04;REF-ACT-05;REF-ACT-01,"Food batch with 6 days remaining and not expired qualifies for markdown of up to 50 percent (REF-ACT-03); transfer fails the 21-day rule and has no candidates, returns are not accepted, and markdown outranks disposal/donation (REF-ACT-06).",
LF-11267,REF-ACT-02;REF-ACT-04;REF-ACT-01,"Food ambient batch in scope with 7 days remaining and not expired, so markdown up to 50 percent applies (REF-ACT-03); transfer has no candidates and under 21 days, and returns are not accepted, and markdown outranks disposal/donation (REF-ACT-06).",
LF-11715,REF-ACT-02;REF-ACT-04;REF-ACT-05;REF-ACT-01,"Food batch in scope with 19 days remaining qualifies for up to 30 percent markdown (REF-ACT-03); TRANSFER needs 21+ days and RETURN needs 30+ days, and donation only applies at 3-14 days, so markdown is the preferred eligible action (REF-ACT-06).",
LF-10490,REF-ACT-02;REF-HC-02;REF-ACT-04;REF-ACT-03;REF-HC-01;REF-ACT-05;REF-HC-04,"No candidate location has higher units_sold_last_30d than this location's 13 (LOC-19: 1, LOC-25: 10), so TRANSFER fails REF-ACT-02; returns are not accepted (REF-ACT-04), markdown and donation are barred for healthcare (REF-HC-01), the batch is not expired so destruction under REF-ACT-05/REF-HC-03 does not apply, and with 21 days remaining REF-HC-04 escalation (20 days or fewer) is not triggered. MONITOR applies because no other action is eligible (REF-ACT-01).",
LF-10319,REF-ACT-03;REF-ACT-05;REF-ACT-01,"The batch is in scope with 32 days remaining (at least 21), and LOC-07 stocks the same SKU with higher 30-day sales (47 vs 30) and cold_chain = Y as required for FOOD_CHILLED (REF-ACT-02, REF-CC-01). TRANSFER ranks first in the order of preference (REF-ACT-06), ahead of RETURN TO SUPPLIER; MARKDOWN is not covered above 30 days and DISPOSE does not apply.",
LF-10849,REF-ACT-02;REF-ACT-04;REF-ACT-05,"No transfer candidate has higher units_sold_last_30d than this location's 11 (REF-ACT-02), and return to supplier needs 30 or more days remaining but only 24 remain (REF-ACT-04); as a FOOD_AMBIENT batch with 24 days left, markdown of up to 30 percent applies (REF-ACT-03).",
LF-11041,REF-ACT-02;REF-ACT-03;REF-ACT-04;REF-ACT-05,"No other action is eligible: the only transfer candidate LOC-01 does not have higher units_sold_last_30d (REF-ACT-02), supplier does not accept returns (REF-ACT-04), markdown is not covered with 31 days remaining (REF-ACT-03), and donation/destruction does not apply at 31 days and not expired (REF-ACT-05), so MONITOR applies under REF-ACT-01.",
LF-10804,REF-ACT-02;REF-ACT-04;REF-ACT-03,"The batch is expired (8 days past expiry), so destruction/write-off applies under REF-ACT-05; transfer needs 21+ days remaining (REF-ACT-02), returns are not accepted and need 30+ days (REF-ACT-04), and markdown is not available for expired stock (REF-ACT-03).",
LF-11789,REF-ACT-02;REF-ACT-04;REF-ACT-05;REF-ACT-01,"Food batch in scope with 27 days remaining qualifies for up to 30 percent markdown (REF-ACT-03); transfer has no candidate targets, returns are not accepted, and donation/destruction do not apply at 27 days, so markdown is the preferred eligible action (REF-ACT-06).",
LF-11158,REF-ACT-02;REF-ACT-04;REF-ACT-05;REF-ACT-01,"Food batch with 1 day remaining and not yet expired qualifies for up to 50 percent markdown (REF-ACT-03); transfer needs 21+ days and return needs 30+ days, and donation requires 3 to 14 days, so markdown is the preferred eligible action (REF-ACT-06).",
LF-10997,REF-ACT-02;REF-ACT-04;REF-ACT-05;REF-ACT-01,"This food batch has 12 days remaining and is not expired, so markdown of up to 50 percent is covered (REF-ACT-03); transfer fails the 21-day minimum (REF-ACT-02) and return is blocked as the supplier does not accept returns (REF-ACT-04), and markdown outranks donation/disposal (REF-ACT-06).",
LF-10268,REF-ACT-02;REF-ACT-04;REF-ACT-05;REF-ACT-01,"FOOD_AMBIENT batch with 18 days to expiry qualifies for markdown up to 30 percent (REF-ACT-03); transfer needs 21+ days (REF-ACT-02), return needs 30+ days (REF-ACT-04), and donation needs 14 or fewer days (REF-ACT-05), and unsold share 0.9053 is above 0.10 so MONITOR does not apply (REF-ACT-01).",
LF-11598,REF-ACT-02;REF-ACT-04;REF-ACT-05,"Food batch in scope with 16 days remaining qualifies for up to 30 percent markdown (REF-ACT-03); TRANSFER fails the 21-day rule and the only candidate has lower sales (REF-ACT-02), returns are not accepted (REF-ACT-04), and donation needs 3 to 14 days (REF-ACT-05).",
LF-11454,REF-ACT-02;REF-ACT-04;REF-ACT-05;REF-ACT-01,"Batch is in scope with 25 days remaining and is FOOD_CHILLED, so markdown of up to 30 percent applies (REF-ACT-03); transfer has no candidate targets, supplier returns are not accepted, and donation requires 3 to 14 days remaining.",
LF-10137,REF-ACT-02;REF-ACT-03;REF-ACT-05,"Supplier accepts returns and 38 days remain, satisfying REF-ACT-04; TRANSFER fails because the only candidate LOC-03 sells fewer units (2 vs 32) than the current location (REF-ACT-02), and MARKDOWN is not covered with more than 30 days remaining (REF-ACT-03), so return ranks highest under REF-ACT-06.",
LF-11196,REF-ACT-02;REF-ACT-04;REF-ACT-05;REF-ACT-01,"TRANSFER fails because the only candidate LOC-02 sells 5 units vs 13 here, so it is not a higher-selling location (REF-ACT-02); RETURN TO SUPPLIER needs 30+ days but only 22 remain (REF-ACT-04); donation needs 3-14 days (REF-ACT-05). As a food batch with 22 days left, MARKDOWN of up to 30 percent applies (REF-ACT-03).",
LF-11597,REF-ACT-04;REF-ACT-03;REF-HC-01;REF-ACT-05;REF-HC-04,"With 27 days remaining (≥21) the batch can be transferred to LOC-19, which stocks the SKU with higher 30-day sales (30 vs 11) and is healthcare_licensed = Y (REF-ACT-02, REF-HC-02); TRANSFER is first in the order of preference (REF-ACT-06), while returns are barred (supplier_accepts_returns = N) and markdown/donation are never allowed for healthcare.",
LF-11924,REF-ACT-02;REF-ACT-04;REF-ACT-05;REF-ACT-01,"This FOOD_AMBIENT batch has 4 days remaining and is not expired, so markdown up to 50 percent is allowed (REF-ACT-03); transfer needs 21+ days (REF-ACT-02) and returns are not accepted (REF-ACT-04), and markdown outranks disposal/donation (REF-ACT-06).",
LF-11285,REF-ACT-03;REF-HC-01;REF-ACT-05;REF-ACT-01,"LOC-36 stocks the SKU with higher 30-day sales (7 vs 6), is healthcare_licensed = Y, and 48 days remain, so TRANSFER is eligible (REF-ACT-02, REF-HC-02) and is preferred over RETURN TO SUPPLIER (REF-ACT-06).",
LF-11514,REF-ACT-02;REF-ACT-04;REF-ACT-05;REF-ACT-01,"The batch is a food item in scope with 18 days remaining, so markdown of up to 30 percent applies (REF-ACT-03); transfer needs 21+ days (REF-ACT-02), returns are not accepted (REF-ACT-04), and donation needs 14 or fewer days (REF-ACT-05).",
LF-10274,REF-ACT-02;REF-ACT-04;REF-ACT-05;REF-ACT-01,"This food batch has 14 days remaining and is not expired, so markdown of up to 50 percent applies (REF-ACT-03); transfer fails the 21-day rule and the only candidate sells less than LOC-31 (REF-ACT-02), return needs 30+ days (REF-ACT-04), and donation requires 3 to 14 days but markdown outranks disposal (REF-ACT-06).",
LF-10947,REF-ACT-02;REF-ACT-04;REF-ACT-05;REF-ACT-01,"Food ambient batch in scope with 26 days remaining qualifies for up to 30 percent markdown (REF-ACT-03); transfer has no candidate locations (REF-ACT-02), supplier does not accept returns (REF-ACT-04), and donation/destruction windows do not apply (REF-ACT-05), so markdown is the preferred eligible action (REF-ACT-06).",
LF-11075,REF-ACT-02;REF-ACT-04;REF-ACT-05;REF-ACT-01,"TRANSFER fails because the only candidate LOC-34 sells fewer units (2) than the holding location (41) as required by REF-ACT-02, and RETURN TO SUPPLIER needs 30 or more days remaining but only 26 remain (REF-ACT-04); as a food batch with 26 days left, markdown of up to 30 percent applies (REF-ACT-03) and is preferred over disposal (REF-ACT-06).",
LF-11749,REF-ACT-02;REF-ACT-03;REF-ACT-04;REF-ACT-05;REF-HC-01;REF-HC-02;REF-HC-04,"No other action is eligible: there are no candidate transfer targets satisfying REF-ACT-02/REF-HC-02, the supplier does not accept returns (REF-ACT-04), healthcare stock is never marked down or donated (REF-HC-01), and the batch is not expired so destruction does not apply (REF-ACT-05). With 50 days remaining, REF-HC-04 escalation does not apply, so MONITOR under REF-ACT-01 (no other action eligible).",
LF-11411,REF-ACT-02;REF-ACT-04;REF-ACT-05;REF-ACT-01,"Food batch with 5 days remaining and not expired qualifies for markdown up to 50 percent (REF-ACT-03); transfer needs 21+ days and has no candidates, return needs 30+ days, and markdown outranks disposal/donation (REF-ACT-06).",
LF-11476,REF-ACT-02;REF-ACT-04,"Food batch in scope with 6 days to expiry and not expired, so markdown up to 50 percent applies (REF-ACT-03); transfer needs 21+ days and return needs 30+ days, and markdown outranks disposal/donation in the order of preference (REF-ACT-06).",
LF-11290,REF-ACT-02;REF-ACT-04;REF-ACT-05,"Food batch in scope with 18 days remaining qualifies for up to 30 percent markdown (REF-ACT-03); transfer is barred as fewer than 21 days remain and there are no candidate targets (REF-ACT-02), returns are barred as the supplier does not accept them (REF-ACT-04), and donation/destruction do not apply at 18 days unexpired (REF-ACT-05).",
LF-11081,REF-ACT-02;REF-ACT-04;REF-ACT-05;REF-ACT-01,"Food batch with 10 days remaining and not expired qualifies for markdown of up to 50 percent (REF-ACT-03); transfer fails the 21-day rule and has no candidates, returns are barred as the supplier does not accept them, and markdown outranks donation/disposal in the order of preference (REF-ACT-06).",
LF-10219,REF-ACT-04;REF-ACT-03;REF-HC-01;REF-ACT-05;REF-HC-04,"LOC-21 stocks the SKU with higher 30-day sales (40 vs 10), is healthcare_licensed = Y, and 45 days remain, satisfying REF-ACT-02 and REF-HC-02; return is barred (supplier_accepts_returns = N), markdown/donation are barred for healthcare, and transfer is first in the order of preference.",
LF-11571,REF-ACT-02;REF-ACT-03;REF-ACT-05,"Supplier accepts returns and 33 days remain, satisfying REF-ACT-04; transfer is not possible as there are no candidate targets (REF-ACT-02), markdown needs 30 or fewer days (REF-ACT-03), and disposal does not apply (REF-ACT-05), so return ranks first among eligible actions (REF-ACT-06).",
LF-11329,REF-ACT-02;REF-ACT-04;REF-ACT-05;REF-ACT-01,"Food batch in scope with 5 days remaining and not expired, so markdown up to 50 percent applies (REF-ACT-03); transfer needs 21+ days and return needs 30+ days, and markdown outranks donation/disposal (REF-ACT-06).",
LF-10890,REF-ACT-04;REF-ACT-01,"With 25 days remaining (≥21) LOC-16 stocks the SKU with higher 30-day sales (18 vs 5) and is cold-chain Y, satisfying REF-ACT-02 and REF-CC-01; TRANSFER outranks MARKDOWN and DISPOSE (REF-ACT-06), and RETURN TO SUPPLIER fails as fewer than 30 days remain (REF-ACT-04).",
LF-10358,REF-ACT-02;REF-ACT-04;REF-ACT-05,"This in-scope FOOD_AMBIENT batch has 5 days remaining and is not expired, so markdown of up to 50 percent is permitted (REF-ACT-03); transfer needs 21+ days and returns are not accepted, and markdown outranks donation/disposal in the preference order (REF-ACT-06).",
LF-11353,REF-ACT-04;REF-ACT-03;REF-HC-01;REF-ACT-05;REF-HC-04,"With 56 days remaining (≥21) and a healthcare-licensed target that already stocks the SKU with higher 30-day sales, TRANSFER is eligible (REF-ACT-02, REF-HC-02) and is the first preference (REF-ACT-06); return is barred as supplier_accepts_returns is N (REF-ACT-04), markdown/donation are barred for healthcare (REF-HC-01, REF-ACT-03, REF-ACT-05).",
LF-10499,REF-ACT-04;REF-ACT-03;REF-ACT-05;REF-ACT-01,"With 29 days remaining (>=21) the batch can be transferred to LOC-02, which stocks the SKU with higher 30-day sales (96 vs 7) and is cold_chain = Y as required for FOOD_CHILLED (REF-ACT-02, REF-CC-01); TRANSFER outranks MARKDOWN, and RETURN TO SUPPLIER fails the 30-day rule (REF-ACT-06, REF-ACT-04).",
LF-10371,REF-ACT-02;REF-ACT-03;REF-ACT-04;REF-ACT-05,"No other action is eligible: there are no candidate transfer targets (REF-ACT-02), the supplier does not accept returns (REF-ACT-04), markdown is not covered with 52 days remaining (REF-ACT-03), and disposal/donation does not apply (REF-ACT-05), so MONITOR applies under REF-ACT-01.",
LF-10059,REF-ACT-02;REF-ACT-04;REF-ACT-05,"In-scope FOOD_AMBIENT batch with 19 days remaining qualifies for markdown of up to 30 percent (REF-ACT-03); transfer is barred by the 21-day rule and no candidate targets exist (REF-ACT-02), supplier does not accept returns (REF-ACT-04), and donation requires 14 or fewer days while the stock is not expired (REF-ACT-05).",
LF-10028,REF-ACT-02;REF-ACT-04;REF-ACT-05;REF-ACT-01,"Food batch with 1 day remaining and not expired qualifies for markdown up to 50 percent (REF-ACT-03); transfer needs 21+ days, returns are not accepted, and donation requires 3 to 14 days, so markdown is the preferred eligible action (REF-ACT-06).",
LF-11275,REF-ACT-04;REF-ACT-03;REF-ACT-05;REF-ACT-01,"With 30 days remaining (≥21) LOC-17 stocks the SKU, sells more (17 vs 6) and is cold_chain=Y as required for FOOD_CHILLED (REF-ACT-02, REF-CC-01); TRANSFER outranks the otherwise-eligible RETURN TO SUPPLIER and MARKDOWN under REF-ACT-06.",
LF-10714,REF-ACT-02;REF-ACT-04;REF-ACT-05;REF-ACT-01,"The batch is in scope with 23 days remaining and is FOOD_AMBIENT, so markdown of up to 30 percent applies (REF-ACT-03); transfer fails because no candidate location has higher units_sold_last_30d than 12 (REF-ACT-02), returns are not accepted (REF-ACT-04), and donation requires 14 or fewer days remaining (REF-ACT-05).",
LF-10225,REF-ACT-02;REF-ACT-04;REF-ACT-05;REF-ACT-01,"Food ambient batch with 1 day remaining and not yet expired qualifies for markdown up to 50 percent (REF-ACT-03); transfer (needs 21+ days and no candidates) and return (needs 30+ days) are ineligible, and donation requires 3 to 14 days remaining.",
LF-11868,REF-ACT-02;REF-ACT-04;REF-ACT-05;REF-ACT-01,"Food batch with 3 days remaining and not expired qualifies for up to 50 percent markdown (REF-ACT-03); transfer (21+ days) and supplier return (30+ days) fail on days remaining, and markdown outranks donation/disposal under REF-ACT-06.",
LF-11474,REF-ACT-02;REF-ACT-03;REF-ACT-05;REF-ACT-01,"Supplier accepts returns and 33 days remain (>=30), so RETURN TO SUPPLIER is eligible (REF-ACT-04); TRANSFER has no candidate locations, MARKDOWN is not covered above 30 days, and DISPOSE does not apply (REF-ACT-06 preference order).",
LF-11472,REF-ACT-02;REF-ACT-04;REF-ACT-05,"Food ambient batch with 12 days remaining and not expired qualifies for up to 50 percent markdown (REF-ACT-03); TRANSFER needs 21+ days and RETURN needs 30+ days, and markdown outranks disposal/donation (REF-ACT-06).",
LF-10161,REF-ACT-02;REF-ACT-04;REF-ACT-05,"FOOD_AMBIENT batch with 13 days remaining and not expired qualifies for up to 50 percent markdown (REF-ACT-03); transfer needs 21+ days (REF-ACT-02), supplier does not accept returns (REF-ACT-04), and donation requires 3-14 days but markdown ranks higher in preference order (REF-ACT-06).",
LF-10374,REF-ACT-02;REF-ACT-03;REF-ACT-05;REF-ACT-01,"Supplier accepts returns and 43 days remain, meeting the 30-day minimum (REF-ACT-04); TRANSFER is not eligible as there are no candidate targets (REF-ACT-02), markdown is not covered above 30 days (REF-ACT-03), and disposal does not apply (REF-ACT-05), so returns is the preferred eligible action (REF-ACT-06).",
LF-10733,REF-ACT-02;REF-ACT-04;REF-ACT-05;REF-ACT-01,"The batch is in scope with 20 days to expiry and unsold share 0.8667; TRANSFER needs 21+ days (REF-ACT-02) and RETURN needs 30+ days (REF-ACT-04), and donation requires 14 or fewer days (REF-ACT-05), so MARKDOWN of up to 30 percent applies to this FOOD_AMBIENT batch in the 15-30 day window (REF-ACT-03).",
LF-11681,REF-ACT-02;REF-ACT-03;REF-ACT-05,"Supplier accepts returns and 31 days remain, satisfying REF-ACT-04; TRANSFER fails because neither candidate location has higher units_sold_last_30d than 32 (REF-ACT-02), MARKDOWN is not covered above 30 days (REF-ACT-03), and DISPOSE donation needs 3-14 days (REF-ACT-05).",
LF-11409,REF-ACT-02;REF-ACT-03;REF-ACT-04;REF-ACT-05,"No candidate transfer targets exist (REF-ACT-02), the supplier does not accept returns (REF-ACT-04), markdown is not covered with more than 30 days remaining (REF-ACT-03), and the batch is neither expired nor within 3-14 days for donation (REF-ACT-05), so no other action is eligible.",
LF-10990,REF-ACT-04;REF-ACT-05,"With 23 days remaining (≥21) and LOC-20 stocking the same SKU at higher 30-day sales (15 vs 8), TRANSFER is eligible under REF-ACT-02, and FOOD_AMBIENT stock may go to any location (REF-CC-02); it is the first preference under REF-ACT-06. Return to supplier fails as supplier_accepts_returns is N (REF-ACT-04) and disposal/donation does not apply at 23 days (REF-ACT-05).",
LF-10462,REF-ACT-02;REF-ACT-04;REF-ACT-05,"Food batch in scope with 3 days remaining and not yet expired qualifies for up to 50 percent markdown (REF-ACT-03); transfer needs 21+ days and returns are not accepted, and markdown outranks disposal/donation (REF-ACT-06).",
LF-11839,REF-ACT-02;REF-ACT-04;REF-ACT-03;REF-ACT-05,"No other action is eligible: the only transfer candidate LOC-01 sells fewer units (6 vs 11) so it fails REF-ACT-02, the supplier does not accept returns (REF-ACT-04), 35 days remaining is outside markdown coverage (REF-ACT-03), and the batch is neither in the 3-14 day donation window nor expired (REF-ACT-05).",
LF-11295,REF-ACT-02;REF-ACT-04;REF-ACT-05,"Food batch with 27 days remaining qualifies for up to 30 percent markdown (REF-ACT-03); TRANSFER has no candidate locations (REF-ACT-02), supplier does not accept returns (REF-ACT-04), and donation requires 3 to 14 days with no expiry yet for destruction (REF-ACT-05), so markdown is the preferred eligible action (REF-ACT-06).",
LF-10845,REF-ACT-02;REF-ACT-04;REF-ACT-05,"TRANSFER fails because the only candidate LOC-06 sells fewer units (5) than the holding location (12) per REF-ACT-02; RETURN TO SUPPLIER needs 30+ days but only 23 remain (REF-ACT-04); donation needs 3-14 days and the batch is not expired (REF-ACT-05). As a food batch with 23 days remaining, markdown of up to 30 percent applies (REF-ACT-03).",
LF-11418,REF-ACT-02;REF-HC-02;REF-ACT-04;REF-ACT-03;REF-HC-01;REF-ACT-05,"This healthcare batch has 15 days remaining, so transfer is barred (needs 21+ days, and the only candidate has no higher sales) and return is barred (needs 30+ days); markdown and donation are never allowed for healthcare and it is not expired, so REF-HC-04 requires escalation to the QA Lead.",
LF-11293,REF-ACT-02;REF-ACT-04;REF-ACT-05,"Food batch with 1 day remaining and not yet expired qualifies for up to 50 percent markdown (REF-ACT-03); transfer needs 21+ days, returns are not accepted, and donation requires 3 to 14 days, so markdown is the preferred eligible action (REF-ACT-06).",
LF-10566,REF-ACT-02;REF-ACT-04;REF-ACT-05;REF-ACT-01,"FOOD_AMBIENT batch in scope with 24 days remaining qualifies for markdown of up to 30 percent (REF-ACT-03); TRANSFER has no candidate targets, RETURN needs 30+ days, and DISPOSE donation needs 14 or fewer days, so markdown is the preferred eligible action (REF-ACT-06).",
LF-10390,REF-ACT-02;REF-ACT-04;REF-ACT-05;REF-ACT-01,"With 4 days left and not expired, this food batch qualifies for up to 50 percent markdown (REF-ACT-03); transfer (21+ days) and supplier return (30+ days) fail their day thresholds, and markdown outranks donation/disposal under REF-ACT-06.",
LF-10785,REF-ACT-02;REF-ACT-03;REF-ACT-05;REF-ACT-01,"Supplier accepts returns and 38 days remain, satisfying REF-ACT-04; TRANSFER fails because the only candidate LOC-24 does not have higher units_sold_last_30d (6 vs 6) per REF-ACT-02, and MARKDOWN is not covered above 30 days remaining (REF-ACT-03).",
LF-10592,REF-ACT-02;REF-ACT-03;REF-ACT-05,"Supplier accepts returns and 38 days remain, so return to supplier is allowed (REF-ACT-04); transfer is not eligible as there are no candidate targets (REF-ACT-02), markdown is not covered above 30 days remaining (REF-ACT-03) and disposal donation requires 3 to 14 days (REF-ACT-05), leaving return highest in preference order (REF-ACT-06).",
LF-11023,REF-ACT-02;REF-ACT-04;REF-ACT-03;REF-ACT-05,"No transfer candidates exist (REF-ACT-02), supplier_accepts_returns is N (REF-ACT-04), markdown is not covered with 32 days remaining (REF-ACT-03) and disposal does not apply to unexpired stock over 14 days out (REF-ACT-05), so no other action is eligible and MONITOR applies.",
LF-11153,REF-ACT-02;REF-HC-02;REF-ACT-04;REF-ACT-03;REF-HC-01;REF-ACT-05,"This healthcare batch has 19 days remaining, cannot be transferred (no candidate targets) and cannot be returned (fewer than 30 days remain), so it escalates to the QA Lead with no disposition proposed.",
LF-11165,REF-ACT-04;REF-ACT-03;REF-HC-01;REF-ACT-05;REF-HC-04,"LOC-07 stocks the same SKU with higher 30-day sales (24 vs 3), is healthcare_licensed = Y, and 48 days remain, satisfying REF-ACT-02 and REF-HC-02; transfer is first in the order of preference (REF-ACT-06). Return is barred (supplier_accepts_returns = N), markdown/donation are barred for healthcare, and the batch is not expired.",
LF-10128,REF-ACT-02;REF-ACT-04;REF-ACT-05;REF-ACT-01,"In-scope FOOD_AMBIENT batch with 23 days to expiry and unsold share 0.85 qualifies for markdown of up to 30 percent (REF-ACT-03); transfer has no candidate targets (REF-ACT-02), return needs 30+ days (REF-ACT-04), and donation/destruction windows do not apply (REF-ACT-05).",
LF-10602,REF-ACT-02;REF-ACT-04;REF-ACT-03,"The batch is expired (-6 days), so destruction/write-off applies under REF-ACT-05; transfer needs 21+ days and has no candidates (REF-ACT-02), return needs 30+ days (REF-ACT-04), and markdown requires stock not yet expired (REF-ACT-03).",
LF-11313,REF-ACT-02;REF-ACT-04;REF-ACT-05,"Food batch in scope with 12 days remaining and not expired, so markdown of up to 50 percent applies (REF-ACT-03); transfer needs 21+ days and return needs 30+ days, and markdown outranks disposal/donation under REF-ACT-06.",
LF-10430,REF-ACT-02;REF-CC-01;REF-ACT-04;REF-ACT-03;REF-ACT-05,"No other action is eligible: the only transfer candidate LOC-32 sells fewer units (10 vs 14) so fails REF-ACT-02, the supplier does not accept returns (REF-ACT-04), 45 days remaining is beyond markdown coverage (REF-ACT-03), and the batch is neither expired nor within the 3-14 day donation window (REF-ACT-05).",
LF-10968,REF-ACT-02;REF-ACT-04,"Food batch with 13 days remaining and not expired qualifies for markdown up to 50 percent (REF-ACT-03); transfer needs 21+ days and the supplier does not accept returns, and markdown outranks disposal/donation under REF-ACT-06.",
LF-10244,REF-ACT-02;REF-ACT-04;REF-ACT-05;REF-ACT-01,"In-scope chilled food batch with 5 days remaining and not expired qualifies for markdown up to 50 percent (REF-ACT-03); transfer needs 21+ days and returns are not accepted, and markdown outranks donation/disposal (REF-ACT-06).",
LF-11170,REF-ACT-02;REF-ACT-04;REF-ACT-05,"Food batch with 11 days to expiry and not expired qualifies for markdown of up to 50 percent (REF-ACT-03); transfer needs 21+ days and return needs 30+ days, so markdown ranks ahead of disposal under REF-ACT-06.",
LF-11684,REF-ACT-02;REF-ACT-04;REF-ACT-05;REF-ACT-01,"Food batch with 4 days remaining and not expired qualifies for up to 50 percent markdown (REF-ACT-03); transfer needs 21+ days and returns are not accepted, and markdown outranks donation/disposal (REF-ACT-06).",
LF-11343,REF-ACT-04;REF-ACT-03;REF-ACT-05;REF-ACT-01,"LOC-22 stocks the SKU with higher 30-day sales (17 vs 6), has cold_chain = Y as required for FOOD_CHILLED, and 24 days remain (≥21), so TRANSFER is eligible and ranks first in preference; returns are barred (supplier_accepts_returns = N), and markdown/dispose rank lower.",
LF-11752,REF-ACT-02;REF-ACT-03;REF-ACT-05;REF-ACT-01,"Supplier accepts returns and 46 days remain, satisfying REF-ACT-04; TRANSFER is ineligible because no candidate location has higher units_sold_last_30d than the current 52 (REF-ACT-02), and MARKDOWN is not covered with more than 30 days remaining (REF-ACT-03).",
LF-11831,REF-ACT-02;REF-ACT-03;REF-ACT-05,"Supplier accepts returns and 40 days remain (≥30), so RETURN TO SUPPLIER is eligible at 80 percent credit (REF-ACT-04, REF-SUP-01); TRANSFER fails because the only candidate LOC-32 sells fewer units (3 vs 11) (REF-ACT-02), MARKDOWN is not covered above 30 days (REF-ACT-03), and DISPOSE does not apply (REF-ACT-05).",
LF-11766,REF-ACT-03;REF-ACT-04;REF-ACT-05,"With 48 days remaining (≥21) the batch can transfer to a cold-chain location that already stocks the SKU and sells more of it; LOC-18 has the highest units_sold_last_30d (31) and cold_chain = Y (REF-ACT-02, REF-CC-01). Markdown is not covered above 30 days (REF-ACT-03), returns are barred as supplier_accepts_returns is N (REF-ACT-04), and disposal does not apply (REF-ACT-05), so transfer is first in preference (REF-ACT-06).",
LF-10132,REF-ACT-04;REF-ACT-05,"With 24 days remaining (21 or more) the batch can transfer to LOC-36, which stocks the SKU with higher 30-day sales (28 vs 3) and has cold_chain = Y as required for FOOD_CHILLED; transfer is the first preference over markdown, and return to supplier needs 30 or more days while donation needs 3 to 14 days.",
LF-10904,REF-ACT-02;REF-ACT-03;REF-ACT-05;REF-ACT-01,"Supplier accepts returns and 42 days remain, satisfying REF-ACT-04; transfer fails because the only candidate LOC-18 sells fewer units (6 vs 10) per REF-ACT-02, and markdown is not covered above 30 days remaining (REF-ACT-03).",
LF-10959,REF-ACT-02;REF-ACT-03;REF-ACT-05;REF-ACT-01,"Supplier accepts returns and 60 days remain, so return is eligible (REF-ACT-04) at 80 percent credit for food (REF-SUP-01); transfer has no candidate locations, markdown is not covered above 30 days, and disposal does not apply, and return ranks above them anyway (REF-ACT-06).",
LF-10367,REF-ACT-02;REF-ACT-04;REF-ACT-05;REF-ACT-01,"This food batch has 8 days to expiry and is not yet expired, so markdown up to 50 percent is covered (REF-ACT-03); transfer needs 21+ days and return needs 30+ days, and markdown outranks disposal/donation in the order of preference (REF-ACT-06).",
LF-10217,REF-ACT-02;REF-ACT-04;REF-ACT-05;REF-ACT-01,"With 16 days to expiry the batch is in scope and food ambient, so markdown of up to 30 percent applies (REF-ACT-03); transfer needs 21+ days and return needs 30+ days, and donation only covers 3 to 14 days, so markdown is the preferred eligible action (REF-ACT-06).",
LF-11248,REF-ACT-04;REF-ACT-05;REF-ACT-01,"With 28 days remaining (more than 21) and LOC-29 stocking the same SKU at higher 30-day sales (42 vs 32), TRANSFER is eligible; FOOD_AMBIENT stock may go to any location (REF-CC-02), and TRANSFER is the first preference (REF-ACT-06). RETURN TO SUPPLIER fails the 30-day minimum (REF-ACT-04) and DISPOSE donation needs 3-14 days (REF-ACT-05).",
LF-10940,REF-ACT-04;REF-ACT-03;REF-ACT-05;REF-ACT-01,"With 40 days remaining (=21+) and FOOD_AMBIENT stock transferable to any location (REF-CC-02), LOC-01 stocks the SKU with higher 30-day sales (16 vs 7), and TRANSFER is first in the order of preference (REF-ACT-06). Returns are ruled out as supplier_accepts_returns is N, markdown needs 30 or fewer days remaining, and disposal/monitor do not apply.",
LF-11931,REF-ACT-02;REF-ACT-04;REF-ACT-05;REF-ACT-01,"TRANSFER fails because the only candidate LOC-01 has lower units_sold_last_30d (1 vs 3) than the holding location (REF-ACT-02), returns are not accepted (REF-ACT-04), and donation needs 3-14 days remaining (REF-ACT-05); as a FOOD_CHILLED batch with 26 days left, markdown of up to 30 percent applies (REF-ACT-03).",
LF-11391,REF-ACT-02;REF-ACT-04;REF-ACT-05,"FOOD_CHILLED batch with 10 days remaining and not expired qualifies for up to 50 percent markdown (REF-ACT-03); transfer needs 21+ days (REF-ACT-02) and returns are not accepted (REF-ACT-04), and markdown outranks donation/disposal (REF-ACT-06).",
LF-10039,REF-ACT-02;REF-ACT-04;REF-ACT-05;REF-ACT-01,"FOOD_AMBIENT batch in scope with 16 days remaining qualifies for up to 30 percent markdown (REF-ACT-03); transfer needs 21+ days (REF-ACT-02), supplier does not accept returns (REF-ACT-04), and donation requires 3-14 days with no expiry yet for destruction (REF-ACT-05).",
LF-10614,REF-ACT-04;REF-ACT-03;REF-ACT-05;REF-ACT-01,"With 25 days remaining (21 or more) the batch can be transferred to LOC-14, which stocks the SKU with higher 30-day sales (26 vs 6), and FOOD_AMBIENT may go to any location (REF-CC-02); TRANSFER ranks first in the order of preference (REF-ACT-06). RETURN TO SUPPLIER needs 30+ days, MARKDOWN and DISPOSE rank lower, and MONITOR does not apply since the batch is in scope with unsold share 0.77.",
LF-11935,REF-ACT-04;REF-ACT-03;REF-HC-01;REF-ACT-05;REF-HC-04,"LOC-09 already stocks the SKU with higher 30-day sales (26 vs 5), is healthcare_licensed = Y, and 43 days remain (over the 21-day minimum), so TRANSFER is eligible and is first in the order of preference. Returns are unavailable (supplier_accepts_returns = N) and healthcare stock is never marked down or donated.",
LF-10179,REF-ACT-02;REF-ACT-04;REF-ACT-05;REF-ACT-01,"With 19 days remaining, TRANSFER (needs 21+ days, and the only candidate sells less) and RETURN (needs 30+ days) are not eligible, and donation requires 14 or fewer days; as a food batch with 15-30 days left, markdown of up to 30 percent applies (REF-ACT-03).",
LF-11338,REF-ACT-03;REF-ACT-04;REF-ACT-05,"With 53 days remaining (≥21) and LOC-02 stocking the SKU with higher 30-day sales (37 vs 10), transfer is allowed, and FOOD_AMBIENT stock may go to any location (REF-CC-02); markdown needs ≤30 days, returns need supplier acceptance, and disposal does not apply, so transfer is first in preference (REF-ACT-06).",
LF-11250,REF-ACT-02;REF-ACT-04;REF-ACT-05;REF-ACT-01,"This food batch has 2 days remaining and is not expired, so markdown of up to 50 percent applies (REF-ACT-03); transfer needs 21+ days and return needs 30+ days, and donation requires 3 to 14 days remaining, so none are eligible.",
LF-10835,REF-ACT-02;REF-ACT-04;REF-ACT-05;REF-ACT-01,"Food batch in scope with 19 days remaining qualifies for markdown up to 30 percent (REF-ACT-03); transfer fails the 21-day rule and the only candidate has lower sales (REF-ACT-02), return needs 30+ days (REF-ACT-04), and donation/destruction do not apply at 19 days (REF-ACT-05).","drafter failed: Error code: 400 - {'type': 'error', 'error': {'type': 'invalid_request_error', 'message': 'Your credit balance is too low to access the Anthropic API. Please go to Plans & Billing to upgrade or purchase credits.'}, 'request_id': 'req_011CfXVForCCQRR4QUSR1QfU'}"
LF-11426,REF-ACT-04;REF-ACT-03;REF-ACT-05;REF-ACT-01,"LOC-36 already stocks the SKU with higher 30-day sales (8 vs 7) and 42 days remain, above the 21-day minimum (REF-ACT-02); as FOOD_AMBIENT it may move to any location (REF-CC-02). Returns are barred (supplier_accepts_returns N, REF-ACT-04), markdown needs 30 or fewer days (REF-ACT-03) and donation needs 3-14 days (REF-ACT-05), so TRANSFER is first in preference (REF-ACT-06).",
LF-11485,REF-ACT-02;REF-ACT-03;REF-ACT-04;REF-ACT-05,"No candidate transfer targets exist (REF-ACT-02), supplier does not accept returns (REF-ACT-04), 49 days remaining is beyond markdown coverage (REF-ACT-03), and donation/destruction do not apply (REF-ACT-05), so no other action is eligible and MONITOR applies (REF-ACT-01).",
LF-10015,REF-ACT-02;REF-ACT-03;REF-ACT-04;REF-ACT-05,"No other action is eligible: the only transfer candidate LOC-01 sells fewer units (5 vs 29) so fails REF-ACT-02, supplier_accepts_returns is N (REF-ACT-04), 48 days remaining exceeds the markdown window (REF-ACT-03), and the batch is neither expired nor within 3-14 days for disposal (REF-ACT-05).",
LF-10978,REF-ACT-03;REF-ACT-05;REF-ACT-01,"With 51 days remaining (in scope, unsold share 0.7243), TRANSFER is allowed as LOC-14 stocks the SKU with higher 30-day sales (22 vs 6) and is cold_chain = Y for FOOD_CHILLED (REF-ACT-02, REF-CC-01); TRANSFER ranks first in the order of preference (REF-ACT-06) over RETURN TO SUPPLIER, while MARKDOWN is not covered above 30 days and DISPOSE does not apply.",
LF-10284,REF-ACT-02;REF-ACT-04;REF-ACT-05,"Food batch with 27 days remaining qualifies for markdown of up to 30 percent (REF-ACT-03); transfer is impossible with no candidate targets (REF-ACT-02), returns are barred as the supplier does not accept them (REF-ACT-04), and donation/destruction windows do not apply (REF-ACT-05).",
LF-10239,REF-ACT-02;REF-ACT-04;REF-ACT-05;REF-ACT-01,"This in-scope FOOD_AMBIENT batch has 15 days to expiry, so markdown of up to 30 percent applies (REF-ACT-03); transfer needs 21+ days and return needs 30+ days, and donation only covers 3 to 14 days, so markdown is the preferred eligible action (REF-ACT-06).",
LF-10956,REF-ACT-02;REF-ACT-03;REF-ACT-05;REF-ACT-01,"Supplier accepts returns and 44 days remain, so RETURN TO SUPPLIER is eligible (REF-ACT-04); TRANSFER is not possible as there are no candidate targets (REF-ACT-02), markdown is not covered above 30 days (REF-ACT-03), and disposal does not apply (REF-ACT-05).",
LF-10807,REF-ACT-02;REF-ACT-04;REF-ACT-05,"This in-scope FOOD_AMBIENT batch has 11 days remaining and is not expired, so markdown of up to 50 percent applies (REF-ACT-03); transfer needs 21+ days with no candidates and return needs 30+ days, and markdown ranks above disposal/donation (REF-ACT-06).",
LF-11884,REF-ACT-04;REF-ACT-05;REF-ACT-01,"With 22 days remaining (21+) and unsold share 0.837, transfer is eligible to LOC-01, which stocks the SKU with higher 30-day sales (22 vs 2) and has cold_chain = Y as required for FOOD_CHILLED; transfer is first in the order of preference, and return to supplier is barred since supplier_accepts_returns is N and disposal donation needs 14 or fewer days.",
LF-10199,REF-ACT-02;REF-ACT-03;REF-ACT-04;REF-ACT-05,"No other action is eligible: there are no candidate transfer targets (REF-ACT-02), the supplier does not accept returns (REF-ACT-04), 37 days remaining exceeds the markdown window (REF-ACT-03), and the batch is neither expired nor within the 3-14 day donation window (REF-ACT-05), so MONITOR applies under REF-ACT-01.",
LF-10509,REF-ACT-02;REF-ACT-04;REF-ACT-05;REF-ACT-01,"No transfer target has higher units_sold_last_30d than the 31 at LOC-08, so TRANSFER fails (REF-ACT-02), and with only 25 days left RETURN TO SUPPLIER (30+ days) and donation/destruction disposal are not available (REF-ACT-04, REF-ACT-05); as a food batch with 15-30 days remaining it qualifies for markdown up to 30 percent (REF-ACT-03).",
LF-11106,REF-ACT-02;REF-ACT-03;REF-ACT-05;REF-ACT-01,"Supplier accepts returns and 51 days remain, so RETURN TO SUPPLIER is allowed (REF-ACT-04) at 80 percent credit for food (REF-SUP-01); TRANSFER, the higher preference, is unavailable as there are no candidate targets (REF-ACT-02, REF-ACT-06), and MARKDOWN is not covered above 30 days (REF-ACT-03) while DISPOSE does not apply (REF-ACT-05).",
LF-10630,REF-ACT-04;REF-ACT-05;REF-ACT-01,"With 26 days remaining (>=21) the batch is transfer-eligible, and LOC-08 stocks the SKU with higher 30-day sales (10 vs 7) and is cold_chain = Y as required for FOOD_CHILLED; TRANSFER outranks MARKDOWN in the order of preference, and RETURN TO SUPPLIER needs 30 or more days.",
LF-11266,REF-ACT-04;REF-ACT-05;REF-ACT-01,"With 21 days remaining, TRANSFER is allowed (REF-ACT-02) and LOC-02 stocks the SKU with higher 30-day sales (8 vs 2) and has cold_chain = Y as required for FOOD_CHILLED (REF-CC-01); return to supplier fails the 30-day rule (REF-ACT-04) and TRANSFER outranks MARKDOWN (REF-ACT-06).",
LF-11892,REF-ACT-02;REF-ACT-04;REF-ACT-03;REF-ACT-05,"No other action is eligible: neither candidate location has higher units_sold_last_30d than this location (REF-ACT-02), the supplier does not accept returns (REF-ACT-04), markdown is not covered with 52 days remaining (REF-ACT-03), and disposal does not apply as the batch is neither expired nor within 3-14 days (REF-ACT-05). MONITOR applies under REF-ACT-01 as the no-other-action-eligible case.",
LF-10721,REF-ACT-04;REF-ACT-03;REF-ACT-05,"With 35 days remaining (≥21) and LOC-17 stocking the SKU with higher 30-day sales (16 vs 10), transfer is eligible; FOOD_AMBIENT may go to any location (REF-CC-02), and transfer ranks first in preference (REF-ACT-06). Returns are ruled out (supplier_accepts_returns = N), markdown is not covered above 30 days, and disposal does not apply.",
LF-11015,REF-ACT-02;REF-ACT-04;REF-ACT-05;REF-ACT-01,"Food ambient batch in scope with 20 days remaining qualifies for markdown up to 30 percent (REF-ACT-03); transfer needs 21+ days (REF-ACT-02), returns are not accepted (REF-ACT-04), and donation requires 3 to 14 days (REF-ACT-05).",
LF-10477,REF-ACT-02;REF-ACT-04;REF-ACT-05,"Food batch with 13 days remaining and not expired qualifies for markdown up to 50 percent (REF-ACT-03); transfer needs 21+ days and has no candidates, return needs 30+ days, and markdown outranks donation/disposal under REF-ACT-06.",
LF-11671,REF-ACT-04;REF-ACT-03;REF-ACT-05;REF-ACT-01,"LOC-38 already stocks the SKU with higher 30-day sales (22 vs 6) and 39 days remain, meeting the 21-day rule (REF-ACT-02); FOOD_AMBIENT may move to any location (REF-CC-02). Return is barred (supplier_accepts_returns = N, REF-ACT-04), markdown needs 30 or fewer days (REF-ACT-03), donation needs 3-14 days (REF-ACT-05), and transfer ranks first (REF-ACT-06).",
LF-10848,REF-ACT-02;REF-CC-01;REF-ACT-03;REF-ACT-05;REF-ACT-01,"Supplier accepts returns and 47 days remain, meeting the 30-day threshold (REF-ACT-04), with credit at 80 percent of unit cost for food (REF-SUP-01); transfer fails because the only candidate LOC-18 sells fewer units (9 vs 21) per REF-ACT-02, and markdown is not covered beyond 30 days (REF-ACT-03).",
LF-11437,REF-ACT-02;REF-ACT-04;REF-ACT-05;REF-ACT-01,"Food batch in scope with 18 days remaining qualifies for up to 30 percent markdown (REF-ACT-03); transfer needs 21+ days (REF-ACT-02), supplier does not accept returns (REF-ACT-04), and donation requires 14 or fewer days with no expiry yet (REF-ACT-05).",
LF-10341,REF-ACT-02;REF-ACT-04;REF-ACT-03;REF-ACT-05,"No transfer candidates exist (REF-ACT-02), supplier does not accept returns (REF-ACT-04), markdown is not covered with 33 days remaining (REF-ACT-03), and the batch is neither expired nor within the 3-14 day donation window (REF-ACT-05), so no other action is eligible and MONITOR applies.",
LF-10786,REF-ACT-02;REF-ACT-04;REF-ACT-05;REF-ACT-01,"Food batch in scope with 9 days remaining and not expired, so markdown up to 50 percent applies (REF-ACT-03); transfer is barred (only 9 days, under 21, and the sole candidate sells less) and return is barred (supplier does not accept returns), and markdown outranks donation/disposal (REF-ACT-06).",
LF-10117,REF-ACT-02;REF-ACT-03;REF-ACT-05,"Supplier accepts returns and 35 days remain (≥ 30), so RETURN TO SUPPLIER is eligible (REF-ACT-04); TRANSFER is not possible with no candidate targets (REF-ACT-02), MARKDOWN is not covered above 30 days (REF-ACT-03), and DISPOSE does not apply (REF-ACT-05).",
LF-10046,REF-ACT-02;REF-ACT-04;REF-ACT-05;REF-ACT-01,"Food batch with 15 days remaining qualifies for up to 30 percent markdown (REF-ACT-03); transfer needs 21+ days and return needs 30+ days, and donation requires 3-14 days, so markdown is the preferred eligible action (REF-ACT-06).",
LF-10427,REF-ACT-02;REF-ACT-03;REF-ACT-05;REF-ACT-01,"The batch is in scope with 50 days remaining and the supplier accepts returns, so RETURN TO SUPPLIER is allowed (REF-ACT-04); TRANSFER is not possible as there are no candidate targets (REF-ACT-02), and markdown/disposal do not apply at 50 days (REF-ACT-03, REF-ACT-05).",
LF-10147,REF-ACT-02;REF-ACT-03;REF-ACT-04;REF-ACT-05,"No candidate location has higher units_sold_last_30d than this location's 41 (REF-ACT-02), the supplier does not accept returns (REF-ACT-04), 46 days remain so markdown is not covered (REF-ACT-03), and the batch is neither expired nor within the 3-14 day donation window (REF-ACT-05); therefore MONITOR applies as no other action is eligible.",
LF-10837,REF-ACT-03;REF-ACT-05;REF-ACT-01,"With 36 days remaining (over the 21-day minimum) the batch can transfer to LOC-38, which stocks the SKU with higher 30-day sales (27 vs 7) and is cold-chain enabled as required for FOOD_CHILLED; TRANSFER outranks the other eligible actions. Markdown is not covered above 30 days remaining and disposal does not apply.",
LF-11148,REF-ACT-04;REF-ACT-03;REF-ACT-05;REF-ACT-01,"With 22 days remaining and a cold-chain-enabled location selling more units (LOC-08, 6 vs 2), TRANSFER is eligible under REF-ACT-02 and REF-CC-01 and is the first preference under REF-ACT-06; return to supplier needs 30+ days and markdown/donation do not apply at 22 days.",
LF-11129,REF-ACT-02;REF-ACT-04;REF-ACT-05;REF-ACT-01,"The batch is in scope with 20 days to expiry, so TRANSFER (needs 21+ days, REF-ACT-02) and RETURN TO SUPPLIER (needs 30+ days, REF-ACT-04) are not eligible, and donation requires 14 days or fewer (REF-ACT-05). As a food batch with 15 to 30 days remaining, markdown of up to 30 percent applies (REF-ACT-03).",
LF-10933,REF-ACT-02;REF-ACT-04;REF-ACT-05;REF-ACT-01,"In scope at 19 days to expiry with unsold share 0.79, this FOOD_AMBIENT batch qualifies for markdown of up to 30 percent (REF-ACT-03); transfer needs 21+ days (REF-ACT-02), supplier does not accept returns (REF-ACT-04), and donation requires 3 to 14 days remaining with no expiry yet occurred (REF-ACT-05).",
LF-11937,REF-ACT-02;REF-ACT-04;REF-ACT-05;REF-ACT-01,"FOOD_AMBIENT batch in scope with 28 days remaining qualifies for up to 30 percent markdown (REF-ACT-03); transfer fails because the only candidate LOC-18 sells fewer units (2 vs 16) (REF-ACT-02), returns are not accepted (REF-ACT-04), and disposal/donation windows do not apply (REF-ACT-05).",
LF-10536,REF-ACT-03;REF-ACT-05;REF-ACT-01,"With 45 days remaining (≥21) the batch qualifies for TRANSFER, and LOC-08 stocks the SKU with higher 30-day sales and has cold_chain = Y as required for FOOD_CHILLED (REF-ACT-02, REF-CC-01); TRANSFER is first in the order of preference (REF-ACT-06), while MARKDOWN is not covered above 30 days and DISPOSE does not apply.",
LF-10522,REF-ACT-02;REF-ACT-04;REF-ACT-05;REF-ACT-01,"Food batch with 27 days remaining qualifies for up to 30 percent markdown (REF-ACT-03); transfer fails because no candidate location has higher units_sold_last_30d than 22 (REF-ACT-02), supplier does not accept returns (REF-ACT-04), and donation/destruction windows do not apply (REF-ACT-05).",
LF-10993,REF-ACT-02;REF-ACT-03;REF-ACT-05;REF-ACT-01,"Supplier accepts returns and 56 days remain, meeting the 30-day minimum (REF-ACT-04); transfer fails because the only candidate LOC-32 has lower units_sold_last_30d than the source (REF-ACT-02) and markdown is not covered beyond 30 days remaining (REF-ACT-03).",
LF-10236,REF-ACT-03;REF-ACT-05;REF-ACT-01,"With 37 days remaining (≥21) the batch can transfer, and LOC-32 stocks the SKU with higher 30-day sales (4 vs 3) and is cold-chain enabled as required for FOOD_CHILLED (REF-CC-01); TRANSFER ranks first in the order of preference (REF-ACT-06) ahead of the eligible return, while markdown does not cover >30 days and disposal does not apply.",
LF-11906,REF-ACT-03;REF-ACT-05;REF-ACT-01,"With 37 days remaining (≥21) the batch qualifies for transfer under REF-ACT-02, and LOC-10 stocks the SKU with higher 30-day sales (67 vs 8) and has cold_chain = Y as required for FOOD_CHILLED (REF-CC-01); TRANSFER is first in the order of preference (REF-ACT-06). Markdown does not cover >30 days remaining (REF-ACT-03) and disposal donation requires 3-14 days (REF-ACT-05).",
LF-11504,REF-ACT-04;REF-ACT-05;REF-ACT-01,"With 27 days remaining (21 or more) and LOC-22 already stocking the SKU with higher 30-day sales (9 vs 6), transfer is allowed, and FOOD_AMBIENT may go to any location (REF-CC-02); transfer outranks markdown in the order of preference, while return to supplier needs 30+ days.",
LF-10010,REF-ACT-04;REF-ACT-03;REF-ACT-05;REF-ACT-01,"With 32 days remaining (≥21) the batch can be transferred, and LOC-01 stocks the SKU with higher 30-day sales (16 vs 15); FOOD_AMBIENT may go to any location (REF-CC-02). Returns are not accepted (REF-ACT-04), markdown needs 30 days or fewer (REF-ACT-03), disposal does not apply, and TRANSFER ranks first (REF-ACT-06).",
LF-11865,REF-ACT-02;REF-ACT-03;REF-ACT-05;REF-ACT-01,"Supplier accepts returns and 40 days remain, so RETURN TO SUPPLIER is allowed (REF-ACT-04) at 80 percent credit for food (REF-SUP-01); TRANSFER has no candidate targets, MARKDOWN is not covered above 30 days, and DISPOSE does not apply, so the preference order (REF-ACT-06) gives the return.",
LF-10524,REF-ACT-02;REF-ACT-04;REF-ACT-05;REF-ACT-01,"Food batch with 5 days remaining and not expired qualifies for up to 50 percent markdown (REF-ACT-03); transfer fails the 21-day rule with no candidates (REF-ACT-02) and returns are not accepted (REF-ACT-04), and markdown outranks donation/disposal (REF-ACT-06).",
LF-11438,REF-ACT-02;REF-ACT-04;REF-ACT-05;REF-ACT-01,"FOOD_AMBIENT batch in scope with 27 days remaining qualifies for markdown up to 30 percent (REF-ACT-03); transfer fails because no candidate location has higher units_sold_last_30d than 10 (REF-ACT-02), return needs 30 or more days (REF-ACT-04), and donation/destruction windows do not apply (REF-ACT-05).",
LF-10122,REF-ACT-02;REF-ACT-03;REF-ACT-05;REF-ACT-01,"Supplier accepts returns and 41 days remain, satisfying REF-ACT-04; TRANSFER is not eligible because there are no candidate transfer targets (REF-ACT-02), and markdown/donation do not apply with more than 30 days remaining (REF-ACT-03, REF-ACT-05).",
LF-10951,REF-ACT-02;REF-ACT-03;REF-ACT-05,"Supplier accepts returns and 48 days remain, so RETURN TO SUPPLIER is allowed (REF-ACT-04) with 80 percent food credit (REF-SUP-01); TRANSFER has no candidate targets, MARKDOWN does not apply above 30 days, and DISPOSE does not apply.",
LF-10249,REF-ACT-02;REF-ACT-03;REF-ACT-05,"Supplier accepts returns and 45 days remain, satisfying REF-ACT-04; TRANSFER fails because no candidate location has higher units_sold_last_30d than 20 (REF-ACT-02), MARKDOWN is not covered above 30 days (REF-ACT-03), and DISPOSE does not apply (REF-ACT-05), so returns rank next under REF-ACT-06.",
LF-10373,REF-ACT-02;REF-ACT-03;REF-ACT-05,"Supplier accepts returns and 50 days remain, satisfying REF-ACT-04; TRANSFER is not eligible as there are no candidate targets, MARKDOWN is not covered above 30 days remaining (REF-ACT-03), and DISPOSE does not apply (REF-ACT-05), so RETURN TO SUPPLIER is the preferred eligible action (REF-ACT-06).",
LF-11164,REF-ACT-03;REF-ACT-05;REF-ACT-01,"With 35 days remaining (≥21) transfer is allowed, and LOC-26 stocks the SKU with higher 30-day sales (28 vs 3); as FOOD_AMBIENT it may go to any location (REF-CC-02). TRANSFER outranks RETURN TO SUPPLIER under REF-ACT-06, and markdown/dispose do not apply at 35 days.",
LF-10974,REF-ACT-02;REF-ACT-04;REF-ACT-05;REF-ACT-01,"Food batch with 29 days remaining qualifies for up to 30 percent markdown (REF-ACT-03); transfer fails because no candidate location has higher units_sold_last_30d than this location (REF-ACT-02), supplier does not accept returns (REF-ACT-04), and donation/destruction windows do not apply (REF-ACT-05).",
LF-11452,REF-ACT-02;REF-ACT-03;REF-ACT-05;REF-ACT-01,"No candidate transfer targets exist, so TRANSFER is not eligible; the supplier accepts returns and 38 days remain (≥30), making RETURN TO SUPPLIER eligible and the highest-preference available action (REF-ACT-04, REF-ACT-06), with credit at 80 percent of unit cost for food (REF-SUP-01). MARKDOWN does not cover more than 30 days remaining and DISPOSE does not apply (REF-ACT-03, REF-ACT-05).",
LF-11374,REF-ACT-02;REF-ACT-04;REF-ACT-05,"In-scope chilled food batch with 23 days remaining qualifies for markdown of up to 30 percent (REF-ACT-03); transfer has no candidate locations (REF-ACT-02), supplier return needs 30 or more days (REF-ACT-04), and donation requires 3 to 14 days with destruction only for expired stock (REF-ACT-05).",
LF-10590,REF-ACT-02;REF-ACT-03;REF-ACT-05;REF-ACT-01,"Supplier accepts returns and 60 days remain, meeting REF-ACT-04; TRANSFER is not eligible as there are no candidate targets (REF-ACT-02), so the next preferred action applies (REF-ACT-06). MARKDOWN is not covered above 30 days (REF-ACT-03) and DISPOSE does not apply (REF-ACT-05).",
LF-11834,REF-ACT-04;REF-ACT-03;REF-ACT-05,"With 46 days remaining (>=21), LOC-18 stocks the SKU with higher 30-day sales (7 vs 4) and is cold_chain = Y as required for FOOD_CHILLED; return to supplier is barred (supplier_accepts_returns N), markdown needs 30 days or fewer, and disposal does not apply, and TRANSFER is first in preference order.",
LF-10069,REF-ACT-03;REF-ACT-05;REF-ACT-01,"The batch is in scope with 50 days remaining (≥21), and LOC-18 stocks the SKU with higher 30-day sales (14 vs 11) and has cold_chain = Y, so TRANSFER is eligible and is the first preference over RETURN TO SUPPLIER; MARKDOWN is not covered above 30 days and DISPOSE does not apply.",
LF-10356,REF-ACT-02;REF-ACT-03;REF-ACT-04;REF-ACT-05,"No transfer candidates exist, the supplier does not accept returns, markdown is not covered with 43 days remaining, and disposal/donation criteria are not met, so no other action is eligible (REF-ACT-01).",
LF-10938,REF-ACT-02;REF-ACT-03;REF-ACT-05;REF-ACT-01,"Supplier accepts returns and 37 days remain (≥30), so return is eligible (REF-ACT-04) at 80 percent credit for food (REF-SUP-01); no transfer candidates exist, markdown is not covered above 30 days, and disposal does not apply, so return ranks first among eligible actions (REF-ACT-06).",
LF-10443,REF-ACT-01;REF-ACT-03;REF-ACT-04;REF-ACT-05,"With 30 days remaining (>=21) LOC-27 stocks the SKU, sells more (11 vs 8) and is cold_chain = Y as required for FOOD_CHILLED, so TRANSFER is eligible and ranks first in the order of preference ahead of return to supplier and markdown.",
LF-10000,REF-ACT-02;REF-ACT-04;REF-ACT-05,"Food batch with 19 days remaining qualifies for up to 30 percent markdown (REF-ACT-03); transfer fails as the only candidate has lower sales and fewer than 21 days remain (REF-ACT-02), returns are not accepted (REF-ACT-04), and donation requires 14 or fewer days (REF-ACT-05).",
LF-11105,REF-ACT-03;REF-ACT-05;REF-ACT-01,"LOC-17 already stocks the SKU with higher 30-day sales, has cold_chain = Y as required for FOOD_CHILLED, and 32 days remain (≥21), so TRANSFER is eligible and is the first preference over RETURN TO SUPPLIER.",
LF-10779,REF-ACT-02;REF-ACT-03;REF-ACT-05,"Supplier accepts returns and 42 days remain, meeting the 30-day minimum (REF-ACT-04), with credit at 80 percent of unit cost for food (REF-SUP-01). TRANSFER has no candidate targets (REF-ACT-02), markdown is not covered above 30 days (REF-ACT-03), and disposal does not apply (REF-ACT-05), so returns is the preferred eligible action (REF-ACT-06).",
LF-11496,REF-ACT-02;REF-ACT-04;REF-ACT-05,"FOOD_AMBIENT batch with 16 days remaining qualifies for up to 30 percent markdown (REF-ACT-03); transfer is barred by the 21-day minimum and lack of candidates (REF-ACT-02), returns are barred as supplier_accepts_returns is N (REF-ACT-04), and donation requires 3 to 14 days (REF-ACT-05).",
LF-11609,REF-ACT-03;REF-ACT-05;REF-ACT-01,"With 44 days remaining (≥21) and LOC-30 stocking the SKU with higher 30-day sales (8 vs 5), transfer is allowed, and FOOD_AMBIENT stock may go to any location (REF-CC-02); transfer ranks first in preference order (REF-ACT-06). Markdown does not apply above 30 days and disposal does not apply to non-expired stock outside the 3-14 day donation window.",
LF-11066,REF-ACT-03;REF-ACT-05;REF-ACT-01,"LOC-01 stocks the SKU with higher 30-day sales (33 vs 9), has cold_chain = Y as required for FOOD_CHILLED, and 44 days remain (≥21), so TRANSFER is eligible and is the first preference over RETURN TO SUPPLIER; MARKDOWN is not covered above 30 days and DISPOSE does not apply.",
LF-11638,REF-ACT-02;REF-ACT-03;REF-ACT-04;REF-ACT-05,"No other action is eligible: there are no candidate transfer targets (REF-ACT-02), the supplier does not accept returns (REF-ACT-04), markdown is not covered with 57 days remaining (REF-ACT-03), and disposal/donation criteria are not met (REF-ACT-05), so MONITOR applies under REF-ACT-01.",
LF-11753,REF-ACT-02;REF-ACT-03;REF-ACT-04;REF-ACT-05,"No other action is eligible: there are no candidate transfer targets (REF-ACT-02), the supplier does not accept returns (REF-ACT-04), 59 days remain so markdown is not covered (REF-ACT-03), and the batch is neither expired nor within 3-14 days for donation (REF-ACT-05).",
LF-10530,REF-ACT-02;REF-ACT-04;REF-ACT-05;REF-ACT-01,"The batch is in scope with 10 days to expiry and is FOOD_AMBIENT, so markdown of up to 50 percent applies (REF-ACT-03); transfer needs 21+ days (REF-ACT-02), returns are not accepted by the supplier (REF-ACT-04), and donation/destruction is less preferred (REF-ACT-06).",
LF-10021,REF-ACT-02;REF-ACT-04;REF-ACT-05;REF-ACT-01,"FOOD_AMBIENT batch in scope with 28 days remaining qualifies for markdown up to 30 percent (REF-ACT-03); transfer fails because the only candidate LOC-05 sells fewer units (7 vs 10) than the current location (REF-ACT-02), return needs 30+ days (REF-ACT-04), and donation requires 3-14 days (REF-ACT-05).",
LF-11029,REF-ACT-04;REF-ACT-03;REF-ACT-05;REF-ACT-01,"With 48 days remaining (≥21) the batch can transfer, and LOC-27 stocks the SKU with higher 30-day sales (27 vs 6); FOOD_AMBIENT may go to any location (REF-CC-02). Return is barred (supplier_accepts_returns = N), markdown needs ≤30 days, and disposal does not apply, so TRANSFER is first in preference (REF-ACT-06).",
LF-10186,REF-ACT-02;REF-HC-02;REF-ACT-04;REF-ACT-03;REF-HC-01;REF-ACT-05;REF-HC-03,"This healthcare batch has 16 days remaining, so transfer (needs 21+ days, REF-HC-02/REF-ACT-02) and supplier return (needs 30+ days, REF-ACT-04) are both unavailable, and markdown/donation are barred for healthcare (REF-HC-01); with 20 or fewer days remaining it goes to the QA Lead under REF-HC-04.",
LF-10790,REF-ACT-02;REF-ACT-03;REF-ACT-05,"Supplier accepts returns and 48 days remain (≥30), so RETURN TO SUPPLIER is eligible (REF-ACT-04) at 80 percent credit for food (REF-SUP-01); TRANSFER is not possible as there are no candidate targets (REF-ACT-02), markdown needs 30 days or fewer (REF-ACT-03) and disposal does not apply (REF-ACT-05).",
LF-11463,REF-ACT-02;REF-ACT-03;REF-ACT-05;REF-ACT-01,"No candidate location has higher units_sold_last_30d than this batch's 6 (LOC-18 has 2, LOC-25 has 6), so TRANSFER is not eligible (REF-ACT-02); with supplier_accepts_returns = Y and 45 days remaining, RETURN TO SUPPLIER is allowed under REF-ACT-04 at 80 percent credit for food (REF-SUP-01), while MARKDOWN is not covered above 30 days (REF-ACT-03) and DISPOSE does not apply (REF-ACT-05).",
LF-11769,REF-ACT-02;REF-ACT-04;REF-ACT-05;REF-ACT-01,"With 15 days remaining this FOOD_CHILLED batch qualifies for up to 30 percent markdown (REF-ACT-03); transfer is barred because fewer than 21 days remain (REF-ACT-02), returns are not accepted (REF-ACT-04), and donation/destruction do not apply at 15 days (REF-ACT-05).",
LF-11000,REF-ACT-02;REF-ACT-04;REF-ACT-03;REF-ACT-01,"The batch is expired (-3 days), so destruction/write-off under REF-ACT-05 applies; transfer fails (no candidates and fewer than 21 days remain, REF-ACT-02), returns are barred as supplier_accepts_returns is N (REF-ACT-04), and markdown is not available for expired stock (REF-ACT-03).",
LF-10902,REF-ACT-02;REF-ACT-04;REF-ACT-01,"With 10 days to expiry and not yet expired, this in-scope FOOD_CHILLED batch qualifies for markdown up to 50 percent (REF-ACT-03); transfer needs 21+ days and return needs 30+ days, so neither is eligible, and markdown outranks donation/disposal (REF-ACT-06).",
LF-10418,REF-ACT-02;REF-ACT-03;REF-ACT-05;REF-ACT-01,"Supplier accepts returns and 51 days remain, satisfying REF-ACT-04; transfer is unavailable as there are no candidate targets (REF-ACT-02), and markdown is not covered with more than 30 days left (REF-ACT-03), so returns win under the preference order (REF-ACT-06) with 80 percent food credit (REF-SUP-01).",
LF-10003,REF-ACT-02;REF-ACT-04;REF-ACT-01,"This in-scope FOOD_AMBIENT batch has 3 days remaining and is not expired, so markdown of up to 50 percent is permitted (REF-ACT-03); transfer (21+ days) and supplier return (30+ days) are not available, and markdown precedes disposal in the order of preference (REF-ACT-06).",
LF-11045,REF-ACT-03;REF-ACT-05;REF-ACT-01,"With 31 days remaining (>=21), LOC-02 stocks the SKU with higher 30-day sales (8 vs 7) and has cold_chain = Y as required for FOOD_CHILLED (REF-ACT-02, REF-CC-01); TRANSFER ranks first in the order of preference (REF-ACT-06), ahead of the also-eligible return to supplier.",
LF-10545,REF-ACT-03;REF-ACT-05;REF-ACT-01,"LOC-29 already stocks the SKU with higher 30-day sales (62 vs 4) and 49 days remain, exceeding the 21-day minimum; FOOD_AMBIENT may move to any location (REF-CC-02). TRANSFER ranks first in the order of preference (REF-ACT-06), ahead of the eligible return to supplier.",
LF-10704,REF-ACT-01;REF-ACT-03;REF-ACT-04;REF-ACT-05,"With 30 days remaining (21+ required), LOC-13 stocks the SKU with higher 30-day sales (61 vs 12) and has cold_chain = Y as required for FOOD_CHILLED (REF-ACT-02, REF-CC-01); TRANSFER outranks the also-eligible RETURN TO SUPPLIER under REF-ACT-06.",
LF-11580,REF-ACT-02;REF-ACT-03;REF-ACT-04;REF-ACT-05,"No candidate location has higher units_sold_last_30d than this batch's 7, so TRANSFER fails REF-ACT-02; supplier_accepts_returns is N (REF-ACT-04); 40 days remaining is more than 30 so MARKDOWN is not covered (REF-ACT-03); and the batch is neither expired nor within 3-14 days for donation (REF-ACT-05). MONITOR applies as no other action is eligible.",
LF-10115,REF-ACT-04;REF-ACT-03;REF-ACT-05,"With 43 days remaining (over the 21-day minimum) and LOC-04 stocking the same SKU with higher 30-day sales and cold_chain = Y, TRANSFER is eligible and is first in the order of preference; return is barred (supplier_accepts_returns = N), markdown is not covered above 30 days, and disposal does not apply.",
LF-11793,REF-ACT-02;REF-ACT-03;REF-ACT-05;REF-ACT-01,"Supplier accepts returns and 39 days remain, meeting the 30-day minimum (REF-ACT-04); TRANSFER is not possible as there are no candidate targets (REF-ACT-02), markdown is not covered above 30 days (REF-ACT-03) and disposal does not apply (REF-ACT-05), so return ranks next under REF-ACT-06.",
LF-10414,REF-ACT-02;REF-ACT-03;REF-ACT-05;REF-ACT-01,"Supplier accepts returns and 55 days remain (≥30), so RETURN TO SUPPLIER is eligible (REF-ACT-04) at 80 percent credit for food (REF-SUP-01); TRANSFER is not possible as there are no candidate targets (REF-ACT-02), markdown needs 30 days or fewer (REF-ACT-03), and disposal does not apply (REF-ACT-05).",
LF-11204,REF-ACT-02;REF-ACT-04;REF-ACT-05,"Batch is in scope with 18 days to expiry and is FOOD_AMBIENT, so markdown of up to 30 percent applies (REF-ACT-03); TRANSFER needs 21+ days (REF-ACT-02), RETURN needs 30+ days (REF-ACT-04), and donation requires 3 to 14 days with no expiry yet (REF-ACT-05).",
LF-11420,REF-ACT-02;REF-ACT-03;REF-ACT-05;REF-ACT-01,"Supplier accepts returns and 59 days remain (≥30), so RETURN TO SUPPLIER is eligible (REF-ACT-04); TRANSFER fails because the only candidate LOC-16 sells fewer units (7 vs 12) (REF-ACT-02), MARKDOWN is not covered above 30 days (REF-ACT-03) and donation/destruction do not apply (REF-ACT-05).",
LF-10985,REF-ACT-03;REF-ACT-05;REF-ACT-01,"The batch is in scope with 55 days remaining (more than 21), and LOC-32 stocks the SKU with higher 30-day sales (6 vs 4) and has cold_chain = Y as required for FOOD_CHILLED; TRANSFER is the first preference where eligible. Markdown is not covered above 30 days and donation/destruction do not apply.",
LF-11698,REF-ACT-04;REF-ACT-03;REF-ACT-05,"With 58 days remaining (21 or more) the batch can transfer, and LOC-13 stocks the SKU with higher 30-day sales (30 vs 12's location); FOOD_AMBIENT may go to any location per REF-CC-02. Return is barred (supplier_accepts_returns = N), markdown needs 30 or fewer days, and disposal does not apply; TRANSFER ranks first under REF-ACT-06.",
LF-10570,REF-ACT-02;REF-ACT-04;REF-ACT-05;REF-ACT-01,"The batch is a food item in scope with 25 days remaining, so markdown of up to 30 percent applies (REF-ACT-03); transfer has no candidate targets, return needs 30 or more days, and disposal donation needs 3 to 14 days.",
LF-11068,REF-ACT-03;REF-ACT-05;REF-ACT-01,"LOC-13 stocks the SKU with higher 30-day sales (9 vs 8) and 54 days remain, exceeding the 21-day minimum (REF-ACT-02); FOOD_AMBIENT may move to any location (REF-CC-02), and TRANSFER ranks first in preference (REF-ACT-06). Markdown is not covered above 30 days (REF-ACT-03) and disposal does not apply (REF-ACT-05).",
LF-11389,REF-ACT-03;REF-ACT-05;REF-ACT-01,"The batch is in scope with 35 days remaining (≥21), and LOC-20 stocks the SKU with higher 30-day sales (6 vs 4); as FOOD_AMBIENT it may go to any location (REF-CC-02), and TRANSFER ranks first in the order of preference (REF-ACT-06).",
LF-11392,REF-ACT-02;REF-ACT-03;REF-ACT-05;REF-ACT-01,"Supplier accepts returns and 46 days remain (30 or more), so RETURN TO SUPPLIER is eligible (REF-ACT-04); TRANSFER fails for lack of any candidate target (REF-ACT-02), MARKDOWN is not covered above 30 days (REF-ACT-03), and DISPOSE does not apply (REF-ACT-05).",
LF-10101,REF-ACT-02;REF-ACT-03;REF-ACT-04;REF-ACT-05,"No transfer candidates exist, supplier_accepts_returns is N (REF-ACT-04), markdown is not covered with 52 days remaining (REF-ACT-03), and the batch is neither expired nor within 3-14 days for disposal (REF-ACT-05), so no other action is eligible and MONITOR applies (REF-ACT-01).",
LF-11903,REF-ACT-01;REF-ACT-03;REF-ACT-05,"The batch is in scope with 52 days remaining, so transfer is allowed (REF-ACT-02) and LOC-28 stocks the SKU with higher 30-day sales (14 vs 4); FOOD_AMBIENT may go to any location (REF-CC-02). Transfer outranks return to supplier under REF-ACT-06, and markdown is not covered above 30 days (REF-ACT-03).",
LF-10337,REF-ACT-04;REF-ACT-03;REF-ACT-05;REF-ACT-01,"With 34 days remaining (≥21) the batch can transfer to LOC-27, which stocks the SKU with higher 30-day sales (19 vs 7) and, as FOOD_AMBIENT, may go to any location (REF-CC-02); transfer is the first preference (REF-ACT-06). Returns are barred (supplier_accepts_returns = N), markdown needs 30 or fewer days remaining, and disposal donation needs 3-14 days.",
LF-10323,REF-ACT-02;REF-ACT-04;REF-ACT-03;REF-ACT-05,"No other action is eligible: the only transfer candidate LOC-17 sells 11 units vs this location's 12, so it is not higher (REF-ACT-02); supplier does not accept returns (REF-ACT-04); markdown is not covered with more than 30 days remaining (REF-ACT-03); and disposal does not apply as the batch is neither expired nor within 3-14 days (REF-ACT-05).",
LF-10606,REF-ACT-02;REF-ACT-03;REF-ACT-05;REF-ACT-01,"Supplier accepts returns and 39 days remain (≥30), so RETURN TO SUPPLIER is eligible (REF-ACT-04); TRANSFER fails because the only candidate LOC-37 has lower units_sold_last_30d (7 vs 9) per REF-ACT-02, and MARKDOWN is not covered above 30 days (REF-ACT-03).",
LF-10513,REF-ACT-02;REF-ACT-03;REF-ACT-05;REF-ACT-01,"Supplier accepts returns and 39 days remain, meeting the 30-day minimum (REF-ACT-04), with credit at 80 percent of unit cost for food (REF-SUP-01); TRANSFER is not eligible as there are no candidate targets (REF-ACT-02), MARKDOWN is not covered above 30 days remaining (REF-ACT-03) and DISPOSE does not apply (REF-ACT-05), so return ranks highest among eligible actions (REF-ACT-06).",
LF-10791,REF-ACT-02;REF-ACT-04;REF-ACT-05;REF-ACT-01,"Food batch with 4 days remaining and not expired qualifies for markdown up to 50 percent (REF-ACT-03); transfer needs 21+ days with no candidates and return needs 30+ days, and markdown outranks disposal/donation (REF-ACT-06).",
LF-11008,REF-ACT-03;REF-ACT-04;REF-ACT-05,"With 48 days remaining (>=21) LOC-23 stocks the SKU with higher 30-day sales (22 vs 16) and FOOD_AMBIENT may move to any location (REF-CC-02); markdown needs 30 or fewer days, returns are not accepted, and disposal does not apply, so TRANSFER is first preference.",
LF-11430,REF-ACT-02;REF-ACT-03;REF-ACT-05;REF-ACT-01,"Supplier accepts returns and 59 days remain, satisfying REF-ACT-04; transfer is not possible as there are no candidate targets, and markdown (more than 30 days remain) and disposal are not available, so return ranks highest under REF-ACT-06.",
LF-11387,REF-ACT-02;REF-ACT-04;REF-ACT-05,"This FOOD_CHILLED batch has 17 days to expiry, so markdown of up to 30 percent applies (REF-ACT-03); transfer is barred (under 21 days and no candidate targets), return needs 30+ days, and donation/destruction do not apply at 17 days.",
LF-11648,REF-ACT-02;REF-ACT-03;REF-ACT-05;REF-ACT-01,"No transfer candidate has higher units_sold_last_30d than the current location's 25, so TRANSFER fails REF-ACT-02; with supplier_accepts_returns = Y and 55 days remaining, RETURN TO SUPPLIER is eligible under REF-ACT-04 and ranks above MARKDOWN (not covered above 30 days, REF-ACT-03) and DISPOSE in REF-ACT-06.",
LF-11651,REF-ACT-02;REF-ACT-04;REF-ACT-05;REF-ACT-01,"The batch is a food item in scope with 1 day remaining and not expired, so markdown up to 50 percent applies (REF-ACT-03); transfer (no candidates and under 21 days), return (under 30 days) and donation (needs 3-14 days) are not eligible.",
LF-10814,REF-ACT-02;REF-ACT-03;REF-ACT-05,"Supplier accepts returns and 44 days remain, so RETURN TO SUPPLIER is allowed (REF-ACT-04) at 80 percent credit for food (REF-SUP-01); TRANSFER fails because the only candidate LOC-25 sells 6 units versus 10 here (REF-ACT-02), and MARKDOWN is not covered with more than 30 days remaining (REF-ACT-03).",
LF-10316,REF-ACT-02;REF-ACT-03;REF-ACT-04;REF-ACT-05,"No transfer candidates exist (REF-ACT-02), supplier does not accept returns (REF-ACT-04), 50 days remaining is beyond markdown coverage (REF-ACT-03) and outside the donation window with the batch not expired (REF-ACT-05), so no other action is eligible and MONITOR applies under REF-ACT-01.",
LF-10682,REF-ACT-02;REF-ACT-03;REF-ACT-05,"Supplier accepts returns and 51 days remain, meeting REF-ACT-04; TRANSFER is not eligible as there are no candidate targets, and MARKDOWN/DISPOSE do not apply with more than 30 days remaining.",
LF-10966,REF-ACT-04;REF-ACT-03;REF-ACT-05;REF-ACT-01,"With 36 days remaining (more than 21) and unsold share above 0.10, transfer is eligible to LOC-14, which stocks the SKU with higher 30-day sales (88 vs 12) and is cold_chain = Y as required for FOOD_CHILLED (REF-ACT-02, REF-CC-01); returns are barred (supplier_accepts_returns = N), markdown does not cover more than 30 days remaining, and disposal does not apply, so transfer is first in preference order (REF-ACT-06).",
LF-11299,REF-ACT-03;REF-ACT-05;REF-ACT-01,"In scope with 50 days to expiry (>=21), and LOC-32 stocks the SKU with higher 30-day sales (12 vs 10) and is cold-chain capable, so TRANSFER is eligible and ranks first in preference order; MARKDOWN does not apply above 30 days and DISPOSE does not apply (not expired, not 3-14 days).",
LF-10201,REF-ACT-02;REF-ACT-03;REF-ACT-04;REF-ACT-05,"No other action is eligible: there are no candidate transfer targets (REF-ACT-02), the supplier does not accept returns (REF-ACT-04), markdown is not covered with 48 days remaining (REF-ACT-03), and disposal does not apply to unexpired stock with more than 14 days left (REF-ACT-05), so MONITOR applies under REF-ACT-01.",
LF-10315,REF-ACT-02;REF-ACT-03;REF-ACT-04;REF-ACT-05,"No transfer candidates exist (REF-ACT-02), supplier does not accept returns (REF-ACT-04), 36 days remaining is outside the markdown window (REF-ACT-03) and the batch is neither expired nor within the 3-14 day donation window (REF-ACT-05), so no other action is eligible and MONITOR applies under REF-ACT-01.",
LF-10305,REF-ACT-02;REF-ACT-03;REF-ACT-05;REF-ACT-01,"Supplier accepts returns and 48 days remain, meeting the 30-day minimum (REF-ACT-04), with credit at 80 percent of unit cost for food (REF-SUP-01); TRANSFER is not eligible as there are no candidate targets (REF-ACT-02), markdown is not covered above 30 days (REF-ACT-03) and disposal does not apply (REF-ACT-05).",
LF-10549,REF-ACT-04;REF-ACT-03;REF-ACT-05;REF-ACT-01,"LOC-37 already stocks the SKU with higher 30-day sales (29 vs 7) and 59 days remain, satisfying REF-ACT-02; FOOD_AMBIENT may transfer to any location (REF-CC-02), and TRANSFER ranks first in preference (REF-ACT-06). Return is barred (supplier_accepts_returns = N), markdown does not apply above 30 days, and disposal/donation windows do not apply.",
LF-11562,REF-ACT-04;REF-ACT-03;REF-ACT-05;REF-ACT-01,"LOC-03 stocks the SKU with higher 30-day sales (7 vs 3), is cold_chain = Y as required for FOOD_CHILLED (REF-CC-01), and 55 days remain, exceeding the 21-day minimum (REF-ACT-02); TRANSFER outranks the otherwise-eligible RETURN TO SUPPLIER and MARKDOWN-ineligible options (REF-ACT-06).",
LF-10129,REF-ACT-04;REF-ACT-03;REF-ACT-05,"With 43 days remaining (>=21) the batch can be transferred to LOC-10, which stocks the SKU with higher 30-day sales (23 vs 4) and has cold_chain = Y as required for FOOD_CHILLED (REF-ACT-02, REF-CC-01); return is barred as the supplier does not accept returns (REF-ACT-04), markdown is not covered above 30 days (REF-ACT-03), and disposal does not apply (REF-ACT-05), so TRANSFER is first in preference (REF-ACT-06).",
LF-10641,REF-ACT-02;REF-ACT-03;REF-ACT-05,"Supplier accepts returns and 35 days remain, satisfying REF-ACT-04; transfer fails because the only candidate LOC-22 sells fewer units (2) than the current location (9) per REF-ACT-02, and markdown is not covered above 30 days (REF-ACT-03), while disposal does not apply (REF-ACT-05).",
LF-11187,REF-ACT-04;REF-ACT-03;REF-ACT-05;REF-ACT-01,"With 22 days remaining (≥21) the batch can transfer to LOC-18, which stocks the SKU with higher 30-day sales (24 vs 5) and is cold_chain = Y as required for FOOD_CHILLED; return to supplier needs 30+ days and markdown ranks below transfer in the order of preference.",
LF-11626,REF-ACT-01;REF-ACT-03;REF-ACT-05,"LOC-08 stocks the SKU with higher 30-day sales (11 vs 8) and 57 days remain, satisfying REF-ACT-02; FOOD_AMBIENT may move to any location (REF-CC-02), and TRANSFER ranks first in preference (REF-ACT-06) over the otherwise eligible return to supplier.",
LF-11135,REF-ACT-03;REF-ACT-05;REF-ACT-01,"The batch is in scope with 56 days remaining (well over the 21-day transit minimum) and LOC-32 stocks the SKU with higher 30-day sales (12) and has cold_chain = Y as required for FOOD_CHILLED; TRANSFER is the first-preference action (REF-ACT-06), ahead of RETURN TO SUPPLIER, while MARKDOWN (over 30 days remaining) and DISPOSE (not 3-14 days or expired) are not eligible.",
LF-10080,REF-ACT-02;REF-ACT-03;REF-ACT-05;REF-ACT-01,"No candidate transfer targets exist, so TRANSFER is not eligible; the supplier accepts returns and 59 days remain (30 or more), so RETURN TO SUPPLIER is allowed and ranks ahead of MARKDOWN (not covered above 30 days) and DISPOSE.",
LF-11193,REF-ACT-04;REF-ACT-03;REF-ACT-05;REF-ACT-01,"With 50 days remaining (>=21) the batch can be transferred to a location stocking the SKU with higher 30-day sales, and LOC-01 is cold_chain = Y as required for FOOD_CHILLED (REF-ACT-02, REF-CC-01); return is barred (supplier_accepts_returns = N, REF-ACT-04), markdown is not covered above 30 days (REF-ACT-03) and disposal does not apply (REF-ACT-05), so TRANSFER is the preferred eligible action (REF-ACT-06).",
LF-10769,REF-ACT-02;REF-ACT-04;REF-ACT-05;REF-CC-01,"Unsold share is 0.0957, below 0.10, so MONITOR applies under REF-ACT-01; the only transfer candidate LOC-32 sells fewer units (14 vs 29) so TRANSFER fails REF-ACT-02, returns are not accepted (REF-ACT-04), and the batch is neither expired nor within the 3-14 day donation window (REF-ACT-05).",
LF-10803,REF-ACT-02;REF-ACT-04;REF-ACT-05;REF-ACT-01,"Food batch in scope with 11 days remaining and not expired, so markdown up to 50 percent applies (REF-ACT-03); transfer needs 21+ days (REF-ACT-02), supplier does not accept returns (REF-ACT-04), and donation requires food with 3-14 days but markdown ranks higher in preference order (REF-ACT-06).",
LF-11776,REF-ACT-03;REF-ACT-05;REF-ACT-01,"With 55 days remaining (≥21) the batch can be transferred, and LOC-29 stocks the SKU with higher 30-day sales (82 vs 17); FOOD_AMBIENT may go to any location (REF-CC-02). TRANSFER outranks RETURN TO SUPPLIER under REF-ACT-06, and markdown/disposal do not apply at 55 days.",
LF-11449,REF-ACT-02;REF-ACT-03;REF-ACT-05,"Supplier accepts returns and 53 days remain, satisfying REF-ACT-04; transfer is impossible with no candidate locations, markdown is not covered above 30 days, and disposal does not apply, so return ranks first among eligible actions (REF-ACT-06).",
LF-11269,REF-ACT-02;REF-ACT-04;REF-ACT-05,"Unsold share of 0.0609 is below 0.10, so MONITOR applies under REF-ACT-01; transfer has no candidate locations (REF-ACT-02), return needs 30+ days but only 24 remain (REF-ACT-04), and disposal donation requires 3-14 days remaining (REF-ACT-05).",
LF-11519,REF-ACT-03;REF-ACT-05;REF-ACT-01,"LOC-31 already stocks the SKU with higher 30-day sales (7 vs 5), is cold_chain = Y as required for FOOD_CHILLED (REF-CC-01), and 43 days remain, exceeding the 21-day minimum (REF-ACT-02); TRANSFER ranks first in the order of preference (REF-ACT-06) ahead of the also-eligible RETURN TO SUPPLIER.",
LF-11478,REF-ACT-03;REF-HC-01;REF-ACT-05;REF-HC-04;REF-ACT-01,"LOC-32 already stocks the SKU with higher 30-day sales (9 vs 4), is healthcare_licensed = Y, and 42 days remain (>=21), so TRANSFER is eligible and is first in the order of preference ahead of RETURN TO SUPPLIER.",
LF-10116,REF-ACT-03;REF-ACT-05,"LOC-25 already stocks the SKU with higher 30-day sales (9 vs 2), is cold_chain = Y as required for FOOD_CHILLED, and 45 days remain (≥21), so TRANSFER is eligible and is the first preference over RETURN TO SUPPLIER; MARKDOWN is not covered above 30 days and DISPOSE does not apply.",
LF-11780,REF-ACT-04;REF-ACT-03;REF-ACT-05;REF-ACT-01,"LOC-06 stocks the SKU with higher 30-day sales (18 vs 17), is cold_chain = Y as required for FOOD_CHILLED, and 36 days remain (21+), so TRANSFER is eligible and is first in the order of preference; returns are barred (supplier_accepts_returns = N) and markdown is not covered above 30 days.",
LF-10642,REF-ACT-02;REF-ACT-03;REF-ACT-05;REF-ACT-01,"Supplier accepts returns and 31 days remain, meeting the 30-day threshold (REF-ACT-04), with credit at 80 percent of unit cost for food (REF-SUP-01); TRANSFER is not eligible as there are no candidate targets (REF-ACT-02), MARKDOWN is not covered above 30 days (REF-ACT-03), and DISPOSE does not apply (REF-ACT-05).",
LF-10841,REF-ACT-02;REF-ACT-03;REF-ACT-05;REF-ACT-01,"Supplier accepts returns and 46 days remain, which meets the 30-day minimum (REF-ACT-04), with credit at 80 percent of unit cost for food (REF-SUP-01). TRANSFER, the higher preference, is not eligible because there are no candidate targets (REF-ACT-02), markdown is not covered beyond 30 days (REF-ACT-03), and disposal does not apply (REF-ACT-05).",
LF-10735,REF-ACT-02;REF-ACT-03;REF-HC-01;REF-ACT-05;REF-HC-04,"The batch's unsold share of 0.0167 is below 0.10, which REF-ACT-01 names as a MONITOR reason; no transfer candidates exist and healthcare stock cannot be marked down or donated.",
LF-11599,REF-ACT-04;REF-ACT-03;REF-ACT-05,"With 35 days remaining (≥21) the batch can be transferred to a location already stocking the SKU with higher 30-day sales, and FOOD_AMBIENT stock may go to any location (REF-ACT-02, REF-CC-02); LOC-06 has the highest sales at 72 units. Returns are not possible (supplier_accepts_returns = N, REF-ACT-04), markdown is not covered above 30 days (REF-ACT-03) and donation/destruction do not apply (REF-ACT-05), and TRANSFER ranks first anyway (REF-ACT-06).",
LF-10355,REF-ACT-03;REF-ACT-05;REF-ACT-01,"LOC-36 already stocks the SKU with higher 30-day sales (9 vs 5), has cold_chain = Y as required for FOOD_CHILLED, and 59 days remain (≥21), so TRANSFER is eligible and is first in the order of preference over RETURN TO SUPPLIER.",
LF-11332,REF-ACT-02;REF-ACT-03;REF-ACT-05;REF-ACT-01,"Supplier accepts returns and 50 days remain, satisfying REF-ACT-04; the only transfer candidate LOC-24 sells fewer units (11 vs 14) so TRANSFER fails REF-ACT-02, markdown is not covered above 30 days (REF-ACT-03) and disposal does not apply (REF-ACT-05).",
LF-11021,REF-ACT-04;REF-ACT-03;REF-ACT-05,"LOC-09 stocks the SKU with higher 30-day sales (12 vs 7) and 35 days remain, satisfying REF-ACT-02; FOOD_AMBIENT may move to any location (REF-CC-02). Return is barred (supplier_accepts_returns = N, REF-ACT-04), markdown needs 30 or fewer days (REF-ACT-03), and disposal does not apply (REF-ACT-05), so TRANSFER is first in preference (REF-ACT-06).",
LF-10607,REF-ACT-04;REF-ACT-03;REF-ACT-05;REF-ACT-01,"LOC-10 stocks the SKU with higher 30-day sales (21 vs 2), is cold_chain = Y as required for FOOD_CHILLED (REF-CC-01), and 53 days remain, exceeding the 21-day minimum (REF-ACT-02); TRANSFER is first in the order of preference (REF-ACT-06), while returns are barred (supplier_accepts_returns = N, REF-ACT-04), markdown needs 30 days or fewer (REF-ACT-03), and disposal does not apply (REF-ACT-05).",
LF-10546,REF-ACT-02;REF-ACT-03;REF-ACT-05;REF-ACT-01,"Supplier accepts returns and 54 days remain, satisfying REF-ACT-04; TRANSFER fails because the only candidate LOC-32 sells fewer units (4) than LOC-34 (9), MARKDOWN is not covered above 30 days, and DISPOSE does not apply.",
LF-10104,REF-ACT-02;REF-ACT-03;REF-ACT-04;REF-ACT-05,"The batch's unsold share of 0.0073 is below 0.10, so MONITOR applies under REF-ACT-01; no transfer candidate has higher units_sold_last_30d than the 92 at LOC-34 (REF-ACT-02), the supplier does not accept returns (REF-ACT-04), 56 days remain so markdown is not covered (REF-ACT-03), and donation/destruction do not apply (REF-ACT-05).",
LF-10205,REF-ACT-02;REF-ACT-03;REF-ACT-05,"Supplier accepts returns and 56 days remain, satisfying REF-ACT-04; TRANSFER fails because the only candidate LOC-02 sells fewer units (1 vs 5) than the current location (REF-ACT-02), MARKDOWN is not covered above 30 days remaining (REF-ACT-03), and donation/destruction do not apply (REF-ACT-05).",
LF-11069,REF-ACT-02;REF-ACT-03;REF-ACT-04;REF-ACT-05,"Unsold share is 0.0727, below 0.10, so MONITOR applies under REF-ACT-01; no candidate location has higher units_sold_last_30d than this location (12), so TRANSFER fails REF-ACT-02, MARKDOWN is not covered with 51 days remaining (REF-ACT-03), and DISPOSE does not apply (REF-ACT-05).",
LF-11687,REF-ACT-02;REF-ACT-03;REF-ACT-04;REF-ACT-05,"Unsold share is 0.0, below 0.10, so MONITOR applies under REF-ACT-01; transfer fails because the only candidate LOC-07 has lower units_sold_last_30d (13 vs 40) (REF-ACT-02), supplier does not accept returns (REF-ACT-04), markdown is not covered with more than 30 days remaining (REF-ACT-03), and disposal criteria are not met (REF-ACT-05).",
LF-10328,REF-ACT-02;REF-ACT-03;REF-ACT-04;REF-ACT-05,"The batch is in scope but its unsold share is 0.0, below the 0.10 threshold, so MONITOR applies under REF-ACT-01; sales fully cover the stock before expiry, so no transfer, return, markdown or disposal is warranted (donation also requires 3-14 days remaining, and 30 days remain).",
LF-11435,REF-ACT-02;REF-ACT-03;REF-ACT-05,"Unsold share is 0.0, below the 0.10 threshold, so MONITOR applies under REF-ACT-01; no transfer candidate has higher units_sold_last_30d than this location (REF-ACT-02), markdown needs 30 days or fewer remaining (REF-ACT-03), and disposal criteria are not met (REF-ACT-05).",
LF-10857,REF-ACT-02;REF-ACT-03;REF-ACT-05,"Unsold share is 0.0, below the 0.10 threshold, so MONITOR applies with re-check in 7 days (REF-ACT-01). TRANSFER fails because the only candidate LOC-18 has lower units_sold_last_30d (REF-ACT-02), MARKDOWN is not covered with 47 days remaining (REF-ACT-03), and DISPOSE does not apply (REF-ACT-05).",
LF-10292,REF-ACT-02;REF-CC-01;REF-ACT-03;REF-ACT-05,"Unsold share is 0.0, below the 0.10 threshold, so MONITOR applies under REF-ACT-01; no candidate location has higher units_sold_last_30d than this location's 16, so TRANSFER is not eligible, and with 58 days remaining MARKDOWN and DISPOSE are not covered.",
LF-11552,REF-ACT-02;REF-ACT-03;REF-ACT-04;REF-ACT-05,"Unsold share is 0.0, below the 0.10 threshold, so MONITOR applies under REF-ACT-01; TRANSFER fails because LOC-38's units_sold_last_30d (16) is not higher than this location's (REF-ACT-02), returns are not accepted (REF-ACT-04), markdown is not covered with 45 days remaining (REF-ACT-03), and disposal criteria are not met (REF-ACT-05).",
LF-11851,REF-ACT-02;REF-ACT-03;REF-ACT-05,"The batch's unsold share is 0.0, below the 0.10 threshold, so MONITOR applies under REF-ACT-01; no transfer candidates exist (REF-ACT-02) and markdown is not covered with 52 days remaining (REF-ACT-03), nor is disposal (REF-ACT-05).",
LF-10139,REF-ACT-02;REF-ACT-04;REF-ACT-03;REF-ACT-05,"Unsold share is 0.0, below 0.10, so MONITOR applies under REF-ACT-01; the only transfer candidate LOC-31 sells fewer units (6 vs 79) so TRANSFER fails REF-ACT-02, and markdown/disposal/return are not preferred given the stock is fully selling through.",
LF-10347,REF-ACT-02;REF-ACT-04;REF-ACT-03;REF-ACT-05,"Unsold share is 0.0, below 0.10, so MONITOR applies under REF-ACT-01; transfer fails because the only candidate LOC-28 sells 7 units versus 12 here (REF-ACT-02), returns are barred as supplier_accepts_returns is N (REF-ACT-04), markdown is not covered with 58 days remaining (REF-ACT-03), and disposal does not apply (REF-ACT-05).",
LF-10944,REF-ACT-02;REF-ACT-03;REF-ACT-04;REF-ACT-05,"Unsold share is 0.0, below the 0.10 threshold, so MONITOR applies under REF-ACT-01; the only transfer candidate LOC-10 sells fewer units (4 vs 10) so fails REF-ACT-02, markdown is not covered with 43 days remaining (REF-ACT-03), and disposal does not apply (REF-ACT-05).",
LF-11044,REF-ACT-02;REF-ACT-03;REF-ACT-05,"Unsold share is 0.0, below the 0.10 threshold, so MONITOR applies under REF-ACT-01; the only transfer candidate LOC-18 sells less of the SKU (5 vs 30) so TRANSFER fails REF-ACT-02, and with 43 days remaining MARKDOWN (REF-ACT-03) and DISPOSE (REF-ACT-05) are not available.",
LF-10839,REF-ACT-02;REF-ACT-03;REF-ACT-05,"Unsold share is 0.0, below the 0.10 threshold, so MONITOR applies under REF-ACT-01 with a re-check in 7 days; TRANSFER has no candidate targets and MARKDOWN is not covered with more than 30 days remaining.",
LF-11652,REF-ACT-02;REF-ACT-03;REF-ACT-04;REF-ACT-05,"Unsold share is 0.0, below 0.10, so MONITOR applies under REF-ACT-01; the only transfer candidate LOC-13 sells fewer units (2 vs 16) so TRANSFER fails REF-ACT-02, markdown is not covered with 53 days remaining (REF-ACT-03), return needs no action here as transfer preference aside it is only an alternative, and disposal does not apply (REF-ACT-05).",
LF-11739,REF-ACT-02;REF-ACT-03;REF-ACT-04;REF-ACT-05,"Unsold share is 0.0, below 0.10, so MONITOR applies under REF-ACT-01; no candidate location has higher units_sold_last_30d than this location (REF-ACT-02), markdown is not covered with 50 days remaining (REF-ACT-03), and disposal criteria are not met (REF-ACT-05).",
LF-10235,REF-ACT-02;REF-ACT-03;REF-ACT-04;REF-ACT-05,"Unsold share is 0.0, below the 0.10 threshold, so MONITOR applies under REF-ACT-01; no transfer candidate has higher units_sold_last_30d than LOC-18 (REF-ACT-02), markdown is not covered at 42 days remaining (REF-ACT-03), and disposal criteria are not met (REF-ACT-05).",
LF-10922,REF-ACT-03;REF-ACT-05,"Unsold share is 0.0, below the 0.10 threshold, so MONITOR applies under REF-ACT-01 with a re-check in 7 days. MARKDOWN is not covered at 40 days remaining (REF-ACT-03) and DISPOSE does not apply as the batch is neither expired nor within 3-14 days (REF-ACT-05).",
LF-11316,REF-ACT-02;REF-ACT-04;REF-ACT-03;REF-ACT-05,"The batch is in scope but its unsold share is 0.0, below 0.10, so MONITOR applies (REF-ACT-01); no transfer candidates exist, markdown does not cover 54 days remaining, and disposal/return conditions are not the preferred fit.",
LF-10486,REF-ACT-02;REF-ACT-04;REF-ACT-03;REF-ACT-05,"The batch is in scope but its unsold share is 0.0, below the 0.10 threshold, so MONITOR applies (REF-ACT-01); no transfer candidates exist, markdown does not cover 58 days remaining, return would otherwise be possible but monitor applies on unsold share, and disposal does not apply to unexpired food with 58 days left.",
LF-10856,REF-ACT-02;REF-ACT-04;REF-ACT-03;REF-ACT-05,"Unsold share is 0.0, below 0.10, so MONITOR applies under REF-ACT-01; transfer fails because the only candidate LOC-25 has lower units_sold_last_30d (REF-ACT-02), returns are not accepted (REF-ACT-04), markdown is not covered at 43 days remaining (REF-ACT-03), and disposal does not apply (REF-ACT-05).",
LF-11579,REF-ACT-02;REF-ACT-03;REF-ACT-04;REF-ACT-05,"Unsold share is 0.0, below the 0.10 threshold, so MONITOR applies under REF-ACT-01; the only transfer candidate LOC-27 sells fewer units (13 vs 19) so TRANSFER fails REF-ACT-02, and markdown/dispose are not covered at 49 days remaining.",
LF-10191,REF-ACT-02;REF-ACT-03;REF-ACT-04;REF-ACT-05,"Unsold share is 0.0, below 0.10, so MONITOR applies under REF-ACT-01. No transfer candidate has higher units_sold_last_30d than this location (REF-ACT-02), supplier does not accept returns (REF-ACT-04), markdown is not covered with 35 days remaining (REF-ACT-03), and disposal/donation windows do not apply (REF-ACT-05).",
LF-11470,REF-ACT-02;REF-ACT-03;REF-ACT-04;REF-ACT-05;REF-HC-01;REF-HC-04,"The batch's unsold share is 0.0, below the 0.10 threshold, so MONITOR applies under REF-ACT-01 and the batch is re-checked in 7 days; markdown/donation are barred for healthcare (REF-HC-01) and no escalation case arises (REF-HC-04, 54 days remain).",
LF-10640,REF-ACT-02;REF-ACT-03;REF-ACT-05,"Unsold share is 0.0, below the 0.10 threshold, so MONITOR applies under REF-ACT-01; no transfer target sells more than this location's 11 units (REF-ACT-02), markdown is not covered at 33 days remaining (REF-ACT-03), and disposal criteria are not met (REF-ACT-05).",
LF-10446,REF-ACT-02;REF-ACT-03;REF-ACT-05,"The batch's unsold share is 0.0, below the 0.10 threshold, so MONITOR applies under REF-ACT-01; no transfer candidates exist (REF-ACT-02), markdown is not covered with 51 days remaining (REF-ACT-03), and disposal criteria are not met (REF-ACT-05).",
LF-10744,REF-ACT-02;REF-ACT-03;REF-ACT-04;REF-ACT-05,"The batch's unsold share is 0.0, below the 0.10 threshold, so MONITOR applies under REF-ACT-01; separately, return is barred (supplier_accepts_returns = N, REF-ACT-04), markdown is not covered with 55 days remaining (REF-ACT-03), and disposal does not apply (REF-ACT-05).",
LF-11194,REF-ACT-02;REF-CC-01;REF-ACT-03;REF-ACT-05,"The batch's unsold share is 0.0, below 0.10, so MONITOR applies under REF-ACT-01; transfer is also ineligible because the only candidate (LOC-10) sells fewer units (5) than the holding location (18), and markdown is not covered with 49 days remaining.",
LF-10322,REF-ACT-02;REF-ACT-03;REF-ACT-05,"Unsold share is 0.0, below 0.10, so MONITOR applies under REF-ACT-01; transfer fails because the only candidate LOC-33 sells fewer units (23 vs 31) (REF-ACT-02), markdown is not covered with 46 days remaining (REF-ACT-03), and disposal does not apply to unexpired food with more than 14 days left (REF-ACT-05).",
LF-10650,REF-ACT-02;REF-ACT-03;REF-ACT-04;REF-ACT-05,"Unsold share is 0.0, below the 0.10 threshold, so MONITOR applies and the batch is re-checked in 7 days (REF-ACT-01). Markdown is not covered with 45 days remaining (REF-ACT-03) and disposal/donation windows do not apply (REF-ACT-05); no other action is needed as the stock is selling through.",
LF-11174,REF-ACT-02;REF-ACT-03;REF-ACT-04;REF-ACT-05,"Unsold share is 0.0, below 0.10, so MONITOR applies (REF-ACT-01); no transfer candidate has higher units_sold_last_30d than this location's 31 (REF-ACT-02), supplier does not accept returns (REF-ACT-04), 53 days remain so markdown is not covered (REF-ACT-03), and donation/destruction windows do not apply (REF-ACT-05).",
LF-10455,REF-ACT-02;REF-ACT-03;REF-ACT-04;REF-ACT-05,"Unsold share is 0.0, below 0.10, so MONITOR applies under REF-ACT-01; no transfer candidates exist, returns are not accepted, 45 days remaining is beyond markdown range, and the batch is neither expired nor within donation window.",
LF-11629,REF-ACT-02;REF-ACT-03;REF-ACT-04;REF-ACT-05,"Unsold share is 0.0, below the 0.10 threshold, so MONITOR applies under REF-ACT-01; no transfer candidates exist (REF-ACT-02), markdown is not covered beyond 30 days remaining (REF-ACT-03), and disposal donation/destruction criteria are not met at 53 days (REF-ACT-05).",
LF-11450,REF-ACT-02;REF-ACT-03;REF-HC-01;REF-ACT-05;REF-HC-04,"Unsold share is 0.0, below the 0.10 threshold, so MONITOR applies under REF-ACT-01 (re-check in 7 days). Transfer is not possible as there are no candidate targets, and markdown/donation are barred for healthcare.",
LF-11171,REF-ACT-02;REF-ACT-03;REF-ACT-04;REF-ACT-05,"Unsold share is 0.0, below the 0.10 threshold, so MONITOR applies (REF-ACT-01); markdown is not covered at 45 days remaining (REF-ACT-03), returns are not accepted by the supplier (REF-ACT-04), and disposal criteria are not met (REF-ACT-05).",
