batch_id,sku,category_label,location_id,units_on_hand,received_date,expiry_date,units_sold_last_30d,last_counted_date
LF-11534,SKU-0965,FOOD,LOC-15,10,2025-09-19,2027-04-06,5,2026-09-16
LF-11152,SKU-0690,FOOD,LOC-18,56,2025-11-14,2027-04-26,43,2026-09-20
LF-11117,SKU-0199,FOOD,LOC-24,24,2025-09-24,2027-03-07,5,2026-09-18
LF-11225,SKU-0193,FOOD,LOC-16,12,2026-08-26,2026-12-23,5,2026-09-07
LF-11160,SKU-0494,FOOD,LOC-29,26,2026-06-09,2027-03-09,11,2026-09-07
LF-11283,SKU-0986,FOOD,LOC-26,34,2025-06-29,2027-02-13,6,2026-09-08
LF-10204,SKU-0008,FOOD,LOC-35,77,2025-09-25,2027-04-22,12,2026-09-10
LF-10397,SKU-0518,FOOD,LOC-27,25,2025-10-24,2027-03-08,28,2026-09-21
LF-11585,SKU-0732,HEALTHCARE,LOC-37,19,2025-01-06,2027-07-12,3,2026-09-20
LF-10512,SKU-0865,FOOD,LOC-01,85,2026-08-26,2027-08-06,16,2026-09-08
LF-10555,SKU-0351,HEALTHCARE,LOC-25,32,2024-11-27,2027-09-29,20,2026-09-09
LF-10904,SKU-0082,FOOD,LOC-13,51,2025-03-18,2026-11-02,10,2026-09-18
LF-11923,SKU-0535,HEALTHCARE,LOC-10,36,2025-04-09,2027-01-23,32,2026-09-21
LF-10943,SKU-0524,FOOD,LOC-15,47,2025-04-20,2027-03-15,15,2026-09-21
LF-11253,SKU-0151,FOOD,LOC-13,13,2025-03-26,2027-02-07,3,2026-09-07
LF-10124,SKU-0888,HEALTHCARE,LOC-20,28,2025-10-07,2027-01-02,13,2026-09-21
LF-11566,SKU-0962,FOOD,LOC-27,50,2025-10-30,2026-12-07,23,2026-09-17
LF-10357,SKU-0331,FOOD,LOC-14,15,2026-08-22,2026-12-19,5,2026-09-09
LF-11601,SKU-0234,FOOD,LOC-22,28,2026-08-12,2026-12-29,13,2026-09-08
LF-11348,SKU-0998,HEALTHCARE,LOC-34,82,2024-02-10,2026-12-07,28,2026-09-19
LF-11141,SKU-0911,HEALTHCARE,LOC-06,114,2025-12-29,2027-05-08,101,2026-09-14
LF-11535,SKU-0411,FOOD,LOC-06,11,2026-06-17,2027-02-28,4,2026-09-10
LF-11589,SKU-0263,HEALTHCARE,LOC-25,22,2025-04-22,2027-08-14,5,2026-09-07
LF-10976,SKU-0015,FOOD,LOC-17,98,2026-08-10,2027-09-27,16,2026-09-10
LF-10652,SKU-0025,HEALTHCARE,LOC-20,51,2025-01-04,2027-02-13,8,2026-09-13
LF-10517,SKU-0859,FOOD,LOC-26,96,2025-12-20,2027-10-01,16,2026-09-14
LF-10274,SKU-0483,FOOD,LOC-31,33,2026-08-20,2026-10-05,7,2026-09-07
LF-11288,SKU-0625,FOOD,LOC-15,20,2026-09-20,2026-11-21,5,2026-09-12
LF-10878,SKU-0195,FOOD,LOC-09,12,2026-03-24,2027-04-03,3,2026-09-12
LF-11287,SKU-1034,FOOD,LOC-21,14,2026-06-30,2027-04-22,2,2026-09-17
LF-10166,SKU-0054,HEALTHCARE,LOC-35,7,2024-12-02,2027-10-06,3,2026-09-21
LF-11138,SKU-0188,FOOD,LOC-01,43,2025-09-06,2027-01-24,49,2026-09-10
LF-11402,SKU-0033,FOOD,LOC-17,7,2026-02-10,2027-01-01,4,2026-09-19
LF-10502,SKU-0032,FOOD,LOC-02,30,2026-06-30,2026-11-26,9,2026-09-10
LF-10286,SKU-0385,FOOD,LOC-17,15,2026-09-13,2027-05-10,4,2026-09-11
LF-11282,SKU-0691,FOOD,LOC-24,35,2026-07-18,2027-02-11,9,2026-09-13
LF-11682,SKU-0073,FOOD,LOC-38,14,2026-03-17,2026-12-08,3,2026-09-14
LF-11503,SKU-0387,HEALTHCARE,LOC-22,19,2024-07-11,2027-06-30,4,2026-09-16
LF-11706,SKU-1048,HEALTHCARE,LOC-37,20,2025-11-06,2027-09-16,3,2026-09-08
LF-11765,SKU-0028,FOOD,LOC-22,48,2026-06-10,2027-03-16,9,2026-09-10
LF-70009,SKU-1099,HEALTHCARE,LOC-13,200,2024-09-18,2026-09-18,20,2026-09-16
LF-11937,SKU-0487,FOOD,LOC-33,22,2024-11-11,2026-10-19,16,2026-09-09
LF-11051,SKU-0664,FOOD,LOC-18,10,2026-09-14,2027-01-11,2,2026-09-07
LF-10895,SKU-1036,HEALTHCARE,LOC-09,7,2024-11-27,2027-04-25,1,2026-09-19
LF-11810,SKU-0013,FOOD,LOC-01,21,2026-07-09,2026-11-18,20,2026-09-15
LF-10871,SKU-0259,HEALTHCARE,LOC-36,16,2025-05-27,2027-04-02,8,2026-09-19
LF-11432,SKU-0207,HEALTHCARE,LOC-07,26,2024-04-23,2026-12-14,15,2026-09-16
LF-10162,SKU-0817,FOOD,LOC-20,75,2025-10-14,2027-01-15,40,2026-09-18
LF-11517,SKU-0694,FOOD,LOC-32,6,2026-09-17,2027-01-26,4,2026-09-20
LF-11414,SKU-0614,FOOD,LOC-37,51,2026-06-04,2027-01-16,12,2026-09-20
LF-10641,SKU-0779,FOOD,LOC-14,29,2026-08-05,2026-10-26,9,2026-09-14
LF-10417,SKU-0275,HEALTHCARE,LOC-29,42,2026-03-23,2027-07-11,7,2026-09-15
LF-70006,SKU-1096,FOOD,LOC-20,300,2026-06-17,2026-10-15,30,2026-09-11
LF-10764,SKU-0297,FOOD,LOC-13,20,2025-06-17,2027-01-12,16,2026-09-09
LF-10697,SKU-0220,FOOD,LOC-01,28,2026-08-31,2027-07-21,21,2026-09-08
LF-10438,SKU-0440,FOOD,LOC-07,24,2026-08-31,2027-01-02,4,2026-09-10
LF-11067,SKU-0318,FOOD,LOC-26,51,2025-12-16,2027-01-25,16,2026-09-21
LF-10186,SKU-0745,HEALTHCARE,LOC-25,12,2025-05-05,2026-10-07,7,2026-09-12
LF-10525,SKU-1070,FOOD,LOC-19,12,2025-05-30,2027-01-18,10,2026-09-12
LF-11462,SKU-0429,FOOD,LOC-18,52,2025-11-10,2027-05-11,19,2026-09-16
LF-10037,SKU-0078,FOOD,LOC-18,60,2026-08-08,2026-10-19,25,2026-09-19
LF-11424,SKU-0254,FOOD,LOC-36,69,2026-06-11,2026-10-05,28,2026-09-13
LF-10792,SKU-0631,FOOD,LOC-04,62,2026-09-05,2027-05-26,36,2026-09-12
LF-11309,SKU-0098,FOOD,LOC-10,15,2026-09-18,2026-11-24,3,2026-09-21
LF-10210,SKU-0516,FOOD,LOC-04,23,2026-01-17,2027-09-09,6,2026-09-21
LF-10332,SKU-0727,HEALTHCARE,LOC-12,96,2025-02-01,2027-03-14,56,2026-09-13
LF-11600,SKU-0495,FOOD,LOC-11,15,2026-08-28,2027-10-02,7,2026-09-19
LF-11072,SKU-1021,FOOD,LOC-27,9,2026-05-29,2026-11-29,1,2026-09-15
LF-11933,SKU-0027,FOOD,LOC-28,26,2026-06-27,2026-11-21,5,2026-09-11
LF-11877,SKU-0891,FOOD,LOC-19,104,2025-05-13,2027-04-06,27,2026-09-20
LF-10558,SKU-0190,FOOD,LOC-35,50,2026-06-26,2027-10-24,8,2026-09-07
LF-10295,SKU-0214,FOOD,LOC-07,16,2026-07-17,2027-02-19,5,2026-09-16
LF-10524,SKU-0434,FOOD,LOC-07,14,2026-05-11,2026-09-26,3,2026-09-08
LF-10743,SKU-0861,HEALTHCARE,LOC-22,13,2025-03-24,2027-06-20,2,2026-09-07
LF-10905,SKU-0188,FOOD,LOC-10,34,2026-02-03,2027-06-24,18,2026-09-18
LF-11619,SKU-0637,FOOD,LOC-02,32,2026-06-24,2026-10-11,30,2026-09-08
LF-11471,SKU-0840,FOOD,LOC-03,12,2026-09-10,2026-11-22,2,2026-09-19
LF-10785,SKU-0004,FOOD,LOC-04,36,2026-07-03,2026-10-29,6,2026-09-16
LF-10020,SKU-0060,FOOD,LOC-27,36,2026-09-16,2026-12-26,35,2026-09-07
LF-11202,SKU-0995,FOOD,LOC-12,7,2025-06-13,2027-02-08,1,2026-09-08
LF-11176,SKU-0668,FOOD,LOC-26,39,2026-05-09,2027-09-24,20,2026-09-10
LF-10953,SKU-0896,FOOD,LOC-06,26,2026-07-08,2027-01-27,4,2026-09-09
LF-11349,SKU-0268,FOOD,LOC-23,94,2025-05-13,2027-03-24,22,2026-09-10
LF-11570,SKU-0396,FOOD,LOC-38,34,2026-01-02,2027-02-16,34,2026-09-16
LF-10175,SKU-0761,FOOD,LOC-10,18,2026-03-18,2027-01-02,4,2026-09-16
LF-10738,SKU-0607,FOOD,LOC-31,39,2026-09-18,10/01/2027,7,2026-09-15
LF-10078,SKU-0561,FOOD,LOC-19,28,2026-06-19,2027-03-30,29,2026-09-11
LF-11215,SKU-0233,FOOD,LOC-36,30,2026-05-17,2026-09-26,23,2026-09-21
LF-10916,SKU-0725,HEALTHCARE,LOC-24,63,2025-10-21,2027-07-05,16,2026-09-07
LF-11674,SKU-0887,HEALTHCARE,LOC-37,62,2025-09-01,2027-07-12,21,2026-09-13
LF-11687,SKU-0122,FOOD,LOC-01,50,2026-08-07,2026-11-20,40,2026-09-16
LF-11024,SKU-0932,HEALTHCARE,LOC-12,73,2024-11-03,2027-01-01,14,2026-09-07
LF-10326,SKU-0307,FOOD,LOC-01,18,2025-07-23,2027-01-27,7,2026-09-18
LF-11196,SKU-0355,FOOD,LOC-34,31,2026-07-02,13/10/2026,13,2026-09-14
LF-11771,SKU-0109,FOOD,LOC-13,44,2026-07-08,2027-06-18,7,2026-09-19
LF-10146,SKU-0634,HEALTHCARE,LOC-35,41,2026-07-12,2027-08-17,8,2026-09-08
LF-11395,SKU-0516,FOOD,LOC-10,73,2025-06-08,2027-01-28,15,2026-09-08
LF-11130,SKU-0676,FOOD,LOC-08,27,2026-03-13,2027-02-21,5,2026-09-18
LF-11514,SKU-0655,FOOD,LOC-17,26,2026-07-29,2026-10-09,4,2026-09-11
LF-10472,SKU-1027,FOOD,LOC-36,162,2026-08-29,2026-12-11,26,2026-09-07
LF-11162,SKU-0852,HEALTHCARE,LOC-10,60,2025-11-12,2027-10-09,15,2026-09-16
LF-10758,SKU-0583,FOOD,LOC-38,83,2026-06-24,2027-01-02,19,2026-09-11
LF-10782,SKU-0494,FOOD,LOC-05,33,2026-02-28,2026-11-26,42,2026-09-15
LF-10285,SKU-0097,FOOD,LOC-33,23,2025-03-20,2026-12-21,15,2026-09-18
LF-10841,SKU-0794,FOOD,LOC-01,8,2026-06-22,2026-11-06,2,2026-09-09
LF-10010,SKU-0064,FOOD,LOC-30,35,2025-05-24,2026-10-23,15,2026-09-13
LF-11386,SKU-0767,FOOD,LOC-17,21,2025-08-20,2027-05-21,22,2026-09-15
LF-10793,SKU-0672,FOOD,LOC-05,106,2026-06-13,2027-08-27,21,2026-09-08
LF-11786,SKU-0514,HEALTHCARE,LOC-13,18,2025-06-03,2027-09-29,4,2026-09-08
LF-11676,SKU-1033,FOOD,LOC-14,186,2026-05-13,2027-01-15,38,2026-09-08
LF-10717,SKU-0422,FOOD,LOC-09,51,2026-06-24,2027-03-25,13,2026-09-11
LF-10393,SKU-0343,FOOD,LOC-38,16,2026-08-09,2027-01-05,3,2026-09-08
LF-11792,SKU-0329,HEALTHCARE,LOC-24,30,2025-01-31,2027-08-03,10,2026-09-15
LF-11237,SKU-0883,FOOD,LOC-27,29,2025-01-06,2026-12-21,9,2026-09-21
LF-10996,SKU-0289,FOOD,LOC-16,10,2026-07-14,2026-12-04,2,2026-09-20
LF-10330,SKU-0778,HEALTHCARE,LOC-32,55,2026-03-21,2027-05-20,19,2026-09-17
LF-10305,SKU-1069,FOOD,LOC-27,32,2026-08-13,2026-11-08,6,2026-09-21
LF-10979,SKU-0097,FOOD,LOC-15,16,2025-02-24,2026-11-27,5,2026-09-18
LF-10328,SKU-1032,FOOD,LOC-24,10,2026-07-23,2026-10-21,15,2026-09-07
LF-10152,SKU-0132,FOOD,LOC-05,16,2025-08-31,2027-02-02,3,2026-09-08
LF-10767,SKU-0118,HEALTHCARE,LOC-20,32,2024-12-04,2027-02-25,13,2026-09-15
LF-11435,SKU-0536,FOOD,LOC-18,54,2026-06-16,2026-11-08,41,2026-09-19
LF-10638,SKU-0411,FOOD,LOC-13,30,2026-04-30,2027-01-11,8,2026-09-20
LF-11451,SKU-0819,FOOD,LOC-25,89,2025-08-05,2026-09-24,16,2026-09-19
LF-11841,SKU-0364,HEALTHCARE,LOC-07,21,2025-09-28,2027-05-24,6,2026-09-21
LF-11876,SKU-0006,FOOD,LOC-25,17,2025-12-30,2027-05-22,8,2026-09-11
LF-10016,SKU-0079,FOOD,LOC-07,49,2026-09-08,2026-12-24,22,2026-09-15
LF-10806,SKU-0066,FOOD,LOC-02,29,2025-09-14,2027-08-13,31,2026-09-10
LF-10390,SKU-0312,FOOD,LOC-25,11,2026-05-26,2026-09-25,2,2026-09-14
LF-10846,SKU-0166,FOOD,LOC-09,32,2026-03-23,2027-08-29,8,2026-09-18
LF-11825,SKU-0460,FOOD,LOC-13,49,2026-04-12,2027-07-08,12,2026-09-10
LF-11221,SKU-0314,FOOD,LOC-16,24,2026-05-19,2027-02-10,10,2026-09-11
LF-10702,SKU-1020,HEALTHCARE,LOC-09,30,2025-03-02,2027-01-31,41,2026-09-14
LF-11744,SKU-0540,FOOD,LOC-09,20,2026-06-22,2027-03-06,13,2026-09-11
LF-11045,SKU-0728,FOOD,LOC-27,16,2026-08-28,2026-10-22,7,2026-09-11
LF-11037,SKU-0089,FOOD,LOC-37,29,2026-09-21,2027-09-17,13,2026-09-21
LF-11423,SKU-0150,FOOD,LOC-16,43,2026-07-27,2026-12-17,47,2026-09-07
LF-11914,SKU-0627,FOOD,LOC-19,41,2026-03-17,2027-02-17,39,2026-09-18
LF-11347,SKU-1074,FOOD,LOC-31,6,2026-01-01,2026-12-04,2,2026-09-14
LF-11111,SKU-0848,HEALTHCARE,LOC-32,52,2024-11-26,2027-08-15,21,2026-09-17
LF-10474,SKU-0545,FOOD,LOC-01,31,2026-08-17,2026-12-19,13,2026-09-11
LF-11403,SKU-0335,FOOD,LOC-13,51,2025-06-12,2027-02-14,14,2026-09-18
LF-11762,SKU-0896,FOOD,LOC-30,34,2026-04-18,2026-11-07,28,2026-07-11
LF-11270,SKU-0427,FOOD,LOC-20,52,2026-07-12,2027-03-11,45,2026-09-13
LF-11578,SKU-1041,FOOD,LOC-17,22,2026-06-18,2027-04-05,20,2026-09-15
LF-11853,SKU-0318,FOOD,LOC-01,55,2026-02-19,2027-04-02,16,2026-09-16
LF-10760,SKU-0654,FOOD,LOC-28,34,2026-08-17,2027-05-11,6,2026-09-14
LF-10613,SKU-1010,HEALTHCARE,LOC-13,37,2026-03-14,2027-06-22,16,2026-09-21
LF-10428,SKU-0605,FOOD,LOC-06,30,2026-07-02,2026-11-21,5,2026-09-19
LF-11477,SKU-1087,FOOD,LOC-12,18,2026-07-03,2027-08-12,4,2026-09-16
LF-11170,SKU-0363,FOOD,LOC-10,26,2026-05-28,2026-10-02,5,2026-09-12
LF-11753,SKU-0880,FOOD,LOC-15,41,2026-09-13,2026-11-19,8,2026-09-07
LF-10031,SKU-0913,FOOD,LOC-31,16,2026-02-10,2027-09-22,12,2026-09-18
LF-11502,SKU-0492,FOOD,LOC-25,15,2026-06-16,2027-01-12,6,2026-09-21
LF-10874,SKU-0426,HEALTHCARE,LOC-10,8,2025-06-23,2027-03-01,1,2026-09-16
LF-11153,SKU-0930,HEALTHCARE,LOC-10,39,2025-06-04,2026-10-10,29,2026-09-17
LF-10520,SKU-0079,FOOD,LOC-15,27,2026-09-10,2026-12-28,14,2026-09-15
LF-10595,SKU-0219,FOOD,LOC-30,26,2025-03-21,2026-11-27,4,2026-09-07
LF-11621,SKU-0956,HEALTHCARE,LOC-06,34,2023-12-23,2026-11-21,19,2026-09-14
LF-10857,SKU-0323,FOOD,LOC-13,49,2026-09-08,2026-11-07,61,2026-09-10
LF-10342,SKU-0181,FOOD,LOC-05,20,2026-04-20,2027-07-15,5,2026-09-08
LF-10899,SKU-0786,FOOD,LOC-37,39,2026-02-24,2027-04-25,7,2026-09-19
LF-11356,SKU-0073,FOOD,LOC-10,37,2026-05-23,2027-02-13,23,2026-09-14
LF-10578,SKU-0259,HEALTHCARE,LOC-32,11,2025-11-26,2027-10-03,6,2026-09-13
LF-10703,SKU-0205,FOOD,LOC-10,23,2026-09-02,2026-12-12,4,2026-09-13
LF-11027,SKU-1078,FOOD,LOC-24,40,2025-03-06,2027-01-02,7,2026-09-19
LF-11491,SKU-0198,FOOD,LOC-28,16,2026-07-30,2026-12-05,9,2026-09-20
LF-10788,SKU-0376,FOOD,LOC-34,13,2026-03-28,2027-07-22,5,2026-09-20
LF-10292,SKU-0664,FOOD,LOC-28,21,2026-07-21,2026-11-18,16,2026-09-07
LF-10044,SKU-0656,HEALTHCARE,LOC-34,15,2026-03-07,2027-09-10,3,2026-09-16
LF-11211,SKU-0787,FOOD,LOC-09,107,2025-12-27,2027-06-29,17,2026-09-17
LF-10868,SKU-0296,HEALTHCARE,LOC-23,37,2026-01-25,2027-04-26,17,2026-09-13
LF-11107,SKU-0424,FOOD,LOC-10,11,2025-10-02,2027-08-20,3,2026-09-17
LF-11917,SKU-0868,FOOD,LOC-33,17,2026-05-11,2027-01-14,23,2026-09-17
LF-10781,SKU-0830,FOOD,LOC-01,23,2026-07-08,2027-05-22,6,2026-09-09
LF-10586,SKU-0714,FOOD,LOC-21,61,2025-12-19,2027-10-17,19,2026-09-13
LF-10275,SKU-0107,HEALTHCARE,LOC-29,45,2025-11-21,2027-04-27,8,2026-09-17
LF-11623,SKU-0770,FOOD,LOC-09,27,2024-10-13,2027-04-16,26,2026-09-10
LF-11271,SKU-0015,FOOD,LOC-38,32,2026-02-04,2027-03-23,5,2026-09-16
LF-11273,SKU-0624,HEALTHCARE,LOC-38,29,2025-08-04,2027-04-17,7,2026-09-20
LF-11684,SKU-1002,FOOD,LOC-13,28,2025-08-01,2026-09-25,17,2026-09-14
LF-11798,SKU-0194,FOOD,LOC-16,32,2026-08-02,2027-06-29,7,2026-09-15
LF-10362,SKU-0508,FOOD,LOC-09,16,2025-10-09,2027-09-08,10,2026-09-13
LF-10991,SKU-1012,HEALTHCARE,LOC-13,87,2026-04-27,2027-09-21,54,2026-09-21
LF-10769,SKU-0892,FOOD,LOC-06,31,2026-06-30,2026-10-20,29,2026-09-17
LF-11641,SKU-0100,FOOD,LOC-21,10,2026-09-09,2027-05-01,2,2026-09-21
LF-10452,SKU-1003,FOOD,LOC-12,52,2025-05-29,2027-04-28,12,2026-09-09
LF-10302,SKU-0358,FOOD,LOC-05,42,2025-07-08,2027-05-24,16,2026-09-18
LF-10897,SKU-1019,HEALTHCARE,LOC-25,20,2025-07-05,2027-04-16,5,2026-09-11
LF-11519,SKU-0483,FOOD,LOC-13,13,2026-09-17,2026-11-03,5,2026-09-13
LF-11092,SKU-0684,FOOD,LOC-37,30,2025-06-18,2027-02-04,6,2026-09-14
LF-11017,SKU-0357,FOOD,LOC-28,42,2026-09-11,2026-11-03,9,2026-09-19
LF-10618,SKU-0281,HEALTHCARE,LOC-23,16,2025-12-27,2027-04-03,5,2026-09-17
LF-11387,SKU-0394,FOOD,LOC-16,6,2026-08-24,2026-10-08,1,2026-09-16
LF-10766,SKU-0366,FOOD,LOC-06,107,2026-05-07,2026-11-12,37,2026-09-15
LF-10089,SKU-0157,HEALTHCARE,LOC-22,13,2026-02-19,2027-07-01,4,2026-09-14
LF-10582,SKU-1070,FOOD,LOC-14,18,2025-08-10,2027-03-31,4,2026-09-12
LF-11181,SKU-0934,FOOD,LOC-17,16,2026-09-21,2026-12-03,5,2026-09-18
LF-10739,SKU-0215,HEALTHCARE,LOC-18,47,2025-03-01,2026-12-16,19,2026-09-15
LF-10632,SKU-0971,FOOD,LOC-04,32,2026-06-03,2027-06-01,7,2026-09-08
LF-10515,SKU-1020,HEALTHCARE,LOC-21,24,2025-11-02,2027-10-02,4,2026-09-20
LF-10491,SKU-0701,FOOD,LOC-15,17,2026-01-14,2027-04-20,4,2026-09-15
LF-11678,SKU-1088,FOOD,LOC-22,56,2026-08-06,2027-05-30,20,2026-09-15
LF-10774,SKU-0736,FOOD,LOC-07,16,2025-08-04,2027-01-17,4,2026-09-20
LF-11393,SKU-0921,FOOD,LOC-36,21,2025-08-30,2027-06-05,3,2026-09-09
LF-11071,SKU-0436,FOOD,LOC-37,19,2025-10-30,2027-04-30,4,2026-09-15
LF-10501,SKU-0445,FOOD,LOC-36,37,2025-11-05,2027-05-03,8,2026-09-07
LF-11582,SKU-0705,FOOD,LOC-36,62,2026-09-06,2027-03-17,41,2026-09-17
LF-11096,SKU-0488,FOOD,LOC-13,65,2026-07-14,2026-10-06,31,2026-09-21
LF-11105,SKU-1016,FOOD,LOC-01,30,2026-07-28,2026-10-23,5,2026-09-21
LF-11548,SKU-1028,FOOD,LOC-27,58,2026-08-06,2026-12-10,10,2026-09-08
LF-10331,SKU-0011,HEALTHCARE,LOC-19,51,2024-02-22,2026-12-23,21,2026-09-19
LF-11747,SKU-0994,FOOD,LOC-32,13,2026-04-21,2026-12-03,7,2026-09-15
LF-10643,SKU-0849,FOOD,LOC-36,14,2026-05-28,2027-02-23,5,2026-09-13
LF-11918,SKU-0699,FOOD,LOC-04,-9,2026-06-30,2026-11-07,4,2026-09-21
LF-11048,SKU-0585,HEALTHCARE,LOC-24,9,2025-10-31,12/01/2027,4,2026-09-12
LF-11232,SKU-0170,FOOD,LOC-09,25,2025-12-26,2027-04-23,5,2026-09-10
LF-10596,SKU-0597,FOOD,LOC-27,24,2026-09-05,2026-12-05,8,2026-09-08
LF-11263,SKU-1088,FOOD,LOC-19,11,2026-08-19,2027-06-12,3,2026-09-18
LF-10129,SKU-0545,FOOD,LOC-32,15,2026-07-02,2026-11-03,4,2026-09-12
LF-10544,SKU-0569,HEALTHCARE,LOC-19,98,2026-03-02,2027-09-11,34,2026-09-13
LF-10794,SKU-0497,FOOD,LOC-24,20,2026-07-28,2027-01-31,15,2026-09-18
LF-10171,SKU-0751,FOOD,LOC-14,40,2026-08-04,2026-10-03,19,2026-09-18
LF-11188,SKU-0430,FOOD,LOC-27,18,2026-09-03,2026-11-29,13,2026-09-09
LF-11009,SKU-0715,FOOD,LOC-06,17,2026-02-08,2027-08-11,9,2026-09-09
LF-10587,SKU-0055,FOOD,LOC-22,44,2026-06-17,2026-10-02,9,2026-09-13
LF-11782,SKU-0784,HEALTHCARE,LOC-12,16,2024-10-16,2027-08-20,2,2026-09-07
LF-11053,SKU-0080,FOOD,LOC-24,10,2025-05-18,2027-04-09,4,2026-09-20
LF-10121,SKU-0851,FOOD,LOC-32,178,2026-08-20,2026-10-26,53,2026-09-20
LF-10546,SKU-0127,FOOD,LOC-34,43,2025-03-04,2026-11-14,9,2026-09-20
LF-10442,SKU-0051,HEALTHCARE,LOC-32,38,2025-09-13,2027-06-11,6,2026-09-10
LF-10832,SKU-0027,FOOD,LOC-08,41,2026-07-15,2026-12-10,6,2026-09-12
LF-10917,SKU-0070,FOOD,LOC-17,97,2026-08-31,2027-01-19,36,2026-09-11
LF-70010,SKU-1100,FOOD,LOC-18,1000,2025-12-05,2026-10-01,100,2026-07-21
LF-11385,SKU-0029,FOOD,LOC-08,26,2026-08-26,2026-12-23,7,2026-09-12
LF-11752,SKU-0870,FOOD,LOC-11,120,2025-10-09,2026-11-06,52,2026-09-12
LF-11280,SKU-0651,HEALTHCARE,LOC-32,91,2025-01-15,2026-09-22,27,2026-09-19
LF-11554,SKU-0200,HEALTHCARE,LOC-22,12,2025-09-27,2027-07-09,3,2026-09-21
LF-11359,SKU-0133,FOOD,LOC-11,19,2025-07-16,2027-05-01,5,2026-09-11
LF-10270,SKU-0690,FOOD,LOC-15,28,2026-01-01,2027-06-11,5,2026-09-08
LF-11528,SKU-0668,FOOD,LOC-18,33,2025-09-22,2027-02-06,41,2026-09-08
LF-10196,SKU-0519,FOOD,LOC-38,15,2026-08-11,2027-01-01,2,2026-09-15
LF-11571,SKU-0950,FOOD,LOC-25,53,2026-06-25,2026-10-24,9,2026-09-13
LF-11388,SKU-0944,FOOD,LOC-33,7,2026-06-25,2027-06-13,5,2026-09-21
LF-10214,SKU-0621,FOOD,LOC-30,35,2026-03-04,,6,2026-09-09
LF-10418,SKU-0642,FOOD,LOC-03,34,2026-08-10,2026-11-11,13,2026-09-21
LF-10219,SKU-0152,HEALTHCARE,LOC-24,47,2023-11-06,2026-11-05,10,2026-09-08
LF-11012,SKU-0069,FOOD,LOC-16,65,2026-07-24,2027-02-16,31,2026-09-20
LF-11615,SKU-0094,FOOD,LOC-27,24,2026-09-20,2026-12-11,24,2026-09-21
LF-11331,SKU-0039,FOOD,LOC-24,28,2026-09-07,2026-11-30,7,2026-09-12
LF-11442,SKU-0988,FOOD,LOC-18,20,2026-03-09,2027-01-28,20,2026-09-09
LF-11608,SKU-0358,FOOD,LOC-21,60,2025-06-23,2027-05-10,27,2026-09-10
LF-11764,SKU-0116,HEALTHCARE,LOC-06,18,2026-03-17,2027-07-01,5,2026-09-07
LF-11552,SKU-0068,FOOD,LOC-01,17,2026-07-13,2026-11-05,16,2026-09-11
LF-11760,SKU-0273,HEALTHCARE,LOC-24,26,2026-01-03,2027-01-16,12,2026-09-08
LF-10802,SKU-1014,FOOD,LOC-04,10,2026-01-08,2027-01-30,2,2026-09-12
LF-10167,SKU-0142,FOOD,LOC-24,38,2026-09-11,2026-12-19,16,2026-09-19
LF-11419,SKU-0187,FOOD,LOC-01,55,2026-09-18,2026-11-22,36,2026-09-11
LF-11249,SKU-0245,FOOD,LOC-11,25,2026-06-06,2027-01-21,5,2026-09-20
LF-10565,SKU-0730,HEALTHCARE,LOC-36,19,2026-08-06,2027-09-10,7,2026-09-20
LF-10349,SKU-0906,FOOD,LOC-07,15,2026-04-01,2027-01-06,6,2026-09-09
LF-10605,SKU-0747,FOOD,LOC-17,24,2026-08-05,2027-07-04,10,2026-09-09
LF-11847,SKU-0335,FOOD,LOC-02,8,2025-06-09,2027-02-11,5,2026-09-07
LF-10434,SKU-0447,HEALTHCARE,LOC-10,13,2024-07-11,2027-02-12,4,2026-09-19
LF-11081,SKU-0512,FOOD,LOC-17,49,2025-03-20,2026-10-01,8,2026-09-14
LF-11217,SKU-0733,FOOD,LOC-38,24,2025-08-12,2027-04-29,4,2026-09-15
LF-11843,SKU-0451,FOOD,LOC-06,27,2026-09-08,2026-11-23,4,2026-09-17
LF-11476,SKU-0290,FOOD,LOC-08,14,2026-08-10,2026-09-27,4,2026-09-08
LF-10691,SKU-0916,FOOD,LOC-17,25,2026-07-30,2026-12-11,4,2026-09-12
LF-10425,SKU-0574,FOOD,LOC-22,41,2026-08-03,2026-10-10,9,2026-09-16
LF-10661,SKU-0176,HEALTHCARE,LOC-08,29,2025-09-18,2027-08-05,36,2026-09-09
LF-11293,SKU-0423,FOOD,LOC-34,23,2026-08-01,2026-09-22,4,2026-09-16
LF-11930,SKU-0104,HEALTHCARE,LOC-19,23,2025-03-19,2027-02-18,10,2026-09-13
LF-10740,SKU-0492,FOOD,LOC-35,45,2026-07-29,2027-02-25,18,2026-09-15
LF-10211,SKU-0260,FOOD,LOC-16,7,2025-08-16,2027-06-17,2,2026-09-19
LF-11836,SKU-0863,FOOD,LOC-18,50,2026-08-14,2027-08-18,8,2026-09-12
LF-11144,SKU-0917,FOOD,LOC-27,23,2026-08-27,2026-12-13,11,2026-09-08
LF-11922,SKU-0677,FOOD,LOC-27,9,2026-08-24,2026-12-06,3,2026-09-12
LF-10017,SKU-0191,FOOD,LOC-38,6,2025-08-21,2027-04-18,2,2026-09-20
LF-10727,SKU-0805,FOOD,LOC-10,7,2026-04-27,2027-05-13,3,2026-09-13
LF-10506,SKU-0189,FOOD,LOC-04,24,2026-09-09,2026-12-05,6,2026-09-13
LF-10541,SKU-0826,HEALTHCARE,LOC-19,7,2025-07-07,2027-08-13,2,2026-09-13
LF-10180,SKU-0069,FOOD,LOC-07,41,2026-08-18,2027-03-13,35,2026-09-21
LF-10887,SKU-0093,FOOD,LOC-03,15,2026-07-30,,8,2026-09-21
LF-11299,SKU-0936,FOOD,LOC-10,47,2026-08-12,2026-11-10,10,2026-09-08
LF-10207,SKU-0092,FOOD,LOC-07,61,2025-09-17,2027-06-12,12,2026-09-14
LF-10622,SKU-0795,FOOD,LOC-02,36,2026-03-30,2027-01-01,37,2026-09-16
LF-10353,SKU-0558,FOOD,LOC-17,10,2026-05-08,2026-12-25,2,2026-09-19
LF-10581,SKU-0230,FOOD,LOC-02,55,2026-09-16,2026-11-21,14,2026-09-10
LF-10035,SKU-0172,HEALTHCARE,LOC-32,60,2025-10-11,2027-09-03,24,2026-09-11
LF-10681,SKU-0608,FOOD,LOC-09,8,2026-02-16,2027-10-23,1,2026-09-20
LF-11050,SKU-0486,FOOD,LOC-25,16,2026-06-02,2027-03-01,3,2026-09-13
LF-11638,SKU-0914,FOOD,LOC-15,31,2025-01-14,2026-11-17,5,2026-09-19
LF-11851,SKU-0905,FOOD,LOC-25,12,2026-07-23,2026-11-12,15,2026-09-08
LF-10413,SKU-0851,FOOD,LOC-03,57,2026-09-17,2026-11-23,22,2026-09-20
LF-11592,SKU-0203,FOOD,LOC-33,8,2025-08-08,2027-02-27,1,2026-09-17
LF-10199,SKU-0485,FOOD,LOC-36,30,2026-07-20,2026-10-28,7,2026-09-17
LF-11855,SKU-0138,FOOD,LOC-15,15,2025-06-09,06/01/2027,12,2026-09-12
LF-10379,SKU-0976,FOOD,LOC-27,44,2026-07-11,2027-01-11,7,2026-09-16
LF-11229,SKU-0302,FOOD,LOC-13,22,2026-08-14,2026-12-16,5,2026-09-21
LF-10182,SKU-1033,FOOD,LOC-07,43,2026-04-06,2026-12-10,13,2026-09-12
LF-11826,SKU-0866,FOOD,LOC-22,20,2026-08-03,2026-11-28,4,2026-09-15
LF-11240,SKU-0405,FOOD,LOC-31,86,2026-04-28,2027-02-07,22,2026-09-21
LF-10711,SKU-0806,FOOD,LOC-03,18,2025-07-03,2027-03-15,3,2026-09-19
LF-10577,SKU-0349,FOOD,LOC-29,76,2026-03-04,2027-02-20,62,2026-09-08
LF-11524,SKU-1053,FOOD,LOC-24,33,2026-07-21,2027-02-21,8,2026-09-08
LF-10731,SKU-0882,HEALTHCARE,LOC-23,32,2024-07-18,2027-01-17,5,2026-09-13
LF-10496,SKU-0347,HEALTHCARE,LOC-23,44,2024-05-04,2027-01-17,8,2026-09-12
LF-11626,SKU-0141,FOOD,LOC-35,26,2026-03-01,2026-11-17,8,2026-09-18
LF-10834,SKU-0595,FOOD,LOC-26,15,2026-09-18,21/08/2027,8,2026-09-18
LF-10521,SKU-0810,FOOD,LOC-14,46,2025-12-29,2027-01-17,30,2026-09-20
LF-11905,SKU-0778,HEALTHCARE,LOC-38,9,2026-08-22,19/10/2027,1,2026-09-11
LF-11509,SKU-0419,FOOD,LOC-34,142,2026-03-17,2027-01-15,28,2026-09-09
LF-10341,SKU-0511,FOOD,LOC-24,29,2026-08-12,2026-10-24,9,2026-09-12
LF-11766,SKU-0655,FOOD,LOC-03,36,2026-08-27,2026-11-08,6,2026-09-20
LF-10861,SKU-0882,HEALTHCARE,LOC-07,65,2024-07-06,2027-01-06,21,2026-09-09
LF-11192,SKU-0435,FOOD,LOC-29,11,2025-05-13,2026-11-08,2,2026-09-10
LF-11602,SKU-0698,FOOD,LOC-03,8,2026-08-25,2026-11-22,2,2026-09-13
LF-10850,SKU-0161,FOOD,LOC-06,45,2026-09-20,2026-11-21,18,2026-09-13
LF-11925,SKU-0334,FOOD,LOC-14,37,2026-08-26,2027-07-16,9,2026-09-15
LF-10749,SKU-0028,FOOD,LOC-03,15,2026-01-25,2026-10-30,7,2026-09-09
LF-11145,SKU-0814,HEALTHCARE,LOC-29,94,2025-12-07,2027-08-29,57,2026-09-15
LF-11748,SKU-0256,FOOD,LOC-02,9,2026-09-02,2026-12-04,3,2026-09-15
LF-11353,SKU-0104,HEALTHCARE,LOC-32,25,2024-12-15,2026-11-16,4,2026-09-10
LF-10118,SKU-1007,HEALTHCARE,LOC-08,10,2024-07-19,2027-01-19,3,2026-09-21
LF-10056,SKU-0149,FOOD,LOC-03,23,2026-03-26,2027-03-30,18,2026-09-21
LF-11911,SKU-0078,FOOD,LOC-36,20,2026-07-15,2026-09-25,6,2026-09-11
LF-11169,SKU-0617,FOOD,LOC-17,50,2026-06-20,2027-05-06,9,2026-09-17
LF-11515,SKU-0576,FOOD,LOC-05,30,2025-08-20,2027-04-20,6,2026-09-08
LF-11358,SKU-0620,FOOD,LOC-18,9,2026-04-05,2026-12-29,8,2026-09-09
LF-11749,SKU-0248,HEALTHCARE,LOC-25,44,2023-12-24,2026-11-10,14,2026-09-19
LF-10888,SKU-0269,FOOD,LOC-01,22,2026-08-28,2026-10-15,6,2026-09-12
LF-10815,SKU-1053,FOOD,LOC-06,31,2026-05-14,2026-12-14,6,2026-09-07
LF-11594,SKU-0334,FOOD,LOC-36,70,2026-05-23,2027-04-12,15,2026-09-11
LF-10639,SKU-0125,HEALTHCARE,LOC-10,26,2026-01-20,2027-09-20,12,2026-09-14
LF-11375,SKU-0137,FOOD,LOC-23,18,2026-03-04,2027-08-05,3,2026-09-07
LF-10505,SKU-0590,FOOD,LOC-38,34,2025-08-04,2027-04-29,40,2026-09-19
LF-10619,SKU-0830,FOOD,LOC-04,24,2026-08-19,2027-07-03,7,2026-09-14
LF-10269,SKU-0338,FOOD,LOC-08,35,2025-02-11,2027-01-09,6,2026-09-14
LF-11460,SKU-0746,FOOD,LOC-26,24,2025-09-23,2027-01-03,6,2026-09-09
LF-10759,SKU-0662,HEALTHCARE,LOC-06,30,2024-02-09,2027-01-03,5,2026-09-17
LF-11837,SKU-0152,HEALTHCARE,LOC-32,12,2024-01-22,2027-01-20,2,2026-09-13
LF-10139,SKU-0295,FOOD,LOC-01,59,2025-02-07,2026-10-21,79,2026-09-18
LF-10598,SKU-0757,FOOD,LOC-18,12,2026-07-28,2026-10-02,2,2026-09-17
LF-10202,SKU-0533,FOOD,LOC-27,16,2026-09-07,2026-11-30,5,2026-09-19
LF-10625,SKU-0287,FOOD,LOC-10,12,2026-09-21,2026-11-22,3,2026-09-15
LF-10804,SKU-0464,FOOD,LOC-29,17,2025-05-06,2026-09-13,3,2026-09-08
LF-11668,SKU-0340,FOOD,LOC-19,27,2025-10-19,2027-02-10,11,2026-09-10
LF-10479,SKU-0549,FOOD,LOC-18,27,2026-08-10,2026-11-25,5,2026-09-18
LF-10817,SKU-0472,FOOD,LOC-04,14,2026-09-17,2027-08-12,2,2026-09-21
LF-10260,SKU-0010,HEALTHCARE,LOC-10,13,2025-08-02,2027-10-25,2,2026-09-08
LF-10347,SKU-0939,FOOD,LOC-02,23,2026-09-03,2026-11-18,12,2026-09-21
LF-10236,SKU-0694,FOOD,LOC-28,18,2026-06-19,2026-10-28,3,2026-09-21
LF-11721,SKU-0063,FOOD,LOC-26,54,2026-05-21,2027-02-19,31,2026-09-09
LF-10949,SKU-0337,FOOD,LOC-35,38,2026-04-16,2026-12-06,12,2026-09-07
LF-11547,SKU-0382,FOOD,LOC-17,66,2026-01-31,2026-10-21,14,2026-09-09
LF-10571,SKU-0816,FOOD,LOC-06,43,2026-09-19,2027-05-02,13,2026-09-18
LF-10100,SKU-0155,FOOD,LOC-03,30,2026-08-19,2027-06-19,11,2026-09-12
LF-10829,SKU-0909,FOOD,LOC-06,53,2025-06-17,2027-03-24,42,2026-09-08
LF-10416,SKU-1072,FOOD,LOC-28,37,2026-09-21,2026-12-12,12,2026-09-08
LF-11122,SKU-0048,FOOD,LOC-27,44,2025-11-30,2027-04-30,9,2026-09-14
LF-11844,SKU-0501,FOOD,LOC-38,25,2025-10-19,2027-01-31,4,2026-09-07
LF-11745,SKU-0237,FOOD,LOC-32,62,2026-08-30,2027-01-16,41,2026-09-07
LF-10410,SKU-0876,FOOD,LOC-07,51,2025-10-06,2027-06-03,46,2026-09-15
LF-10224,SKU-0780,FOOD,LOC-03,18,2026-09-13,2026-11-27,22,2026-09-18
LF-11455,SKU-0802,HEALTHCARE,LOC-37,20,2025-11-17,2027-04-01,10,2026-09-07
LF-11363,SKU-0529,FOOD,LOC-01,12,2026-08-01,2026-12-25,9,2026-09-09
LF-11581,SKU-1002,FOOD,LOC-31,20,2026-03-23,2027-05-19,5,2026-09-11
LF-10912,SKU-0143,FOOD,LOC-22,28,2025-05-27,2027-02-11,6,2026-09-19
LF-11508,SKU-0107,HEALTHCARE,LOC-12,29,2026-01-05,2027-06-12,5,2026-09-15
LF-11168,SKU-0146,FOOD,LOC-28,35,2025-07-11,2027-01-12,25,2026-09-15
LF-10316,SKU-0356,FOOD,LOC-38,37,2026-06-26,2026-11-10,9,2026-09-14
LF-11788,SKU-0713,FOOD,LOC-06,11,2026-08-30,2027-04-15,4,2026-09-21
LF-11724,SKU-0297,FOOD,LOC-05,12,2026-03-23,2027-10-17,3,2026-09-17
LF-11928,SKU-0837,FOOD,LOC-07,70,2025-09-20,2027-07-20,25,2026-09-19
LF-10271,SKU-0458,HEALTHCARE,LOC-21,18,2025-08-05,2027-01-21,4,2026-09-14
LF-10259,SKU-0911,HEALTHCARE,LOC-35,33,2025-11-22,2027-04-02,5,2026-09-14
LF-11767,SKU-1036,HEALTHCARE,LOC-34,24,2024-08-28,2027-01-25,5,2026-09-21
LF-10062,SKU-0889,HEALTHCARE,LOC-13,15,2025-06-01,2027-01-09,4,2026-09-16
LF-11597,SKU-0418,HEALTHCARE,LOC-09,35,2024-04-03,2026-10-18,11,2026-09-07
LF-11243,SKU-1067,FOOD,LOC-38,58,2026-09-13,2026-12-23,9,2026-09-16
LF-10557,SKU-0559,HEALTHCARE,LOC-38,12,2025-09-13,2027-05-12,2,2026-09-09
LF-11783,SKU-0467,FOOD,LOC-13,74,2025-08-24,2026-10-08,26,2026-09-15
LF-11321,SKU-0243,FOOD,LOC-33,47,2026-02-27,2026-09-27,34,2026-09-18
LF-10923,SKU-0619,FOOD,LOC-14,16,2026-08-31,2027-07-22,3,2026-09-21
LF-10293,SKU-1067,FOOD,LOC-18,19,2026-08-17,2026-11-25,7,2026-09-18
LF-11611,SKU-0521,FOOD,LOC-15,64,2026-09-11,2026-12-14,33,2026-09-16
LF-10683,SKU-0713,FOOD,LOC-07,42,2026-04-26,2026-12-11,8,2026-09-09
LF-11083,SKU-0918,HEALTHCARE,LOC-07,60,2024-07-12,2026-10-11,11,2026-09-08
LF-11558,SKU-0685,FOOD,LOC-36,23,2026-09-19,2027-06-18,6,2026-09-17
LF-10773,SKU-0531,FOOD,LOC-08,62,2026-07-19,2026-11-29,18,2026-09-16
LF-10027,SKU-0204,HEALTHCARE,LOC-08,65,2026-03-02,2027-07-28,13,2026-09-08
LF-10791,SKU-1044,FOOD,LOC-36,10,2026-05-21,2026-09-25,14,2026-09-09
LF-10819,SKU-0577,FOOD,LOC-02,28,2026-01-16,2027-05-12,9,2026-09-09
LF-11791,SKU-0651,HEALTHCARE,LOC-13,46,2025-05-11,2027-01-15,25,2026-09-21
LF-11183,SKU-0418,HEALTHCARE,LOC-19,80,2024-12-25,2027-07-10,30,2026-09-11
LF-10201,SKU-0515,FOOD,LOC-06,14,2025-07-10,2026-11-08,2,2026-09-07
LF-11542,SKU-0565,FOOD,LOC-24,15,2026-08-23,2026-12-06,4,2026-09-20
LF-11197,SKU-0384,HEALTHCARE,LOC-38,100,2024-08-07,2026-09-11,43,2026-09-10
LF-10946,SKU-0970,HEALTHCARE,LOC-13,10,2025-10-05,2027-04-04,2,2026-09-15
LF-10883,SKU-0596,HEALTHCARE,LOC-09,40,2024-08-08,2027-04-30,15,2026-09-15
LF-10312,SKU-0085,FOOD,LOC-22,22,2025-10-10,2027-09-25,12,2026-09-20
LF-11645,SKU-1017,FOOD,LOC-03,55,2026-04-04,2027-03-23,38,2026-09-13
LF-10858,SKU-0996,FOOD,LOC-30,13,2026-05-08,2026-12-15,7,2026-09-09
LF-11713,SKU-0279,FOOD,LOC-31,50,2026-04-15,2027-01-16,15,2026-09-18
LF-10294,SKU-1038,HEALTHCARE,LOC-18,11,2024-12-02,2027-05-29,3,2026-09-13
LF-11879,SKU-0894,HEALTHCARE,LOC-07,185,2025-09-09,2027-10-10,137,2026-09-21
LF-10651,SKU-0671,FOOD,LOC-31,128,2026-05-19,2026-10-12,55,2026-09-09
LF-10132,SKU-0254,FOOD,LOC-31,21,2026-06-21,2026-10-15,3,2026-09-21
LF-11022,SKU-0014,FOOD,LOC-06,34,2026-09-11,2027-04-16,5,2026-09-07
LF-10467,SKU-0190,FOOD,LOC-28,65,2025-09-04,2027-01-04,17,2026-09-11
LF-11704,SKU-0813,FOOD,LOC-26,23,2025-08-07,2027-01-09,4,2026-09-17
LF-11330,SKU-0796,FOOD,LOC-07,57,2026-01-08,2027-08-01,13,2026-09-08
LF-10109,SKU-0554,FOOD,LOC-05,50,2026-04-26,2027-01-28,8,2026-09-13
LF-10603,SKU-0822,FOOD,LOC-35,77,2026-03-28,2027-08-02,16,2026-09-15
LF-10443,SKU-0917,FOOD,LOC-17,23,2026-07-06,2026-10-21,8,2026-09-14
LF-10348,SKU-1036,HEALTHCARE,LOC-12,10,2025-02-16,2027-07-15,3,2026-09-19
LF-10155,SKU-0078,FOOD,LOC-31,45,2026-09-06,2026-11-17,15,2026-09-16
LF-10019,SKU-0598,HEALTHCARE,LOC-37,24,2025-02-14,2027-08-01,7,2026-09-07
LF-10511,SKU-0037,FOOD,LOC-32,14,2026-09-06,2026-12-31,10,2026-09-07
LF-11459,SKU-0478,HEALTHCARE,LOC-09,5,2024-06-10,2027-02-03,5,2026-09-19
LF-10801,SKU-0444,FOOD,LOC-06,12,2026-08-17,2026-11-24,5,2026-09-08
LF-11265,SKU-0477,HEALTHCARE,LOC-19,45,2024-10-07,2027-03-25,13,2026-09-14
LF-11031,SKU-0936,FOOD,LOC-32,29,2026-09-10,2026-12-10,12,2026-09-21
LF-11322,SKU-0437,FOOD,LOC-30,67,2026-07-26,2027-06-15,42,2026-09-10
LF-10559,SKU-0627,FOOD,LOC-14,34,2025-12-23,2026-11-24,7,2026-09-07
LF-10045,SKU-0898,FOOD,LOC-27,16,2026-07-25,2026-12-01,13,2026-09-11
LF-11166,SKU-0439,FOOD,LOC-20,15,2026-07-07,2027-08-29,3,2026-09-15
LF-10553,SKU-0174,FOOD,LOC-22,30,2025-01-08,,7,2026-09-09
LF-10069,SKU-1005,FOOD,LOC-24,74,2026-09-20,2026-11-10,11,2026-09-10
LF-10862,SKU-0677,FOOD,LOC-17,38,2026-07-09,2026-10-23,26,2026-09-13
LF-10910,SKU-0719,FOOD,LOC-20,23,2026-04-09,2026-12-26,4,2026-09-07
LF-10304,SKU-0476,FOOD,LOC-02,43,2025-02-16,2027-01-28,9,2026-09-12
LF-11816,SKU-0669,FOOD,LOC-01,61,2026-01-12,2027-03-28,16,2026-09-15
LF-10675,SKU-0057,FOOD,LOC-04,24,2025-09-15,2026-12-20,8,2026-09-16
LF-10468,SKU-0238,FOOD,LOC-18,15,2025-08-22,2027-05-23,5,2026-09-20
LF-10464,SKU-0352,FOOD,LOC-18,23,2026-09-05,20/11/2026,9,2026-09-19
LF-10395,SKU-0274,FOOD,LOC-13,122,2026-08-11,2026-11-28,61,2026-09-20
LF-10772,SKU-0369,FOOD,LOC-01,27,2026-02-28,2027-01-09,7,2026-09-19
LF-10583,SKU-0232,FOOD,LOC-34,50,2026-09-21,2026-11-21,8,2026-09-09
LF-10826,SKU-0226,FOOD,LOC-14,44,2026-07-13,2026-10-19,8,2026-09-17
LF-11898,SKU-0588,FOOD,LOC-34,17,2026-04-07,2026-11-21,4,2026-09-12
LF-11142,SKU-0188,FOOD,LOC-30,22,2026-04-23,2027-09-12,9,2026-09-17
LF-11635,SKU-0221,HEALTHCARE,LOC-37,114,2024-12-15,2027-03-17,90,2026-09-09
LF-11863,SKU-1032,FOOD,LOC-16,50,2026-08-26,2026-11-26,16,2026-09-09
LF-10005,SKU-0496,FOOD,LOC-31,25,2024-12-25,2026-12-01,7,2026-09-08
LF-10863,SKU-0722,FOOD,LOC-12,121,2025-11-21,2027-04-07,69,2026-09-07
LF-10560,SKU-0095,FOOD,LOC-27,18,2025-12-22,2027-10-06,5,2026-09-20
LF-10198,SKU-0402,HEALTHCARE,LOC-32,10,2026-02-19,2027-09-07,6,2026-09-18
LF-10321,SKU-0827,FOOD,LOC-25,19,2026-07-30,2027-09-16,4,2026-09-19
LF-11259,SKU-0421,FOOD,LOC-25,46,2026-06-12,2026-12-30,29,2026-09-16
LF-10377,SKU-0535,HEALTHCARE,LOC-20,24,2025-10-30,2027-08-16,11,2026-09-16
LF-10426,SKU-0761,FOOD,LOC-03,22,2026-03-22,2027-01-05,12,2026-09-15
LF-11874,SKU-0307,FOOD,LOC-11,91,2025-09-20,2027-03-27,15,2026-09-18
LF-10756,SKU-0632,FOOD,LOC-14,36,2026-05-29,2027-02-12,9,2026-09-18
LF-10562,SKU-0530,HEALTHCARE,LOC-35,19,2024-06-14,2027-02-12,4,2026-09-18
LF-11011,SKU-0594,FOOD,LOC-14,94,2026-09-06,2026-11-22,88,2026-09-09
LF-10852,SKU-0061,FOOD,LOC-33,19,2025-06-15,2027-02-11,14,2026-09-19
LF-10530,SKU-0680,FOOD,LOC-26,5,2024-11-14,2026-10-01,1,2026-09-07
LF-11123,SKU-1071,HEALTHCARE,LOC-06,100,2024-04-03,2027-03-31,42,2026-09-10
LF-11705,SKU-0755,FOOD,LOC-28,15,2026-08-16,2027-06-17,10,2026-09-09
LF-11328,SKU-1039,FOOD,LOC-18,43,2025-12-27,2027-07-06,24,2026-09-11
LF-10936,SKU-0404,FOOD,LOC-22,21,2026-01-03,2027-06-10,4,2026-09-17
LF-10108,SKU-0052,FOOD,LOC-27,72,2025-09-14,2027-07-12,52,2026-09-08
LF-10120,SKU-0464,FOOD,LOC-35,56,2025-09-23,2027-01-31,10,2026-09-07
LF-10531,SKU-0436,FOOD,LOC-05,11,2025-11-03,2027-05-03,4,2026-09-17
LF-10987,SKU-0277,FOOD,LOC-01,21,2025-08-28,2027-03-13,4,2026-09-10
LF-70005,SKU-1095,FOOD,LOC-30,200,2025-10-09,2026-10-09,90,2026-09-08
LF-11634,SKU-0141,FOOD,LOC-16,9,2026-08-15,2027-05-04,4,2026-09-20
LF-11640,SKU-0804,HEALTHCARE,LOC-36,33,2025-09-29,2027-02-09,13,2026-09-08
LF-10266,SKU-0777,FOOD,LOC-24,25,2026-08-27,2026-11-26,5,2026-09-14
LF-10122,SKU-0562,FOOD,LOC-10,21,2026-09-06,2026-11-01,7,2026-09-20
LF-11916,SKU-1027,FOOD,LOC-06,25,2026-08-22,04/12/2026,14,2026-09-13
LF-10776,SKU-0583,FOOD,LOC-37,115,2026-07-25,2027-02-03,23,2026-09-14
LF-10116,SKU-0570,FOOD,LOC-07,6,2026-08-28,2026-11-05,2,2026-09-08
LF-11793,SKU-0825,FOOD,LOC-01,14,2026-09-13,2026-10-30,6,2026-09-16
LF-10290,SKU-0519,FOOD,LOC-28,74,2026-09-10,2027-02-01,21,2026-09-16
LF-70001,SKU-1091,FOOD,LOC-38,1500,2025-09-27,2026-09-27,150,2026-09-19
LF-10022,SKU-0033,FOOD,LOC-23,20,2026-01-23,2026-12-14,8,2026-09-10
LF-11927,SKU-0618,FOOD,LOC-15,33,2026-06-07,2027-10-06,18,2026-09-08
LF-10823,SKU-0092,FOOD,LOC-05,43,2025-05-22,2027-02-13,16,2026-09-15
LF-11664,SKU-0060,FOOD,LOC-18,56,2026-09-18,2026-12-29,20,2026-09-11
LF-11807,SKU-0945,FOOD,LOC-04,8,2026-09-08,2026-11-29,8,2026-09-10
LF-10514,SKU-0799,FOOD,LOC-07,49,2025-11-14,2027-04-03,27,2026-09-10
LF-10423,SKU-0946,FOOD,LOC-16,28,2025-10-05,2026-12-16,6,2026-09-17
LF-11281,SKU-0488,FOOD,LOC-03,17,2026-08-28,2026-11-21,7,2026-09-15
LF-10615,SKU-0021,FOOD,LOC-28,21,2025-03-17,2027-01-03,3,2026-09-15
LF-11785,SKU-0776,HEALTHCARE,LOC-38,26,2026-03-06,2027-10-04,8,2026-09-21
LF-11588,SKU-1051,HEALTHCARE,LOC-09,99,2024-10-21,2027-10-15,43,2026-09-12
LF-11536,SKU-1031,FOOD,LOC-29,12,2025-05-14,2027-04-22,15,2026-09-11
LF-11858,SKU-0658,HEALTHCARE,LOC-18,26,2025-01-20,2027-02-18,5,2026-09-13
LF-10713,SKU-0778,HEALTHCARE,LOC-29,18,2026-07-16,2027-09-13,19,2026-09-20
LF-10115,SKU-0513,FOOD,LOC-36,11,2026-09-12,2026-11-03,3,2026-09-15
LF-11882,SKU-0535,HEALTHCARE,LOC-07,13,2025-11-14,2027-08-30,2,2026-09-17
LF-10454,SKU-0523,FOOD,LOC-38,57,2025-10-16,2026-12-23,17,2026-09-07
LF-11239,SKU-0242,HEALTHCARE,LOC-08,12,2025-06-22,2027-02-11,3,2026-09-11
LF-11731,SKU-0314,FOOD,LOC-06,113,2026-08-18,2027-05-11,22,2026-09-20
LF-10572,SKU-0973,HEALTHCARE,LOC-21,32,2026-04-08,2027-07-22,6,2026-09-17
LF-10490,SKU-0120,HEALTHCARE,LOC-13,29,2025-07-21,2026-10-12,13,2026-09-08
LF-11378,SKU-0741,FOOD,LOC-04,61,2026-08-17,2027-01-06,12,2026-09-10
LF-10470,SKU-0056,FOOD,LOC-06,25,2026-07-24,2027-04-05,4,2026-09-13
LF-10477,SKU-0688,FOOD,LOC-05,16,2024-11-08,2026-10-04,3,2026-09-10
LF-11002,SKU-0038,FOOD,LOC-19,23,2026-02-04,2027-06-09,4,2026-09-15
LF-11727,SKU-0626,FOOD,LOC-29,21,2026-04-07,2027-04-19,4,2026-09-19
LF-10445,SKU-0754,FOOD,LOC-26,67,2025-11-13,2027-04-07,32,2026-09-16
LF-10001,SKU-0661,FOOD,LOC-38,57,2025-10-03,2027-08-08,38,2026-09-09
LF-10436,SKU-1021,FOOD,LOC-26,25,2026-06-01,2026-12-03,8,2026-09-21
LF-10994,SKU-0149,FOOD,LOC-01,12,2026-01-21,2027-01-26,2,2026-09-12
LF-11812,SKU-0727,HEALTHCARE,LOC-02,22,2025-03-02,2027-04-12,9,2026-09-12
LF-10705,SKU-0383,FOOD,LOC-19,35,2025-09-01,2027-01-12,6,2026-09-11
LF-10999,SKU-0204,HEALTHCARE,LOC-19,17,2026-02-10,2027-07-09,4,2026-09-07
LF-11238,SKU-0021,FOOD,LOC-01,42,2025-05-19,2027-03-06,13,2026-09-19
LF-11285,SKU-0730,HEALTHCARE,LOC-10,37,2025-10-03,2026-11-08,6,2026-09-08
LF-11195,SKU-0520,FOOD,LOC-09,46,2026-06-17,2027-04-24,9,2026-09-11
LF-10049,SKU-0625,FOOD,LOC-01,29,2026-09-21,2026-11-21,4,2026-09-18
LF-10268,SKU-0909,FOOD,LOC-04,57,2025-01-02,2026-10-09,9,2026-09-14
LF-11135,SKU-0936,FOOD,LOC-16,32,2026-08-17,2026-11-16,5,2026-09-12
LF-10983,SKU-0480,FOOD,LOC-13,27,2025-09-23,2027-08-02,25,2026-09-20
LF-11399,SKU-0912,FOOD,LOC-22,28,2025-08-25,2027-01-21,7,2026-09-08
LF-10568,SKU-0262,FOOD,LOC-33,45,2025-11-02,2027-03-11,7,2026-09-20
LF-10029,SKU-0223,FOOD,LOC-15,15,2025-01-11,2026-10-28,8,2026-09-15
LF-10267,SKU-0067,FOOD,LOC-18,20,2026-02-11,2027-08-20,7,2026-09-07
LF-10081,SKU-0111,FOOD,LOC-04,27,2025-12-22,2027-04-06,8,2026-09-16
LF-10751,SKU-0557,FOOD,LOC-38,14,2025-12-31,2026-12-16,5,2026-09-13
LF-10273,SKU-0777,FOOD,LOC-25,28,2026-07-04,2026-10-02,24,2026-09-12
LF-11711,SKU-0092,FOOD,LOC-21,34,2025-05-24,2027-02-16,24,2026-09-10
LF-11086,SKU-0586,HEALTHCARE,LOC-10,20,2025-08-31,2027-09-03,3,2026-09-14
LF-11075,SKU-0239,FOOD,LOC-13,120,2026-06-24,2026-10-17,41,2026-09-14
LF-11591,SKU-0694,FOOD,LOC-10,19,2026-09-21,2027-01-30,3,2026-09-07
LF-11409,SKU-0601,FOOD,LOC-18,51,2026-07-02,2026-10-26,10,2026-09-12
LF-10387,SKU-1042,FOOD,LOC-15,48,2026-06-24,2027-07-19,7,2026-09-15
LF-10944,SKU-0205,FOOD,LOC-16,14,2026-07-25,2026-11-03,10,2026-09-16
LF-10935,SKU-0135,HEALTHCARE,LOC-25,34,2026-02-17,2027-09-09,6,2026-09-19
LF-10320,SKU-0692,FOOD,LOC-27,46,2026-09-20,2026-12-02,8,2026-09-11
LF-10289,SKU-0931,FOOD,LOC-26,49,2025-09-11,2027-05-31,27,2026-09-07
LF-11868,SKU-0636,FOOD,LOC-36,54,2025-06-04,2026-09-24,10,2026-09-11
LF-10993,SKU-1035,FOOD,LOC-27,22,2026-06-27,2026-11-16,4,2026-09-18
LF-11695,SKU-1068,FOOD,LOC-14,72,2026-03-20,2026-12-13,16,2026-09-11
LF-11899,SKU-0902,FOOD,LOC-21,87,2026-06-18,2027-01-13,55,2026-09-16
LF-10481,SKU-0281,HEALTHCARE,LOC-32,35,2025-12-07,2027-03-14,26,2026-09-12
LF-11421,SKU-0156,FOOD,LOC-15,57,2026-07-02,2026-09-30,9,2026-09-11
LF-10919,SKU-0107,HEALTHCARE,LOC-07,46,2026-01-20,2027-06-27,12,2026-09-07
LF-10246,SKU-0452,FOOD,LOC-04,18,2026-08-25,2027-04-12,11,2026-09-08
LF-10488,SKU-0957,FOOD,LOC-09,28,2025-10-08,2027-06-23,9,2026-09-15
LF-11567,SKU-0077,FOOD,LOC-13,27,2026-06-01,2027-01-13,9,2026-09-19
LF-11941,SKU-0630,FOOD,LOC-10,47,2025-02-22,2026-12-07,10,2026-09-18
LF-10992,SKU-0285,FOOD,LOC-38,50,2026-07-17,2026-12-01,66,2026-09-08
LF-11604,SKU-0076,FOOD,LOC-02,18,2025-12-31,2027-04-15,11,2026-09-08
LF-10997,SKU-0703,FOOD,LOC-25,27,2026-08-15,2026-10-03,8,2026-09-15
LF-10113,SKU-0341,HEALTHCARE,LOC-19,30,2025-04-23,2027-08-04,5,2026-09-11
LF-10840,SKU-0227,FOOD,LOC-36,27,2026-02-16,2027-04-26,5,2026-09-08
LF-11544,SKU-0188,FOOD,LOC-21,23,2026-03-15,2027-08-03,33,2026-09-14
LF-10542,SKU-0311,FOOD,LOC-26,19,2026-01-05,2027-03-20,3,2026-09-15
LF-11473,SKU-0901,FOOD,LOC-24,29,2026-09-01,2026-11-24,12,2026-09-19
LF-10920,SKU-0510,FOOD,LOC-24,37,2026-03-31,2027-04-02,23,2026-09-11
LF-10153,SKU-0744,HEALTHCARE,LOC-21,35,2024-10-03,2027-01-09,6,2026-09-11
LF-11291,SKU-0656,HEALTHCARE,LOC-38,38,2025-06-09,2026-12-12,7,2026-09-17
LF-11269,SKU-0873,FOOD,LOC-09,23,2025-04-21,2026-10-15,27,2026-09-16
LF-11839,SKU-0310,FOOD,LOC-07,50,2026-06-02,2026-10-26,11,2026-09-12
LF-11787,SKU-0466,HEALTHCARE,LOC-38,17,2025-10-11,2027-10-23,5,2026-09-09
LF-10337,SKU-0537,FOOD,LOC-33,41,2025-06-30,2026-10-25,7,2026-09-14
LF-10892,SKU-0927,FOOD,LOC-36,26,2026-09-09,2027-01-11,6,2026-09-18
LF-11094,SKU-0426,HEALTHCARE,LOC-02,12,2025-06-21,2027-02-27,7,2026-09-11
LF-11080,SKU-0797,FOOD,LOC-34,28,2026-07-13,2026-12-09,8,2026-09-09
LF-11044,SKU-0640,FOOD,LOC-22,40,2026-09-14,2026-11-03,30,2026-09-15
LF-10649,SKU-0449,FOOD,LOC-21,58,2026-04-02,2026-12-17,11,2026-09-16
LF-11458,SKU-0192,FOOD,LOC-24,16,2026-08-13,2027-01-04,3,2026-09-10
LF-11907,SKU-0996,FOOD,LOC-33,36,2026-05-27,2027-01-04,17,2026-09-12
LF-10939,SKU-0623,HEALTHCARE,LOC-06,48,2024-07-18,2027-01-30,7,2026-09-07
LF-10105,SKU-0769,FOOD,LOC-16,14,2025-04-30,2026-11-03,6,2026-09-20
LF-10301,SKU-0872,HEALTHCARE,LOC-36,32,2025-03-22,2027-01-11,36,2026-09-17
LF-10272,SKU-0720,FOOD,LOC-04,22,2026-07-22,2027-07-08,7,2026-09-18
LF-10319,SKU-0403,FOOD,LOC-06,91,2026-09-08,2026-10-23,30,2026-09-14
LF-11884,SKU-0431,FOOD,LOC-03,9,2026-08-25,2026-10-13,2,2026-09-14
LF-11397,SKU-0636,FOOD,LOC-13,23,2026-04-24,2027-08-13,5,2026-09-10
LF-10950,SKU-0182,FOOD,LOC-06,43,2026-01-02,2027-01-15,16,2026-09-16
LF-11164,SKU-0048,FOOD,LOC-36,18,2025-05-28,2026-10-26,3,2026-09-13
LF-10380,SKU-0480,FOOD,LOC-26,20,2025-07-24,2027-05-31,10,2026-09-07
LF-70007,SKU-1097,FOOD,LOC-27,500,2025-10-26,2026-10-26,300,2026-09-18
LF-10461,SKU-0771,FOOD,LOC-31,44,2025-11-09,2026-10-12,7,2026-09-11
LF-10576,SKU-0242,HEALTHCARE,LOC-20,14,2026-02-20,2027-10-13,3,2026-09-18
LF-10985,SKU-0547,FOOD,LOC-17,14,2026-08-01,2026-11-15,4,2026-09-14
LF-11099,SKU-0022,FOOD,LOC-36,9,2026-09-09,2027-01-07,9,2026-09-07
LF-10497,SKU-0973,HEALTHCARE,LOC-07,131,2025-09-21,2027-01-04,32,2026-09-21
LF-10063,SKU-0148,FOOD,LOC-36,26,2026-09-01,2026-12-05,8,2026-09-21
LF-10264,SKU-0304,HEALTHCARE,LOC-12,13,2024-12-22,2026-11-29,2,2026-09-12
LF-11116,SKU-0157,HEALTHCARE,LOC-24,99,2025-05-23,2026-10-02,55,2026-09-19
LF-11078,SKU-0001,FOOD,LOC-09,29,2025-09-14,2026-09-25,17,2026-09-12
LF-11511,SKU-0058,FOOD,LOC-17,38,2026-08-05,2026-12-05,10,2026-09-09
LF-10633,SKU-0180,HEALTHCARE,LOC-36,10,2024-10-03,2027-01-26,2,2026-09-16
LF-10441,SKU-0366,FOOD,LOC-15,30,2026-08-24,2027-02-28,9,2026-09-21
LF-10140,SKU-0818,FOOD,LOC-10,23,2026-02-06,2027-08-08,5,2026-09-10
LF-10092,SKU-0663,FOOD,LOC-31,12,2025-04-06,2026-12-16,2,2026-09-17
LF-10164,SKU-0526,FOOD,LOC-04,67,2026-04-27,2027-03-10,13,2026-09-19
LF-10584,SKU-0692,FOOD,LOC-13,64,2026-09-21,2026-12-03,26,2026-09-16
LF-10345,SKU-0325,FOOD,LOC-04,118,2025-10-19,2027-08-04,25,2026-09-17
LF-11418,SKU-1048,HEALTHCARE,LOC-02,20,2024-11-26,2026-10-06,3,2026-09-19
LF-11893,SKU-0090,FOOD,LOC-16,37,2025-04-10,2027-01-08,6,2026-09-19
LF-11177,SKU-0943,FOOD,LOC-29,14,2025-09-06,2027-01-10,3,2026-09-20
LF-11026,SKU-0117,FOOD,LOC-34,65,2026-09-21,2027-02-10,14,2026-09-15
LF-11340,SKU-0760,FOOD,LOC-03,66,2026-05-01,2027-10-09,14,2026-09-11
LF-10670,SKU-0977,FOOD,LOC-20,40,2025-12-06,2027-01-20,8,2026-09-13
LF-10498,SKU-0260,FOOD,LOC-35,12,2025-03-01,2026-12-30,2,2026-09-11
LF-11679,SKU-0041,FOOD,LOC-08,59,2026-07-31,2026-11-22,36,2026-09-08
LF-10042,SKU-0120,HEALTHCARE,LOC-19,8,2025-11-13,2027-02-04,1,2026-09-10
LF-11315,SKU-0250,FOOD,LOC-01,120,2026-08-27,2027-08-22,107,2026-09-19
LF-10238,SKU-0332,HEALTHCARE,LOC-19,21,2024-09-09,2027-07-30,7,2026-09-08
LF-11186,SKU-0172,HEALTHCARE,LOC-24,25,2025-03-04,2027-01-24,8,2026-09-08
LF-11429,SKU-0942,HEALTHCARE,LOC-10,5,2024-09-27,2026-09-22,2,2026-09-20
LF-10099,SKU-0115,FOOD,LOC-24,21,2026-09-09,2026-11-24,14,2026-09-13
LF-11121,SKU-0699,FOOD,LOC-02,27,2026-08-19,2026-12-26,34,2026-09-10
LF-11838,SKU-0972,FOOD,LOC-27,49,2026-05-15,2027-06-21,8,2026-09-07
LF-11212,SKU-0006,FOOD,LOC-07,12,2025-08-11,2027-01-03,13,2026-09-11
LF-10644,SKU-0992,FOOD,LOC-35,29,2026-04-18,2027-05-28,10,2026-09-10
LF-11562,SKU-0240,FOOD,LOC-17,11,2026-08-12,2026-11-15,3,2026-09-11
LF-11416,SKU-0883,FOOD,LOC-30,40,2025-01-03,2026-12-16,10,2026-09-08
LF-10288,SKU-0870,FOOD,LOC-06,16,2025-12-12,2027-01-10,3,2026-09-21
LF-10334,SKU-0218,HEALTHCARE,LOC-18,38,2024-12-06,2026-10-03,8,2026-09-19
LF-11643,SKU-1076,FOOD,LOC-17,64,2026-09-11,2026-10-29,11,2026-09-11
LF-10752,SKU-0844,FOOD,LOC-23,35,2025-06-19,2027-06-02,6,2026-09-17
LF-11931,SKU-0907,FOOD,LOC-10,12,2026-08-14,2026-10-17,3,2026-09-21
LF-10170,SKU-0997,FOOD,LOC-30,64,2025-03-27,2027-02-04,14,2026-09-18
LF-10388,SKU-0416,FOOD,LOC-07,21,2025-05-30,2026-11-24,4,2026-09-09
LF-11408,SKU-0207,HEALTHCARE,LOC-34,14,2024-07-29,2027-03-22,2,2026-09-21
LF-11172,SKU-0820,FOOD,LOC-27,21,2026-09-16,2027-01-01,15,2026-09-12
LF-11614,SKU-0123,FOOD,LOC-38,27,2026-08-18,2027-02-19,18,2026-09-10
LF-10687,SKU-0918,HEALTHCARE,LOC-21,56,2024-10-22,2027-01-19,20,2026-09-08
LF-10566,SKU-0169,FOOD,LOC-11,45,2025-06-26,2026-10-15,29,2026-09-19
LF-11165,SKU-0990,HEALTHCARE,LOC-02,17,2024-12-29,2026-11-08,3,2026-09-18
LF-11413,SKU-0310,FOOD,LOC-01,35,2026-08-09,2027-01-02,6,2026-09-17
LF-11292,SKU-0680,FOOD,LOC-24,47,2025-03-11,2027-01-26,20,2026-09-20
LF-10805,SKU-0592,FOOD,LOC-17,87,2026-08-02,2026-09-26,33,2026-09-08
LF-10176,SKU-0747,FOOD,LOC-20,22,2026-04-17,2027-03-16,5,2026-09-19
LF-10248,SKU-0945,FOOD,LOC-18,144,2026-09-07,2026-11-28,24,2026-09-16
LF-10748,SKU-0991,FOOD,LOC-01,7,2026-06-19,2027-02-19,3,2026-09-09
LF-11610,SKU-0727,HEALTHCARE,LOC-34,38,2024-08-16,2026-09-25,12,2026-09-15
LF-10313,SKU-0628,FOOD,LOC-35,30,2026-08-03,2027-07-20,9,2026-09-09
LF-10518,SKU-0650,FOOD,LOC-20,5,2025-07-17,2027-05-18,1,2026-09-17
LF-10628,SKU-0938,FOOD,LOC-03,53,2025-09-20,2026-12-30,61,2026-09-17
LF-11140,SKU-0717,FOOD,LOC-22,49,2026-09-15,2026-11-24,13,2026-09-15
LF-11648,SKU-0625,FOOD,LOC-36,52,2026-09-14,2026-11-15,25,2026-09-11
LF-11532,SKU-0828,FOOD,LOC-25,11,2026-08-11,2026-12-11,2,2026-09-21
LF-10734,SKU-0471,FOOD,LOC-04,34,2026-09-13,2026-12-05,7,2026-09-12
LF-10157,SKU-0966,FOOD,LOC-15,34,2026-08-27,2026-10-24,6,2026-09-21
LF-11624,SKU-0528,HEALTHCARE,LOC-10,35,2026-03-26,2027-04-17,22,2026-09-20
LF-10624,SKU-1026,FOOD,LOC-07,36,2026-03-03,2027-02-12,17,2026-09-18
LF-11824,SKU-0223,FOOD,LOC-10,22,2025-06-24,2027-04-10,5,2026-09-17
LF-70003,SKU-1093,FOOD,LOC-20,300,2024-10-03,2026-10-03,60,2026-09-14
LF-10938,SKU-0428,FOOD,LOC-31,21,2026-06-02,2026-10-28,6,2026-09-15
LF-11543,SKU-0956,HEALTHCARE,LOC-09,15,2024-11-17,2027-10-18,5,2026-09-18
LF-10721,SKU-0015,FOOD,LOC-29,38,2025-09-09,2026-10-26,10,2026-09-14
LF-11008,SKU-0268,FOOD,LOC-09,53,2024-12-28,2026-11-08,16,2026-09-09
LF-10003,SKU-0883,FOOD,LOC-14,5,2024-10-12,2026-09-24,3,2026-09-15
LF-11203,SKU-0388,HEALTHCARE,LOC-13,94,2026-01-26,2027-10-18,18,2026-09-19
LF-11936,SKU-0272,FOOD,LOC-03,101,2025-10-19,2027-08-24,20,2026-09-13
LF-10729,SKU-0664,FOOD,LOC-03,28,2026-05-20,2026-09-17,13,2026-09-14
LF-11499,SKU-0878,FOOD,LOC-11,61,2025-08-27,2026-12-26,24,2026-09-15
LF-10592,SKU-0393,FOOD,LOC-07,115,2026-09-01,2026-10-29,18,2026-09-10
LF-11770,SKU-0180,HEALTHCARE,LOC-24,23,2025-04-02,2027-07-28,7,2026-09-12
LF-10803,SKU-0955,FOOD,LOC-12,19,2025-01-15,2026-10-02,8,2026-09-12
LF-10737,SKU-0007,FOOD,LOC-18,10,2026-08-16,2027-01-06,2,2026-09-20
LF-11616,SKU-0324,FOOD,LOC-06,66,2026-04-26,2027-06-30,10,2026-09-12
LF-11707,SKU-0315,HEALTHCARE,LOC-35,23,2024-04-29,2027-02-20,4,2026-09-12
LF-11935,SKU-0770,HEALTHCARE,LOC-20,16,2024-04-30,2026-11-03,5,2026-09-21
LF-10660,SKU-0818,FOOD,LOC-07,75,2026-02-17,2027-08-18,24,2026-09-07
LF-10136,SKU-0359,FOOD,LOC-09,75,2025-09-19,2027-07-28,18,2026-09-21
LF-11228,SKU-0758,HEALTHCARE,LOC-37,16,2026-07-15,03/08/2027,2,2026-09-08
LF-11000,SKU-0800,FOOD,LOC-35,18,2025-10-17,2026-09-18,3,2026-09-21
LF-11227,SKU-0710,HEALTHCARE,LOC-06,5,2024-08-18,2027-03-09,1,2026-09-13
LF-11428,SKU-0399,FOOD,LOC-36,53,2026-09-21,2027-01-03,15,2026-09-08
LF-11257,SKU-0044,HEALTHCARE,LOC-21,36,2025-06-10,2027-06-21,7,2026-09-13
LF-10381,SKU-0095,FOOD,LOC-03,22,2025-07-16,2027-05-01,21,2026-09-08
LF-10038,SKU-0982,FOOD,LOC-25,101,2026-08-31,2026-11-29,19,2026-09-10
LF-11942,SKU-0467,FOOD,LOC-30,68,2026-05-01,2027-06-16,55,2026-09-08
LF-11068,SKU-0077,FOOD,LOC-12,41,2026-04-02,2026-11-14,8,2026-09-20
LF-10854,SKU-0551,FOOD,LOC-22,33,2025-11-28,2027-07-22,7,2026-09-21
LF-11355,SKU-0024,HEALTHCARE,LOC-18,56,2025-06-27,2027-06-29,10,2026-09-07
LF-10221,SKU-1019,HEALTHCARE,LOC-37,23,2025-07-03,2027-04-14,4,2026-09-12
LF-11427,SKU-0759,HEALTHCARE,LOC-02,14,2024-09-03,2027-05-05,10,2026-09-07
LF-10988,SKU-0832,FOOD,LOC-09,49,2026-09-20,2027-09-22,8,2026-09-09
LF-11834,SKU-0961,FOOD,LOC-04,24,2026-09-20,2026-11-06,4,2026-09-20
LF-11658,SKU-0062,HEALTHCARE,LOC-23,22,2025-06-26,2027-07-14,5,2026-09-15
LF-10310,SKU-1080,FOOD,LOC-01,29,2025-11-04,2027-08-18,6,2026-09-13
LF-11820,SKU-0111,FOOD,LOC-01,10,2025-08-09,2026-11-24,14,2026-09-12
LF-11910,SKU-0471,FOOD,LOC-22,15,2026-08-31,2026-11-21,3,2026-09-13
LF-10360,SKU-0721,FOOD,LOC-38,60,2026-09-20,2026-12-25,65,2026-09-11
LF-10712,SKU-0132,FOOD,LOC-28,36,2025-10-31,2027-04-03,11,2026-09-17
LF-10626,SKU-0506,FOOD,LOC-24,14,2024-02-13,2026-10-01,3,2026-09-11
LF-11467,SKU-0755,FOOD,LOC-05,8,2026-03-06,2027-01-05,2,2026-09-17
LF-10482,SKU-0788,FOOD,LOC-36,25,2026-01-22,2027-05-07,12,2026-09-13
LF-10242,SKU-0044,FOOD,LOC-09,61,2025-01-18,2027-01-30,19,2026-09-09
LF-10839,SKU-0173,FOOD,LOC-17,36,2026-07-25,2026-11-12,27,2026-09-20
LF-10698,SKU-1052,FOOD,LOC-27,13,2025-12-01,2027-04-19,7,2026-09-11
LF-11906,SKU-0246,FOOD,LOC-02,24,2026-08-16,2026-10-28,8,2026-09-10
LF-11420,SKU-0194,FOOD,LOC-27,32,2025-12-24,2026-11-19,12,2026-09-19
LF-10034,SKU-0941,FOOD,LOC-29,103,2025-08-19,2027-06-10,24,2026-09-21
LF-11538,SKU-0003,FOOD,LOC-03,51,2026-07-28,2027-10-24,16,2026-09-17
LF-10821,SKU-0737,HEALTHCARE,LOC-20,38,2025-03-18,2027-07-19,9,2026-09-21
LF-11550,SKU-0629,FOOD,LOC-23,46,2026-01-26,2027-05-04,10,2026-09-14
LF-11505,SKU-0802,HEALTHCARE,LOC-22,19,2025-12-19,2027-05-02,3,2026-09-14
LF-11320,SKU-0871,FOOD,LOC-31,45,2026-07-01,2027-03-27,60,2026-09-08
LF-11422,SKU-0633,FOOD,LOC-13,14,2026-08-26,2027-01-23,2,2026-09-08
LF-10206,SKU-0856,FOOD,LOC-23,18,2026-07-03,2027-06-14,4,2026-09-10
LF-11654,SKU-0774,FOOD,LOC-36,28,2026-06-08,2027-01-07,19,2026-09-17
LF-11118,SKU-0931,FOOD,LOC-37,12,2025-09-30,2027-06-20,5,2026-09-08
LF-10083,SKU-0767,FOOD,LOC-19,64,2025-08-15,2027-05-17,13,2026-09-08
LF-10383,SKU-0796,FOOD,LOC-31,12,2025-08-01,2027-02-22,3,2026-09-13
LF-10957,SKU-0799,FOOD,LOC-08,14,2025-09-14,2027-02-01,8,2026-09-21
LF-11636,SKU-0119,FOOD,LOC-20,22,2026-06-22,2027-01-16,6,2026-09-19
LF-10346,SKU-0650,FOOD,LOC-05,50,2025-03-15,2027-01-14,15,2026-09-20
LF-11367,SKU-0557,FOOD,LOC-26,30,2026-02-13,2027-01-29,15,2026-09-19
LF-11251,SKU-0471,FOOD,LOC-32,37,2026-09-09,2026-12-01,14,2026-09-13
LF-10278,SKU-0809,HEALTHCARE,LOC-22,110,2025-01-18,2027-04-14,80,2026-09-15
LF-11897,SKU-0756,FOOD,LOC-08,15,2025-12-15,2027-01-22,8,2026-09-09
LF-10447,SKU-0196,FOOD,LOC-35,44,2025-05-11,2026-12-31,10,2026-09-18
LF-10128,SKU-0251,FOOD,LOC-19,20,2025-03-23,2026-10-14,4,2026-09-20
LF-10364,SKU-0283,FOOD,LOC-27,23,2025-12-15,2027-03-28,14,2026-09-17
LF-11859,SKU-0307,FOOD,LOC-24,17,2025-04-09,2026-10-14,5,2026-09-11
LF-10340,SKU-0014,FOOD,LOC-26,20,2026-08-23,2027-03-28,4,2026-09-16
LF-11077,SKU-0319,FOOD,LOC-22,19,2025-02-24,2027-01-17,12,2026-09-16
LF-11108,SKU-0231,FOOD,LOC-04,48,2025-11-04,2027-09-16,12,2026-09-14
LF-10961,SKU-0884,FOOD,LOC-08,65,2026-09-10,2027-01-06,28,2026-09-15
LF-10975,SKU-0822,FOOD,LOC-20,66,2026-02-07,2027-06-13,24,2026-09-08
LF-10730,SKU-0071,FOOD,LOC-30,9,2025-07-16,2027-02-27,8,2026-09-09
LF-11726,SKU-0920,HEALTHCARE,LOC-38,30,2024-06-25,2027-02-08,6,2026-09-08
LF-10492,SKU-0217,FOOD,LOC-18,43,2025-11-08,2027-08-20,14,2026-09-18
LF-10908,SKU-0741,FOOD,LOC-03,65,2026-05-05,2026-09-24,13,2026-09-19
LF-10009,SKU-0742,FOOD,LOC-09,38,2026-03-20,2027-07-03,13,2026-09-18
LF-11246,SKU-0070,FOOD,LOC-14,-24,2026-09-20,2027-02-08,3,2026-09-21
LF-10126,SKU-0214,FOOD,LOC-37,41,2026-05-13,2026-12-18,18,2026-09-07
LF-11382,SKU-0359,FOOD,LOC-27,-18,2025-10-25,2027-09-02,6,2026-09-20
LF-10508,SKU-0734,FOOD,LOC-01,13,2025-10-17,2026-12-03,8,2026-09-10
LF-11112,SKU-0712,FOOD,LOC-13,14,2026-07-25,2026-11-28,21,2026-09-19
LF-11198,SKU-0612,HEALTHCARE,LOC-34,16,2024-08-08,2026-09-29,3,2026-09-16
LF-10554,SKU-0674,HEALTHCARE,LOC-20,95,2024-06-25,2027-06-10,22,2026-09-13
LF-11880,SKU-0176,HEALTHCARE,LOC-20,21,2025-10-31,2027-09-17,6,2026-09-07
LF-11184,SKU-1031,FOOD,LOC-32,15,2025-10-29,2027-10-06,3,2026-09-21
LF-10392,SKU-0090,FOOD,LOC-05,67,2025-10-11,2027-07-12,27,2026-09-12
LF-10106,SKU-0145,FOOD,LOC-10,26,2026-08-26,2027-01-03,7,2026-09-09
LF-10855,SKU-1072,FOOD,LOC-27,46,2026-09-07,2026-11-28,9,2026-09-18
LF-11049,SKU-0477,HEALTHCARE,LOC-09,34,2024-09-01,2027-02-17,6,2026-09-20
LF-10437,SKU-0257,FOOD,LOC-04,21,2026-06-28,2027-02-02,4,2026-09-17
LF-10449,SKU-1077,FOOD,LOC-31,33,2026-08-26,2026-12-25,6,2026-09-18
LF-11085,SKU-0900,FOOD,LOC-23,62,2026-08-16,2027-07-05,11,2026-09-17
LF-11720,SKU-0072,FOOD,LOC-12,10,2025-05-26,2026-12-13,3,2026-09-11
LF-11277,SKU-0854,FOOD,LOC-21,16,2024-12-27,2026-12-01,4,2026-09-21
LF-10463,SKU-0213,FOOD,LOC-20,44,2026-08-27,2027-04-01,19,2026-09-19
LF-10567,SKU-0509,FOOD,LOC-01,7,2026-09-17,2026-11-23,1,2026-09-16
LF-10655,SKU-0975,HEALTHCARE,LOC-10,88,2026-06-28,2027-08-05,93,2026-09-14
LF-10154,SKU-0320,FOOD,LOC-32,18,2026-03-11,2026-12-03,7,2026-09-08
LF-10937,SKU-0919,FOOD,LOC-15,64,2025-03-09,2026-09-28,13,2026-09-09
LF-10621,SKU-1059,FOOD,LOC-07,27,2026-03-07,2026-09-29,8,2026-09-19
LF-10367,SKU-0036,FOOD,LOC-31,39,2026-06-28,2026-09-29,47,2026-09-14
LF-10833,SKU-0897,FOOD,LOC-25,65,2026-09-17,2027-10-07,11,2026-09-17
LF-11102,SKU-0063,FOOD,LOC-32,45,2026-09-07,2027-06-10,8,2026-09-14
LF-11148,SKU-0027,FOOD,LOC-34,14,2026-05-18,2026-10-13,2,2026-09-20
LF-11097,SKU-0388,HEALTHCARE,LOC-21,7,2025-03-25,2026-12-15,4,2026-09-09
LF-10604,SKU-0246,FOOD,LOC-24,26,2026-09-13,2026-11-24,5,2026-09-18
LF-11136,SKU-1024,FOOD,LOC-34,17,2026-06-13,2026-12-22,4,2026-09-17
LF-11409,SKU-0601,FOOD,LOC-18,51,2026-07-02,2026-10-26,10,2026-09-12
LF-10148,SKU-0057,FOOD,LOC-21,6,2025-10-16,2027-01-21,1,2026-09-14
LF-10287,SKU-0469,HEALTHCARE,LOC-06,23,2024-12-27,2027-08-23,4,2026-09-11
LF-10970,SKU-0178,FOOD,LOC-02,45,2026-09-03,2026-12-22,8,2026-09-13
LF-11531,SKU-0066,FOOD,LOC-13,55,2025-11-18,2027-10-19,10,2026-09-15
LF-10653,SKU-0516,FOOD,LOC-01,28,2025-07-08,2027-02-27,12,2026-09-08
LF-10361,SKU-0117,FOOD,LOC-06,47,2026-08-20,2027-01-08,35,2026-09-20
LF-11436,SKU-0008,FOOD,LOC-19,29,2025-06-03,2026-12-30,6,2026-09-16
LF-10726,SKU-0832,FOOD,LOC-20,27,2025-12-11,2026-12-13,4,2026-09-13
LF-11109,SKU-0268,FOOD,LOC-26,56,2025-03-19,2027-01-28,10,2026-09-13
LF-10828,SKU-0426,HEALTHCARE,LOC-34,15,2025-12-30,2027-09-07,5,2026-09-19
LF-11129,SKU-0403,FOOD,LOC-25,6,2026-08-27,2026-10-11,1,2026-09-19
LF-11368,SKU-0407,FOOD,LOC-23,9,2025-04-22,2026-12-14,1,2026-09-21
LF-11516,SKU-0315,HEALTHCARE,LOC-23,27,2024-03-05,2026-12-27,6,2026-09-18
LF-11627,SKU-0016,HEALTHCARE,LOC-32,20,2026-04-20,2027-07-30,3,2026-09-20
LF-10127,SKU-0317,FOOD,LOC-27,28,2026-04-30,2027-06-12,6,2026-09-20
LF-11040,SKU-0129,FOOD,LOC-01,41,2025-01-14,2026-12-14,10,2026-09-10
LF-11025,SKU-0443,FOOD,LOC-18,12,2026-08-16,2027-05-26,7,2026-09-09
LF-10386,SKU-0011,HEALTHCARE,LOC-23,25,2024-11-23,2027-09-24,14,2026-09-18
LF-11729,SKU-0953,HEALTHCARE,LOC-21,18,2026-03-30,2027-09-16,10,2026-09-16
LF-10218,SKU-0342,FOOD,LOC-34,22,2026-06-02,2027-03-24,11,2026-09-17
LF-11389,SKU-0119,FOOD,LOC-01,20,2026-04-02,2026-10-26,4,2026-09-09
LF-10965,SKU-0426,HEALTHCARE,LOC-24,41,2025-11-22,2027-08-01,6,2026-09-16
LF-11018,SKU-0660,FOOD,LOC-06,11,2026-08-24,2027-03-30,14,2026-09-08
LF-11520,SKU-0407,FOOD,LOC-13,15,2025-04-20,2026-12-13,8,2026-09-11
LF-11035,SKU-0541,FOOD,LOC-24,26,2025-08-24,2027-06-02,6,2026-09-18
LF-10656,SKU-0636,FOOD,LOC-12,10,2026-04-21,2027-08-11,3,2026-09-21
LF-11248,SKU-0475,FOOD,LOC-32,113,2026-02-14,2026-10-19,32,2026-09-13
LF-10217,SKU-0627,FOOD,LOC-05,20,2025-11-06,2026-10-07,4,2026-09-14
LF-10942,SKU-0345,HEALTHCARE,LOC-36,19,2024-12-13,2027-03-17,4,2026-09-10
LF-11468,SKU-0333,FOOD,LOC-26,18,2026-03-05,2027-01-16,3,2026-09-10
LF-10352,SKU-0467,FOOD,LOC-10,21,2025-10-13,2026-11-29,4,2026-09-11
LF-11296,SKU-0870,FOOD,LOC-15,31,2026-03-10,2027-04-08,7,2026-09-10
LF-11262,SKU-0258,HEALTHCARE,LOC-35,27,2024-12-07,2027-10-25,38,2026-09-21
LF-10678,SKU-0496,FOOD,LOC-12,33,2025-03-11,2027-02-14,6,2026-09-17
LF-11815,SKU-1072,FOOD,LOC-06,27,2026-09-14,2026-12-04,18,2026-09-16
LF-10676,SKU-0593,FOOD,LOC-17,41,2026-08-11,2026-10-01,17,2026-09-21
LF-10040,SKU-0833,FOOD,LOC-12,37,2025-04-01,2026-11-25,7,2026-09-17
LF-11832,SKU-0175,FOOD,LOC-08,9,2026-08-05,2026-12-06,10,2026-09-09
LF-11900,SKU-1032,FOOD,LOC-25,18,2026-09-03,2026-12-02,7,2026-09-14
LF-10071,SKU-0156,FOOD,LOC-03,243,2026-09-17,2026-12-17,46,2026-09-09
LF-11318,SKU-0641,FOOD,LOC-16,42,2026-08-27,2027-10-20,8,2026-09-17
LF-10228,SKU-0081,FOOD,LOC-06,17,2025-11-15,2027-08-04,7,2026-09-08
LF-11563,SKU-0379,HEALTHCARE,LOC-18,56,2025-04-09,2027-06-14,12,2026-09-18
LF-10194,SKU-0116,HEALTHCARE,LOC-29,20,2026-05-11,2027-08-24,3,2026-09-10
LF-11804,SKU-0575,FOOD,LOC-14,7,2026-09-14,2026-12-17,1,2026-09-12
LF-11775,SKU-0114,FOOD,LOC-13,104,2025-09-02,2027-05-04,16,2026-09-10
LF-10298,SKU-0321,FOOD,LOC-18,12,2026-04-27,2027-05-22,3,2026-09-12
LF-10178,SKU-0599,FOOD,LOC-04,19,2025-09-03,2027-04-20,9,2026-09-20
LF-11305,SKU-0278,FOOD,LOC-12,43,2025-11-17,2027-03-19,10,2026-09-12
LF-10061,SKU-0797,FOOD,LOC-22,32,2026-07-13,2026-12-09,18,2026-09-16
LF-10311,SKU-0156,FOOD,LOC-27,18,2026-09-18,2026-12-17,4,2026-09-09
LF-11940,SKU-0370,FOOD,LOC-06,61,2026-07-30,2026-11-30,12,2026-09-17
LF-10720,SKU-0026,FOOD,LOC-29,13,2025-04-29,2027-03-18,3,2026-09-15
LF-11860,SKU-0839,HEALTHCARE,LOC-18,29,2026-02-06,2027-09-25,16,2026-09-13
LF-10580,SKU-0475,FOOD,LOC-29,55,2026-09-13,2027-05-18,42,2026-09-14
LF-11672,SKU-0288,FOOD,LOC-32,25,2026-07-04,2027-02-24,31,2026-09-09
LF-11335,SKU-0963,HEALTHCARE,LOC-06,23,2026-03-25,2027-06-28,18,2026-09-13
LF-11101,SKU-0866,FOOD,LOC-06,122,2026-08-29,2026-12-26,21,2026-09-08
LF-10125,SKU-1049,HEALTHCARE,LOC-18,17,2025-10-13,2026-11-29,19,2026-09-20
LF-11289,SKU-0021,FOOD,LOC-34,134,2024-12-21,2026-10-08,46,2026-09-11
LF-11652,SKU-0553,FOOD,LOC-34,17,2026-07-19,2026-11-13,16,2026-09-14
LF-11655,SKU-1082,FOOD,LOC-32,20,2026-05-24,2027-02-06,20,2026-09-11
LF-10873,SKU-0586,HEALTHCARE,LOC-12,6,2025-01-13,2027-01-15,1,2026-09-15
LF-11871,SKU-0481,FOOD,LOC-10,23,2026-07-18,2027-06-10,4,2026-09-17
LF-11887,SKU-0225,FOOD,LOC-13,8,2025-10-31,2026-09-12,1,2026-09-07
LF-10247,SKU-0994,FOOD,LOC-12,23,2026-05-10,2026-12-23,4,2026-09-07
LF-11774,SKU-0034,FOOD,LOC-29,18,2025-09-28,2027-04-05,3,2026-09-12
LF-11488,SKU-0831,HEALTHCARE,LOC-08,17,2025-09-26,2027-03-05,18,2026-09-17
LF-11137,SKU-0461,HEALTHCARE,LOC-13,19,2024-05-09,2026-12-15,6,2026-09-14
LF-11411,SKU-0368,FOOD,LOC-15,84,2025-12-15,2026-09-26,27,2026-09-07
LF-10495,SKU-0578,HEALTHCARE,LOC-29,16,2024-08-20,2027-01-25,3,2026-09-20
LF-10570,SKU-0468,FOOD,LOC-31,15,2026-06-08,2026-10-16,4,2026-09-14
LF-11401,SKU-0002,HEALTHCARE,LOC-25,28,2026-08-16,2027-10-25,10,2026-09-08
LF-11286,SKU-0201,FOOD,LOC-04,22,2026-07-25,2026-10-05,4,2026-09-19
LF-11797,SKU-0739,HEALTHCARE,LOC-20,48,2025-08-01,2027-10-23,71,2026-09-19
LF-11352,SKU-0714,FOOD,LOC-19,16,2025-08-22,2027-06-20,2,2026-09-09
LF-10984,SKU-0604,FOOD,LOC-08,69,2025-05-27,2026-12-22,11,2026-09-13
LF-11886,SKU-0537,FOOD,LOC-16,10,2025-08-27,2026-12-21,5,2026-09-13
LF-10263,SKU-0257,FOOD,LOC-07,15,2026-07-22,2027-02-26,4,2026-09-16
LF-10761,SKU-0441,FOOD,LOC-19,54,2026-08-06,2027-04-02,73,2026-09-17
LF-10223,SKU-0848,HEALTHCARE,LOC-35,84,2024-11-22,2027-08-11,25,2026-09-16
LF-11746,SKU-0304,HEALTHCARE,LOC-36,71,2025-06-18,2027-05-27,12,2026-09-11
LF-10060,SKU-0055,FOOD,LOC-13,53,2026-09-09,2026-12-24,68,2026-09-11
LF-10314,SKU-0947,HEALTHCARE,LOC-09,35,2025-12-05,2027-03-29,16,2026-09-09
LF-10088,SKU-0472,FOOD,LOC-17,16,2026-06-14,2027-05-09,3,2026-09-18
LF-11703,SKU-1081,HEALTHCARE,LOC-13,17,2025-03-01,2027-03-06,4,2026-09-19
LF-11167,SKU-0599,FOOD,LOC-10,52,2026-01-04,2027-08-21,14,2026-09-07
LF-11849,SKU-0679,FOOD,LOC-02,29,2025-05-14,2027-04-27,9,2026-09-18
LF-10959,SKU-0773,FOOD,LOC-13,34,2026-09-13,2026-11-20,5,2026-09-12
LF-11943,SKU-0319,FOOD,LOC-35,48,2025-10-27,2027-09-19,50,2026-09-17
LF-10065,SKU-0415,FOOD,LOC-05,34,2026-08-27,2027-04-06,5,2026-09-16
LF-10812,SKU-1000,FOOD,LOC-36,25,2025-12-15,2026-12-08,36,2026-09-14
LF-10283,SKU-0267,FOOD,LOC-13,15,2025-01-15,2026-11-28,4,2026-09-07
LF-11073,SKU-0259,HEALTHCARE,LOC-25,14,2025-11-06,2027-09-13,5,2026-09-20
LF-11312,SKU-0993,FOOD,LOC-32,11,2025-11-16,2027-04-11,3,2026-09-09
LF-11661,SKU-0212,FOOD,LOC-08,28,2026-08-28,2026-10-16,5,2026-09-09
LF-10648,SKU-0940,HEALTHCARE,LOC-35,44,2024-07-22,2027-03-07,7,2026-09-17
LF-11191,SKU-0681,FOOD,LOC-31,36,2025-10-13,2027-01-28,28,2026-09-19
LF-10750,SKU-0780,FOOD,LOC-08,79,2026-09-17,2026-11-30,60,2026-09-11
LF-11284,SKU-0001,FOOD,LOC-02,34,2026-01-28,2027-02-07,30,2026-09-09
LF-11406,SKU-0695,FOOD,LOC-07,42,2026-08-08,2026-11-22,13,2026-09-20
LF-10281,SKU-0007,FOOD,LOC-25,28,2026-07-26,2026-12-17,6,2026-09-19
LF-11750,SKU-0209,FOOD,LOC-21,17,2026-08-16,2027-07-02,3,2026-09-16
LF-11741,SKU-0964,FOOD,LOC-03,8,2026-08-23,2026-12-22,9,2026-09-19
LF-11443,SKU-1008,FOOD,LOC-38,21,2025-10-03,2026-11-27,5,2026-09-21
LF-11103,SKU-0086,FOOD,LOC-29,8,2026-05-07,2027-04-25,5,2026-09-08
LF-11178,SKU-0243,FOOD,LOC-31,56,2026-09-13,2027-04-13,13,2026-09-08
LF-10509,SKU-0094,FOOD,LOC-08,66,2026-07-27,2026-10-16,31,2026-09-20
LF-10197,SKU-0056,FOOD,LOC-29,25,2026-06-20,2027-03-03,9,2026-09-19
LF-11620,SKU-0594,FOOD,LOC-22,50,2026-09-07,2026-11-22,35,2026-09-19
LF-10654,SKU-0030,FOOD,LOC-03,25,2026-09-20,2027-02-07,27,2026-09-16
LF-10637,SKU-0665,FOOD,LOC-19,35,2025-08-03,2027-06-01,6,2026-09-15
LF-10030,SKU-0172,HEALTHCARE,LOC-37,45,2025-05-11,2027-04-02,28,2026-09-20
LF-11913,SKU-0910,HEALTHCARE,LOC-36,50,2024-08-28,2026-12-14,8,2026-09-16
LF-11154,SKU-0101,FOOD,LOC-10,20,2025-07-22,2027-02-17,4,2026-09-17
LF-11394,SKU-0897,FOOD,LOC-17,25,2026-04-06,2027-04-26,6,2026-09-15
LF-11497,SKU-1063,HEALTHCARE,LOC-20,42,2024-09-11,2027-05-23,10,2026-09-11
LF-11204,SKU-0372,FOOD,LOC-23,5,2025-11-20,2026-10-09,2,2026-09-09
LF-11885,SKU-0136,FOOD,LOC-09,13,2025-11-12,2027-09-07,3,2026-09-19
LF-11586,SKU-0039,FOOD,LOC-28,44,2026-09-08,2026-11-29,13,2026-09-15
LF-11300,SKU-0015,FOOD,LOC-27,16,2026-02-24,2027-04-12,3,2026-09-21
LF-10907,SKU-0779,FOOD,LOC-22,10,2026-09-20,2026-12-13,2,2026-09-15
LF-11041,SKU-0068,FOOD,LOC-38,72,2026-06-29,2026-10-22,16,2026-09-16
LF-10646,SKU-0378,FOOD,LOC-16,24,2025-08-11,2027-02-10,4,2026-09-20
LF-10967,SKU-0563,FOOD,LOC-06,74,2026-08-29,2026-12-23,77,2026-09-17
LF-10869,SKU-0135,HEALTHCARE,LOC-29,34,2025-11-24,2027-06-15,7,2026-09-10
LF-11456,SKU-0042,FOOD,LOC-33,16,2025-03-08,2027-01-18,7,2026-09-16
LF-10927,SKU-0276,FOOD,LOC-36,98,2026-08-21,2026-12-11,17,2026-09-21
LF-10607,SKU-0489,FOOD,LOC-15,11,2026-07-20,2026-11-13,2,2026-09-20
LF-11646,SKU-1060,FOOD,LOC-10,11,2026-05-28,2027-01-19,2,2026-09-08
LF-11596,SKU-0559,HEALTHCARE,LOC-13,36,2025-06-10,2027-02-04,14,2026-09-19
LF-11632,SKU-0807,HEALTHCARE,LOC-23,41,2025-05-28,2027-08-03,16,2026-09-13
LF-11700,SKU-1070,FOOD,LOC-25,48,2026-02-25,2027-10-17,21,2026-09-14
LF-11518,SKU-0443,FOOD,LOC-31,34,2026-05-20,2027-02-27,9,2026-09-12
LF-11692,SKU-0157,HEALTHCARE,LOC-09,128,2025-10-10,,73,2026-09-17
LF-11768,SKU-0907,FOOD,LOC-01,6,2026-09-20,2026-11-21,1,2026-09-13
LF-11657,SKU-0798,FOOD,LOC-12,87,2026-03-17,2026-09-25,95,2026-09-10
LF-10540,SKU-0409,FOOD,LOC-20,54,2026-03-26,2026-11-23,9,2026-09-18
LF-11580,SKU-0961,FOOD,LOC-18,22,2026-09-15,2026-10-31,7,2026-09-19
LF-11680,SKU-0691,FOOD,LOC-35,22,2026-08-26,2027-03-22,17,2026-09-11
LF-11200,SKU-0110,FOOD,LOC-03,18,2026-08-28,2026-12-08,5,2026-09-11
LF-11780,SKU-1072,FOOD,LOC-38,24,2026-08-06,2026-10-27,17,2026-09-10
LF-10913,SKU-1001,FOOD,LOC-10,5,2026-08-19,2026-12-19,2,2026-09-16
LF-11241,SKU-0798,FOOD,LOC-07,189,2026-08-27,2027-03-07,31,2026-09-14
LF-10551,SKU-0867,FOOD,LOC-03,29,2026-06-10,2027-01-13,8,2026-09-11
LF-10606,SKU-0362,FOOD,LOC-23,60,2025-07-26,2026-10-30,9,2026-09-16
LF-11091,SKU-0844,FOOD,LOC-07,5,2025-08-09,2027-07-23,1,2026-09-10
LF-11932,SKU-0469,HEALTHCARE,LOC-34,23,2024-04-14,2026-12-07,5,2026-09-08
LF-11523,SKU-0308,FOOD,LOC-02,37,2026-09-18,2026-11-25,16,2026-09-13
LF-10693,SKU-0106,FOOD,LOC-11,37,2025-12-06,2027-05-18,37,2026-09-15
LF-11892,SKU-0029,FOOD,LOC-01,99,2026-07-17,2026-11-12,35,2026-09-20
LF-10843,SKU-0772,FOOD,LOC-06,8,2026-08-19,2027-05-24,1,2026-09-16
LF-11575,SKU-0179,FOOD,LOC-37,5,2026-04-25,2026-12-13,2,2026-09-14
LF-11870,SKU-0939,FOOD,LOC-28,19,2026-09-13,2026-11-28,7,2026-09-08
LF-10339,SKU-0920,HEALTHCARE,LOC-32,51,2024-08-09,2027-03-26,13,2026-09-20
LF-11120,SKU-0879,HEALTHCARE,LOC-09,14,2025-05-18,2027-04-24,11,2026-09-15
LF-11823,SKU-0940,HEALTHCARE,LOC-13,33,2024-10-25,2027-06-10,6,2026-09-21
LF-11372,SKU-0913,FOOD,LOC-34,47,2025-12-04,2027-07-18,7,2026-09-20
LF-11143,SKU-0623,HEALTHCARE,LOC-23,55,2025-03-03,2027-09-15,17,2026-09-17
LF-10309,SKU-0588,FOOD,LOC-24,50,2026-06-13,2027-01-28,17,2026-09-15
LF-11295,SKU-0743,FOOD,LOC-06,64,2026-08-26,2026-10-18,21,2026-09-21
LF-10095,SKU-0567,FOOD,LOC-27,50,2025-07-30,2027-07-15,8,2026-09-15
LF-10079,SKU-0618,FOOD,LOC-01,49,2026-05-17,2027-09-14,20,2026-09-16
LF-10795,SKU-0920,HEALTHCARE,LOC-22,55,2024-02-06,2026-09-23,15,2026-09-17
LF-11226,SKU-0568,FOOD,LOC-24,25,2026-01-23,2026-12-12,5,2026-09-16
LF-11481,SKU-0754,FOOD,LOC-38,17,2025-11-15,2027-04-08,3,2026-09-15
LF-10208,SKU-0298,FOOD,LOC-31,24,2026-06-01,2026-09-26,10,2026-09-09
LF-10439,SKU-0651,HEALTHCARE,LOC-23,41,2025-10-07,2027-06-13,25,2026-09-13
LF-11737,SKU-1028,FOOD,LOC-07,7,2026-08-05,2026-12-09,9,2026-09-20
LF-11233,SKU-0455,FOOD,LOC-33,16,2026-09-18,2027-04-07,4,2026-09-19
LF-10107,SKU-0782,FOOD,LOC-36,24,2026-05-06,2027-02-18,10,2026-09-16
LF-11457,SKU-0291,FOOD,LOC-21,14,2026-04-04,2027-10-20,4,2026-09-08
LF-10590,SKU-1043,FOOD,LOC-31,17,2026-07-29,2026-11-20,4,2026-09-21
LF-10041,SKU-0040,HEALTHCARE,LOC-20,45,2025-09-11,2027-01-27,14,2026-09-11
LF-10784,SKU-0150,FOOD,LOC-10,9,2026-07-24,2026-12-15,3,2026-09-10
LF-11862,SKU-0147,FOOD,LOC-13,34,2025-12-14,2027-06-27,35,2026-09-15
LF-10771,SKU-0829,FOOD,LOC-01,21,2026-08-19,2027-09-10,4,2026-09-13
LF-11242,SKU-0850,HEALTHCARE,LOC-29,50,2024-10-07,2027-09-20,13,2026-09-11
LF-10948,SKU-1050,FOOD,LOC-30,65,2026-01-16,2026-12-25,35,2026-09-13
LF-10666,SKU-0202,FOOD,LOC-24,60,2026-05-04,2026-09-27,17,2026-09-09
LF-11319,SKU-0567,FOOD,LOC-20,60,2024-12-17,2026-12-01,46,2026-09-09
LF-11173,SKU-1015,FOOD,LOC-16,13,2026-08-10,2027-06-24,6,2026-09-10
LF-11803,SKU-0980,HEALTHCARE,LOC-32,33,2025-11-27,2027-09-19,14,2026-09-09
LF-10469,SKU-0977,FOOD,LOC-09,347,2025-09-24,2026-11-09,57,2026-09-21
LF-11256,SKU-0824,FOOD,LOC-01,24,2026-09-05,2026-11-25,16,2026-09-12
LF-11878,SKU-0960,FOOD,LOC-06,109,2026-06-27,2027-06-26,57,2026-09-08
LF-11607,SKU-0142,FOOD,LOC-10,26,2026-09-02,2026-12-10,5,2026-09-20
LF-11649,SKU-0983,HEALTHCARE,LOC-07,22,2025-07-05,2027-01-17,31,2026-09-11
LF-11020,SKU-0355,FOOD,LOC-02,15,2026-09-10,2026-12-22,5,2026-09-20
LF-11234,SKU-0544,FOOD,LOC-15,62,2026-07-26,2027-01-30,17,2026-09-14
LF-11106,SKU-0247,FOOD,LOC-04,39,2025-09-18,2026-11-11,8,2026-09-10
LF-10510,SKU-0168,FOOD,LOC-27,41,2025-07-16,2027-03-15,8,2026-09-19
LF-11069,SKU-0529,FOOD,LOC-03,22,2026-06-17,2026-11-11,12,2026-09-17
LF-10663,SKU-0785,FOOD,LOC-27,48,2026-02-23,2027-07-20,23,2026-09-21
LF-10258,SKU-0211,FOOD,LOC-21,37,2026-08-30,2027-05-28,10,2026-09-18
LF-11681,SKU-0713,FOOD,LOC-21,132,2026-03-08,2026-10-22,32,2026-09-17
LF-11670,SKU-0854,FOOD,LOC-13,15,2025-09-16,2027-08-20,6,2026-09-20
LF-11628,SKU-0348,FOOD,LOC-17,16,2026-09-21,2027-10-17,6,2026-09-11
LF-11302,SKU-0684,FOOD,LOC-23,70,2025-11-11,2027-06-29,12,2026-09-13
LF-10103,SKU-0897,FOOD,LOC-20,36,2025-11-12,2026-12-03,51,2026-09-14
LF-10728,SKU-0479,FOOD,LOC-27,57,2026-02-07,2027-05-25,11,2026-09-21
LF-10814,SKU-1011,FOOD,LOC-02,40,2026-08-22,2026-11-04,10,2026-09-10
LF-11739,SKU-0757,FOOD,LOC-22,33,2026-09-06,2026-11-10,24,2026-09-13
LF-11569,SKU-0316,FOOD,LOC-05,15,2025-09-21,2027-02-21,3,2026-09-14
LF-11260,SKU-0306,FOOD,LOC-27,19,2025-02-22,2027-01-04,7,2026-09-11
LF-10665,SKU-0740,FOOD,LOC-10,58,2025-03-09,2026-09-27,9,2026-09-08
LF-10723,SKU-0448,FOOD,LOC-38,39,2026-09-10,2026-11-21,15,2026-07-25
LF-11525,SKU-0806,FOOD,LOC-18,34,2025-09-17,2027-05-30,25,2026-09-16
LF-11004,SKU-0330,FOOD,LOC-37,32,2025-11-29,2027-10-10,17,2026-09-13
LF-11404,SKU-0684,FOOD,LOC-12,25,2025-04-11,2026-11-27,15,2026-09-09
LF-11527,SKU-0623,HEALTHCARE,LOC-20,47,2025-02-09,2027-08-25,16,2026-09-08
LF-10504,SKU-0042,FOOD,LOC-05,74,2025-08-22,2027-07-03,58,2026-09-13
LF-10458,SKU-0204,HEALTHCARE,LOC-34,24,2025-08-20,2027-01-15,8,2026-09-11
LF-11712,SKU-0625,FOOD,LOC-18,24,2026-09-21,2026-11-21,13,2026-09-11
LF-11722,SKU-0836,FOOD,LOC-22,7,2025-09-17,2026-11-06,5,2026-09-14
LF-11556,SKU-0492,FOOD,LOC-02,36,2026-08-02,2027-02-28,7,2026-09-12
LF-11694,SKU-0171,FOOD,LOC-08,34,2025-12-28,2027-10-15,21,2026-09-15
LF-10453,SKU-0578,HEALTHCARE,LOC-38,13,2024-06-29,2026-12-04,5,2026-09-10
LF-11448,SKU-1007,HEALTHCARE,LOC-07,7,2025-01-06,2027-07-10,2,2026-09-16
LF-10947,SKU-0353,FOOD,LOC-27,70,2025-02-19,2026-10-17,13,2026-09-14
LF-10235,SKU-1018,FOOD,LOC-18,40,2024-11-18,2026-11-02,43,2026-09-08
LF-11881,SKU-0793,FOOD,LOC-02,55,2026-08-08,2026-10-03,25,2026-09-14
LF-11128,SKU-0948,FOOD,LOC-36,17,2026-08-31,2026-12-02,5,2026-09-15
LF-11835,SKU-0662,HEALTHCARE,LOC-10,32,2024-04-03,2027-02-25,10,2026-09-09
LF-11852,SKU-0454,FOOD,LOC-13,32,2026-01-21,2027-03-07,7,2026-09-12
LF-11699,SKU-0889,HEALTHCARE,LOC-24,17,2025-09-29,2027-05-08,3,2026-09-21
LF-11656,SKU-0543,FOOD,LOC-18,60,2025-03-23,2026-11-28,14,2026-09-16
LF-11430,SKU-0821,FOOD,LOC-27,18,2025-02-08,2026-11-19,4,2026-09-13
LF-10299,SKU-0748,FOOD,LOC-09,18,2025-11-23,2027-06-06,15,2026-09-19
LF-11904,SKU-1090,FOOD,LOC-18,73,2025-06-13,2027-05-29,17,2026-09-15
LF-11066,SKU-0881,FOOD,LOC-28,22,2026-07-22,2026-11-04,9,2026-09-18
LF-11690,SKU-0645,FOOD,LOC-23,16,2025-09-14,2027-08-24,11,2026-09-08
LF-70005,SKU-1095,FOOD,LOC-30,200,2025-10-09,2026-10-09,90,2026-09-08
LF-11677,SKU-0328,HEALTHCARE,LOC-23,27,2025-07-28,2027-05-08,10,2026-09-16
LF-11339,SKU-0534,FOOD,LOC-27,29,2026-07-09,2027-05-26,9,2026-09-21
LF-10922,SKU-0593,FOOD,LOC-02,7,2026-09-11,2026-10-31,6,2026-09-10
LF-10440,SKU-0210,FOOD,LOC-35,13,2025-02-12,2026-12-13,6,2026-09-10
LF-10343,SKU-0292,FOOD,LOC-08,11,2026-03-07,2027-07-03,7,2026-09-09
LF-10552,SKU-0783,FOOD,LOC-17,33,2026-04-21,2027-02-01,11,2026-09-21
LF-11758,SKU-0690,FOOD,LOC-22,61,2025-09-08,2027-02-17,19,2026-09-08
LF-11549,SKU-0281,HEALTHCARE,LOC-06,44,2026-01-01,2027-04-07,8,2026-09-17
LF-11381,SKU-0503,FOOD,LOC-10,23,2026-01-04,2027-01-11,4,2026-09-07
LF-10368,SKU-0071,FOOD,LOC-34,36,2026-01-28,2027-09-10,11,2026-09-10
LF-11754,SKU-0036,FOOD,LOC-38,86,2026-09-09,2026-12-10,72,2026-09-19
LF-11190,SKU-0766,HEALTHCARE,LOC-37,7,2024-07-30,2027-04-04,9,2026-09-20
LF-11252,SKU-1037,FOOD,LOC-35,25,2025-07-13,2027-04-18,5,2026-09-10
LF-11084,SKU-0402,HEALTHCARE,LOC-37,38,2025-06-23,2027-01-09,6,2026-09-10
LF-11029,SKU-0138,FOOD,LOC-20,33,2025-04-12,2026-11-08,6,2026-09-15
LF-10573,SKU-0536,FOOD,LOC-34,40,2026-08-29,2027-01-20,8,2026-09-08
LF-10205,SKU-1085,FOOD,LOC-10,26,2025-12-25,2026-11-16,5,2026-09-13
LF-10507,SKU-0581,FOOD,LOC-34,15,2026-04-10,2027-02-03,4,2026-09-09
LF-10024,SKU-0259,HEALTHCARE,LOC-12,19,2025-11-07,2027-09-13,4,2026-09-08
LF-10234,SKU-0991,FOOD,LOC-29,24,2026-06-04,2027-02-04,5,2026-09-10
LF-11490,SKU-0510,FOOD,LOC-31,154,2026-09-16,2027-09-18,72,2026-09-08
LF-11058,SKU-0122,FOOD,LOC-07,48,2026-08-30,2026-12-12,13,2026-09-17
LF-11857,SKU-0225,FOOD,LOC-10,15,2026-02-19,2027-01-01,5,2026-09-09
LF-10564,SKU-1058,FOOD,LOC-13,41,2026-08-17,2026-12-02,15,2026-09-20
LF-11113,SKU-0755,FOOD,LOC-18,54,2026-01-24,2026-11-24,26,2026-09-09
LF-11848,SKU-0886,FOOD,LOC-16,32,2026-09-12,2027-01-08,6,2026-09-10
LF-11074,SKU-1086,HEALTHCARE,LOC-06,6,2025-08-26,2027-10-22,1,2026-09-21
LF-10925,SKU-0180,HEALTHCARE,LOC-08,18,2025-05-10,2027-09-04,6,2026-09-12
LF-10403,SKU-0482,FOOD,LOC-36,34,2026-02-09,2027-04-08,5,2026-09-16
LF-10642,SKU-0683,FOOD,LOC-35,28,2025-11-16,2026-10-22,7,2026-09-18
LF-11216,SKU-0185,FOOD,LOC-08,61,2026-09-20,2026-11-22,12,2026-09-19
LF-11698,SKU-0026,FOOD,LOC-04,12,2024-12-31,2026-11-18,2,2026-09-14
LF-11484,SKU-0443,FOOD,LOC-21,28,2026-09-08,2027-06-18,36,2026-09-13
LF-10291,SKU-0745,HEALTHCARE,LOC-07,272,2025-07-09,2026-12-11,138,2026-09-09
LF-11065,SKU-0609,HEALTHCARE,LOC-37,24,2025-06-02,2027-08-20,5,2026-09-07
LF-10317,SKU-0854,FOOD,LOC-09,39,2025-07-23,2027-06-27,15,2026-09-13
LF-11495,SKU-0411,FOOD,LOC-36,43,2026-08-08,2027-04-22,7,2026-09-09
LF-11392,SKU-0252,FOOD,LOC-27,26,2026-08-15,2026-11-06,9,2026-09-13
LF-11485,SKU-0937,FOOD,LOC-24,39,2026-09-12,2026-11-09,6,2026-09-08
LF-11560,SKU-0052,FOOD,LOC-10,6,2025-08-02,2027-05-31,2,2026-09-17
LF-10867,SKU-1002,FOOD,LOC-26,30,2025-11-01,,9,2026-09-18
LF-11055,SKU-0210,FOOD,LOC-04,44,2025-08-22,2027-06-20,21,2026-09-14
LF-10777,SKU-0723,FOOD,LOC-37,14,2025-09-19,2026-12-21,3,2026-09-07
LF-11396,SKU-0299,FOOD,LOC-17,36,2026-09-15,2027-09-02,6,2026-09-08
LF-10898,SKU-0750,FOOD,LOC-02,16,2026-09-15,2026-11-22,6,2026-09-08
LF-11023,SKU-0500,FOOD,LOC-24,43,2024-11-19,2026-10-23,8,2026-09-09
LF-11115,SKU-0872,HEALTHCARE,LOC-37,39,2025-09-07,2027-06-29,11,2026-09-19
LF-11541,SKU-0851,FOOD,LOC-06,20,2026-09-21,2026-11-27,12,2026-09-15
LF-11222,SKU-0608,FOOD,LOC-19,14,2025-04-05,2026-12-09,4,2026-09-14
LF-10389,SKU-0246,FOOD,LOC-10,61,2026-09-12,2026-11-22,67,2026-09-21
LF-10080,SKU-0682,FOOD,LOC-04,31,2026-07-19,2026-11-19,10,2026-09-21
LF-11734,SKU-0610,FOOD,LOC-03,50,2025-11-08,2027-08-20,9,2026-09-16
LF-11079,SKU-0249,FOOD,LOC-08,15,2026-04-17,2027-05-28,15,2026-09-18
LF-11213,SKU-0585,HEALTHCARE,LOC-37,38,2026-06-13,2027-08-15,9,2026-09-19
LF-10679,SKU-0784,HEALTHCARE,LOC-34,28,2024-09-02,2027-07-07,5,2026-09-16
LF-11622,SKU-1056,FOOD,LOC-05,13,2025-05-31,2027-04-30,2,2026-09-07
LF-10545,SKU-0349,FOOD,LOC-20,28,2025-11-22,2026-11-09,4,2026-09-14
LF-10006,SKU-0531,FOOD,LOC-31,38,2026-09-01,2027-01-13,28,2026-09-19
LF-10915,SKU-0049,HEALTHCARE,LOC-02,19,2025-11-11,2027-03-24,7,2026-09-21
LF-10971,SKU-1074,FOOD,LOC-07,16,2026-01-24,2026-12-27,3,2026-09-20
LF-10226,SKU-0886,FOOD,LOC-01,16,2026-09-12,2027-01-09,4,2026-09-08
LF-11660,SKU-0075,FOOD,LOC-02,24,2025-10-30,2027-02-01,4,2026-09-16
LF-10230,SKU-0008,FOOD,LOC-14,15,2025-06-12,2027-01-08,4,2026-09-15
LF-11383,SKU-0208,FOOD,LOC-26,15,2026-08-22,2027-10-15,3,2026-09-19
LF-10631,SKU-0107,HEALTHCARE,LOC-23,41,2026-05-17,2027-10-22,14,2026-09-10
LF-11214,SKU-1002,FOOD,LOC-21,119,2025-10-19,2026-12-14,23,2026-09-12
LF-11125,SKU-0255,HEALTHCARE,LOC-35,25,2025-03-28,2026-11-30,13,2026-09-19
LF-10344,SKU-0639,FOOD,LOC-02,16,2026-09-11,2027-01-06,3,2026-09-07
LF-11329,SKU-0087,FOOD,LOC-24,20,2026-05-06,2026-09-26,4,2026-09-20
LF-11301,SKU-0660,FOOD,LOC-07,10,2026-09-01,2027-04-09,2,2026-09-12
LF-10087,SKU-0235,HEALTHCARE,LOC-19,23,2026-07-16,2027-09-18,8,2026-09-09
LF-11482,SKU-0138,FOOD,LOC-27,140,2025-11-17,2027-06-16,27,2026-09-10
LF-11465,SKU-0890,FOOD,LOC-14,26,2026-03-02,2027-03-23,10,2026-09-12
LF-11336,SKU-0517,HEALTHCARE,LOC-38,37,2026-03-27,2027-09-27,6,2026-09-11
LF-10093,SKU-0058,FOOD,LOC-25,18,2026-08-08,2026-12-08,17,2026-09-21
LF-10811,SKU-0750,FOOD,LOC-27,13,2026-09-19,2026-11-27,2,2026-09-07
LF-11730,SKU-0048,FOOD,LOC-26,51,2026-03-29,2027-08-26,28,2026-09-17
LF-11360,SKU-1065,FOOD,LOC-04,37,2025-10-18,2027-02-01,7,2026-09-17
LF-11182,SKU-1079,FOOD,LOC-08,34,2026-09-03,2027-03-18,32,2026-09-08
LF-10401,SKU-0418,HEALTHCARE,LOC-13,24,2024-08-05,2027-02-18,4,2026-09-19
LF-10143,SKU-0265,FOOD,LOC-27,123,2025-09-19,2027-05-20,29,2026-09-14
LF-11533,SKU-0554,FOOD,LOC-28,24,2026-03-30,2026-12-31,27,2026-09-19
LF-11866,SKU-0815,FOOD,LOC-07,49,2026-09-03,2027-01-15,12,2026-09-07
LF-10057,SKU-0213,FOOD,LOC-21,55,2026-05-26,2026-12-30,19,2026-09-14
LF-11056,SKU-0402,HEALTHCARE,LOC-06,95,2025-07-29,2027-02-15,137,2026-09-15
LF-10451,SKU-0277,FOOD,LOC-09,9,2025-05-10,2026-11-22,5,2026-09-19
LF-11007,SKU-1084,FOOD,LOC-22,22,2025-10-30,2027-01-30,9,2026-09-19
LF-11311,SKU-0781,FOOD,LOC-28,23,2026-08-07,2026-12-02,14,2026-09-15
LF-10018,SKU-0481,FOOD,LOC-03,65,2026-06-14,2027-05-07,18,2026-09-09
LF-11920,SKU-0260,FOOD,LOC-03,49,2025-12-15,2027-10-15,19,2026-07-08
LF-10787,SKU-0413,FOOD,LOC-25,12,2025-10-19,2027-04-19,4,2026-09-10
LF-10973,SKU-0888,HEALTHCARE,LOC-19,39,2025-08-03,2026-10-30,28,2026-09-20
LF-11665,SKU-0164,FOOD,LOC-17,43,2025-09-24,2026-12-30,28,2026-09-14
LF-11207,SKU-0756,FOOD,LOC-18,20,2026-05-13,2027-06-21,8,2026-09-10
LF-10415,SKU-0895,FOOD,LOC-12,26,2026-05-04,2027-01-27,18,2026-09-18
LF-10608,SKU-0354,FOOD,LOC-02,25,2025-08-17,2027-04-01,6,2026-09-10
LF-10672,SKU-1061,FOOD,LOC-22,21,2026-08-22,2027-01-12,4,2026-09-14
LF-11307,SKU-1009,HEALTHCARE,LOC-38,44,2024-05-18,12/04/2027,59,2026-09-15
LF-10906,SKU-1045,FOOD,LOC-05,16,2025-08-10,2027-07-22,2,2026-09-13
LF-10700,SKU-1057,FOOD,LOC-05,68,2026-01-24,2026-12-20,41,2026-09-08
LF-11781,SKU-0632,FOOD,LOC-27,40,2026-05-30,2027-02-12,10,2026-09-07
LF-11310,SKU-0778,HEALTHCARE,LOC-34,47,2026-02-28,2027-04-28,26,2026-09-13
LF-11006,SKU-0303,HEALTHCARE,LOC-25,68,2025-03-15,2027-02-17,17,2026-09-20
LF-10098,SKU-0618,FOOD,LOC-13,48,2025-09-17,2027-01-15,24,2026-09-19
LF-11794,SKU-0433,FOOD,LOC-11,32,2026-03-09,2027-05-16,5,2026-09-17
LF-10611,SKU-0940,HEALTHCARE,LOC-20,119,2025-01-07,2027-08-23,98,2026-09-07
LF-10754,SKU-0496,FOOD,LOC-19,62,2025-03-16,2027-02-20,22,2026-09-19
LF-11158,SKU-1035,FOOD,LOC-32,14,2026-05-03,2026-09-22,3,2026-09-07
LF-10075,SKU-0040,HEALTHCARE,LOC-38,13,2025-10-02,2027-02-17,2,2026-09-14
LF-10101,SKU-0031,FOOD,LOC-28,40,2024-12-20,2026-11-12,19,2026-09-15
LF-11500,SKU-0395,HEALTHCARE,LOC-38,26,2026-04-17,2027-10-17,26,2026-09-12
LF-11819,SKU-0522,FOOD,LOC-18,35,2026-04-28,2027-09-19,37,2026-09-16
LF-11003,SKU-0078,FOOD,LOC-03,68,2026-09-13,2026-11-23,18,2026-09-14
LF-11865,SKU-0020,FOOD,LOC-11,33,2025-09-10,2026-10-31,5,2026-09-19
LF-10930,SKU-0103,HEALTHCARE,LOC-29,11,2026-02-18,2027-06-30,2,2026-09-09
LF-11831,SKU-0442,FOOD,LOC-15,41,2026-09-03,2026-10-31,11,2026-09-16
LF-10406,SKU-0984,FOOD,LOC-02,118,2026-07-30,2026-12-23,96,2026-09-21
LF-11784,SKU-0026,FOOD,LOC-13,50,2025-02-28,2027-01-17,30,2026-09-13
LF-11894,SKU-0524,FOOD,LOC-21,78,2025-01-15,2026-12-11,26,2026-09-15
LF-11013,SKU-0126,FOOD,LOC-37,41,2026-06-02,2026-12-15,29,2026-09-16
LF-11100,SKU-0696,FOOD,LOC-02,39,2026-09-14,2027-09-22,10,2026-09-08
LF-11124,SKU-0646,FOOD,LOC-05,12,2025-03-31,2027-02-08,12,2026-09-20
LF-10593,SKU-0653,FOOD,LOC-13,32,2025-03-10,2027-02-18,8,2026-09-13
LF-10780,SKU-0316,FOOD,LOC-26,18,2025-08-30,2027-01-30,5,2026-09-16
LF-10026,SKU-1018,FOOD,LOC-28,38,2025-07-30,2027-07-14,13,2026-09-08
LF-11716,SKU-0238,FOOD,LOC-01,45,2025-05-08,2027-02-06,13,2026-09-08
LF-10374,SKU-0591,FOOD,LOC-15,107,2025-10-19,2026-11-03,36,2026-09-21
LF-10000,SKU-0855,FOOD,LOC-25,15,2026-05-20,2026-10-10,5,2026-09-07
LF-10405,SKU-0790,FOOD,LOC-20,77,2026-05-17,2027-08-22,33,2026-09-15
LF-10459,SKU-1060,FOOD,LOC-25,57,2026-06-16,2027-02-06,22,2026-09-15
LF-10768,SKU-0781,FOOD,LOC-22,20,2026-08-23,2026-12-18,8,2026-09-17
LF-10881,SKU-0127,FOOD,LOC-32,10,2026-01-12,2027-09-23,4,2026-09-21
LF-10284,SKU-0326,FOOD,LOC-08,17,2026-06-11,2026-10-18,3,2026-09-11
LF-10142,SKU-0857,FOOD,LOC-22,27,2026-02-18,2027-06-29,6,2026-09-08
LF-10757,SKU-0556,HEALTHCARE,LOC-34,9,2026-01-12,2027-01-24,1,2026-09-20
LF-11209,SKU-1058,FOOD,LOC-25,28,2026-09-05,2026-12-19,13,2026-09-15
LF-11934,SKU-0662,HEALTHCARE,LOC-32,27,2024-01-21,2026-12-14,22,2026-09-08
LF-11332,SKU-1005,FOOD,LOC-18,31,2026-09-21,2026-11-10,14,2026-09-15
LF-10250,SKU-0925,FOOD,LOC-30,13,2026-08-15,2027-04-05,5,2026-09-21
LF-11709,SKU-0456,FOOD,LOC-13,29,2026-04-20,2027-03-30,15,2026-09-19
LF-10716,SKU-0280,FOOD,LOC-08,21,2026-05-12,2027-05-03,15,2026-09-07
LF-10714,SKU-0830,FOOD,LOC-24,49,2025-12-01,2026-10-14,12,2026-09-08
LF-10500,SKU-0529,FOOD,LOC-10,30,2026-09-05,2027-01-28,7,2026-09-09
LF-11405,SKU-0847,HEALTHCARE,LOC-13,103,2025-10-13,2027-08-20,38,2026-09-20
LF-11316,SKU-0958,FOOD,LOC-34,27,2026-09-17,2026-11-14,19,2026-09-17
LF-11683,SKU-0861,HEALTHCARE,LOC-18,31,2025-01-07,2027-04-05,5,2026-09-21
LF-11258,SKU-0504,FOOD,LOC-05,9,2025-06-20,2027-02-03,2,2026-09-16
LF-11147,SKU-0339,FOOD,LOC-15,30,2026-06-21,2026-09-30,5,2026-09-12
LF-11016,SKU-0234,FOOD,LOC-17,90,2026-09-21,2027-02-07,28,2026-09-11
LF-10623,SKU-0262,FOOD,LOC-38,30,2025-11-06,2027-03-15,5,2026-09-09
LF-11014,SKU-0178,FOOD,LOC-18,11,2026-08-28,2026-12-15,10,2026-09-19
LF-10958,SKU-0799,FOOD,LOC-32,14,2025-11-28,2027-04-18,5,2026-09-16
LF-11274,SKU-0921,FOOD,LOC-21,31,2025-04-13,2027-01-16,9,2026-09-14
LF-11371,SKU-0120,HEALTHCARE,LOC-25,28,2026-05-01,2027-07-23,10,2026-09-09
LF-10668,SKU-0668,FOOD,LOC-15,92,2026-03-19,2027-08-04,62,2026-09-17
LF-10945,SKU-0934,FOOD,LOC-28,5,2026-09-09,2026-11-21,2,2026-09-19
LF-11410,SKU-0163,FOOD,LOC-28,23,2025-05-13,2027-04-24,4,2026-09-11
LF-10068,SKU-0046,FOOD,LOC-01,14,2026-09-12,2027-04-02,2,2026-09-19
LF-11303,SKU-0458,HEALTHCARE,LOC-08,12,2026-01-08,2027-06-25,15,2026-09-09
LF-10476,SKU-0745,HEALTHCARE,LOC-22,24,2025-12-25,2027-05-28,4,2026-09-15
LF-10849,SKU-0921,FOOD,LOC-16,59,2025-01-10,2026-10-15,11,2026-09-14
LF-11671,SKU-0571,FOOD,LOC-21,32,2025-12-29,2026-10-30,6,2026-09-13
LF-10736,SKU-0409,FOOD,LOC-18,9,2026-04-24,2026-12-23,5,2026-09-10
LF-11043,SKU-0790,FOOD,LOC-04,19,2026-06-04,2027-09-10,9,2026-09-14
LF-11583,SKU-0339,FOOD,LOC-13,92,2026-07-11,2026-10-20,23,2026-09-12
LF-11743,SKU-0766,HEALTHCARE,LOC-25,31,2025-02-04,2027-10-09,10,2026-09-18
LF-11076,SKU-0390,FOOD,LOC-36,19,2025-09-06,2027-08-23,10,2026-09-20
LF-10647,SKU-0017,FOOD,LOC-05,110,2026-09-11,2027-05-06,20,2026-09-16
LF-10929,SKU-0967,HEALTHCARE,LOC-19,15,2026-03-13,2027-05-29,5,2026-09-12
LF-10786,SKU-0398,FOOD,LOC-18,15,2026-08-11,2026-09-30,4,2026-09-11
LF-11391,SKU-0423,FOOD,LOC-04,22,2026-08-11,2026-10-01,5,2026-09-16
LF-11478,SKU-0417,HEALTHCARE,LOC-34,14,2025-05-09,2026-11-02,4,2026-09-10
LF-11630,SKU-0667,HEALTHCARE,LOC-21,16,2024-08-12,2027-03-25,24,2026-09-12
LF-10365,SKU-0789,HEALTHCARE,LOC-09,20,2026-04-13,2027-04-19,15,2026-09-17
LF-11888,SKU-0929,FOOD,LOC-23,41,2025-09-04,2027-03-06,10,2026-09-14
LF-11572,SKU-0158,FOOD,LOC-16,10,2025-10-30,2027-10-17,2,2026-09-09
LF-11272,SKU-1089,FOOD,LOC-31,14,2025-11-08,2027-09-10,7,2026-09-15
LF-10014,SKU-0913,FOOD,LOC-01,55,2026-01-16,2027-08-30,10,2026-09-19
LF-10818,SKU-0531,FOOD,LOC-07,32,2026-08-04,2026-12-16,7,2026-09-16
LF-10617,SKU-0424,FOOD,LOC-11,36,2025-05-08,2027-03-28,11,2026-09-09
LF-11778,SKU-0371,FOOD,LOC-07,44,2026-03-02,2027-10-24,11,2026-09-07
LF-10900,SKU-0611,FOOD,LOC-18,48,2026-08-15,26/10/2027,10,2026-09-16
LF-11929,SKU-0446,FOOD,LOC-25,14,2026-02-27,2027-06-24,2,2026-09-14
LF-11875,SKU-0096,FOOD,LOC-37,41,2026-01-01,2027-01-08,9,2026-09-07
LF-10370,SKU-0348,FOOD,LOC-01,29,2026-08-29,2027-09-24,8,2026-09-13
LF-10409,SKU-0555,FOOD,LOC-14,16,2026-08-08,2027-07-06,3,2026-09-09
LF-10699,SKU-0303,HEALTHCARE,LOC-35,39,2024-10-18,2026-09-23,7,2026-09-20
LF-10810,SKU-0389,HEALTHCARE,LOC-07,45,2025-11-17,2027-03-17,9,2026-09-11
LF-11701,SKU-1075,HEALTHCARE,LOC-22,44,2025-09-10,2027-07-01,15,2026-09-14
LF-11710,SKU-0106,FOOD,LOC-13,20,2025-10-14,2027-03-27,7,2026-09-10
LF-10701,SKU-0282,HEALTHCARE,LOC-35,51,2024-03-04,2027-02-09,9,2026-09-07
LF-11763,SKU-0457,HEALTHCARE,LOC-12,34,2024-11-13,2027-07-13,9,2026-09-13
LF-10243,SKU-0381,FOOD,LOC-29,87,2025-06-16,2027-01-23,15,2026-09-21
LF-11939,SKU-0570,FOOD,LOC-25,40,2026-09-17,2026-11-25,9,2026-09-10
LF-11070,SKU-0532,FOOD,LOC-36,34,2025-07-17,2027-05-14,6,2026-09-16
LF-11496,SKU-0414,FOOD,LOC-29,31,2025-12-09,2026-10-07,5,2026-09-21
LF-10094,SKU-0401,HEALTHCARE,LOC-21,13,2025-01-11,2027-10-11,3,2026-09-21
LF-10448,SKU-0184,FOOD,LOC-25,50,2026-05-19,2027-02-21,23,2026-09-19
LF-10130,SKU-0139,FOOD,LOC-35,173,2025-04-13,2027-03-26,45,2026-09-18
LF-10471,SKU-0551,FOOD,LOC-06,62,2025-05-16,2027-01-07,14,2026-09-09
LF-10398,SKU-0872,HEALTHCARE,LOC-12,11,2025-09-17,2027-07-08,4,2026-09-09
LF-11805,SKU-0293,FOOD,LOC-36,30,2026-03-01,2027-02-01,7,2026-09-10
LF-11590,SKU-0072,FOOD,LOC-16,15,2025-10-11,2027-04-29,6,2026-09-16
LF-11361,SKU-0266,FOOD,LOC-15,51,2025-11-19,2027-01-24,12,2026-09-19
LF-10251,SKU-0294,FOOD,LOC-31,176,2026-07-29,2026-10-21,119,2026-09-13
LF-10954,SKU-0968,FOOD,LOC-30,43,2026-05-27,2027-08-12,9,2026-09-21
LF-10486,SKU-0253,FOOD,LOC-32,18,2026-08-27,2026-11-18,14,2026-09-16
LF-10435,SKU-0517,HEALTHCARE,LOC-29,20,2026-01-19,2027-07-21,8,2026-09-10
LF-10184,SKU-0525,HEALTHCARE,LOC-07,97,2025-06-18,2027-04-10,18,2026-09-09
LF-10004,SKU-0280,FOOD,LOC-12,37,2026-08-09,2027-07-29,16,2026-09-18
LF-10432,SKU-0375,FOOD,LOC-34,18,2026-01-22,2027-05-25,4,2026-09-11
LF-11755,SKU-1024,FOOD,LOC-06,59,2026-08-23,2027-03-02,30,2026-09-16
LF-11799,SKU-0112,FOOD,LOC-22,25,2025-08-03,2027-05-24,9,2026-09-16
LF-10059,SKU-0893,FOOD,LOC-30,32,2024-10-31,2026-10-10,8,2026-09-11
LF-10308,SKU-0052,FOOD,LOC-11,32,2025-03-25,2027-01-21,20,2026-09-16
LF-10265,SKU-0128,FOOD,LOC-14,94,2026-03-21,2026-12-13,33,2026-09-13
LF-11529,SKU-0530,HEALTHCARE,LOC-07,54,2025-02-09,2027-10-10,10,2026-09-09
LF-10684,SKU-0527,FOOD,LOC-09,52,2025-08-17,2027-04-02,16,2026-09-07
LF-10995,SKU-0407,FOOD,LOC-35,54,2026-03-01,2027-10-24,9,2026-09-21
LF-10831,SKU-0230,FOOD,LOC-14,27,2026-09-19,2026-11-24,27,2026-09-08
LF-11802,SKU-0765,FOOD,LOC-08,13,2026-02-26,2027-03-03,5,2026-09-08
LF-10209,SKU-0116,HEALTHCARE,LOC-38,87,2025-09-21,2027-01-04,14,2026-09-20
LF-10822,SKU-0336,FOOD,LOC-30,9,2026-05-24,2027-05-09,8,2026-09-10
LF-11139,SKU-0266,FOOD,LOC-37,23,2026-02-09,2027-04-16,7,2026-09-19
LF-11479,SKU-0459,FOOD,LOC-05,40,2026-08-17,12/09/2027,18,2026-09-11
LF-11104,SKU-0554,FOOD,LOC-10,12,2026-06-03,2027-03-08,4,2026-09-10
LF-10680,SKU-1077,FOOD,LOC-03,50,2026-06-06,2026-10-05,10,2026-09-18
LF-10220,SKU-0298,FOOD,LOC-38,45,2026-05-29,2026-09-22,27,2026-09-08
LF-10914,SKU-0718,HEALTHCARE,LOC-38,169,2025-04-25,2027-04-23,66,2026-09-18
LF-10190,SKU-0726,FOOD,LOC-38,66,2026-07-30,2027-05-04,14,2026-09-18
LF-11437,SKU-0148,FOOD,LOC-32,19,2026-07-06,2026-10-09,6,2026-09-16
LF-10117,SKU-0186,FOOD,LOC-18,79,2026-09-07,2026-10-26,13,2026-09-12
LF-11095,SKU-0648,FOOD,LOC-28,179,2026-02-15,2027-01-14,208,2026-09-21
LF-10090,SKU-0782,FOOD,LOC-22,5,2026-04-24,2027-02-07,1,2026-09-09
LF-10856,SKU-0703,FOOD,LOC-24,42,2026-09-16,2026-11-03,49,2026-09-09
LF-10755,SKU-1090,FOOD,LOC-25,68,2025-07-20,2027-07-05,14,2026-09-11
LF-10798,SKU-0998,HEALTHCARE,LOC-19,29,2024-03-23,2027-01-20,6,2026-09-13
LF-11412,SKU-0535,HEALTHCARE,LOC-38,67,2025-11-12,2027-08-29,16,2026-09-10
LF-10534,SKU-0615,FOOD,LOC-22,22,2026-05-23,2027-09-11,4,2026-09-18
LF-10783,SKU-0490,FOOD,LOC-30,42,2025-12-09,2027-02-17,7,2026-09-08
LF-11464,SKU-0244,HEALTHCARE,LOC-32,57,2026-02-27,2027-03-15,12,2026-09-20
LF-11290,SKU-0344,FOOD,LOC-15,32,2026-08-11,2026-10-09,15,2026-09-10
LF-10427,SKU-0229,FOOD,LOC-36,34,2026-03-13,2026-11-10,8,2026-09-07
LF-11540,SKU-0957,FOOD,LOC-12,8,2025-10-31,2027-07-16,3,2026-09-21
LF-11814,SKU-1063,HEALTHCARE,LOC-24,41,2024-07-03,2027-03-14,44,2026-09-16
LF-10163,SKU-0367,HEALTHCARE,LOC-10,10,2025-01-28,2027-04-05,2,2026-09-19
LF-11110,SKU-0892,FOOD,LOC-32,36,2026-08-10,2026-11-29,14,2026-09-07
LF-10599,SKU-0019,FOOD,LOC-17,47,2026-09-02,2026-12-05,8,2026-09-14
LF-10465,SKU-0547,FOOD,LOC-32,11,2026-09-14,2026-12-29,6,2026-09-18
LF-10076,SKU-0039,FOOD,LOC-38,50,2026-09-14,2026-12-06,16,2026-09-16
LF-10747,SKU-0666,FOOD,LOC-29,27,2025-06-17,2027-02-06,10,2026-09-15
LF-11662,SKU-0359,FOOD,LOC-28,107,2025-09-10,2027-07-18,33,2026-09-17
LF-11579,SKU-0430,FOOD,LOC-08,20,2026-08-14,2026-11-09,19,2026-09-12
LF-10903,SKU-0399,FOOD,LOC-31,41,2026-09-14,2026-12-28,39,2026-09-15
LF-11719,SKU-0493,HEALTHCARE,LOC-38,36,2024-11-20,2027-03-19,44,2026-09-07
LF-11453,SKU-0506,HEALTHCARE,LOC-08,45,2024-11-09,2027-06-30,9,2026-09-13
LF-10354,SKU-0498,FOOD,LOC-03,89,2025-02-10,2026-10-16,29,2026-09-13
LF-11757,SKU-0305,FOOD,LOC-13,39,2026-07-15,2027-08-04,12,2026-09-17
LF-10503,SKU-0540,FOOD,LOC-26,37,2026-05-18,2027-01-30,7,2026-09-08
LF-10860,SKU-0655,FOOD,LOC-06,40,2026-09-20,2026-12-03,28,2026-09-17
LF-10877,SKU-0380,FOOD,LOC-18,30,2026-05-09,2026-11-23,6,2026-09-12
LF-10419,SKU-0589,FOOD,LOC-01,20,2026-09-07,2026-12-01,9,2026-09-13
LF-10880,SKU-0270,FOOD,LOC-07,9,2025-12-06,2027-07-31,2,2026-09-13
LF-10824,SKU-0780,FOOD,LOC-17,33,2026-09-13,2026-11-26,13,2026-09-21
LF-11005,SKU-0189,FOOD,LOC-36,75,2026-09-03,2026-12-01,26,2026-09-13
LF-10901,SKU-1039,FOOD,LOC-02,24,2026-03-03,2027-09-10,16,2026-09-20
LF-10256,SKU-0308,FOOD,LOC-07,31,2026-09-20,2026-11-27,6,2026-09-16
LF-10191,SKU-0488,FOOD,LOC-02,48,2026-08-03,2026-10-26,53,2026-09-11
LF-11732,SKU-0102,FOOD,LOC-13,68,2026-09-03,2027-07-25,23,2026-09-14
LF-11444,SKU-0927,FOOD,LOC-38,88,2026-05-20,2026-09-22,14,2026-09-12
LF-10579,SKU-0385,FOOD,LOC-33,78,2026-07-30,2027-03-25,17,2026-09-21
LF-10630,SKU-0175,FOOD,LOC-32,20,2026-06-16,2026-10-17,7,2026-09-19
LF-10407,SKU-0693,FOOD,LOC-25,39,2025-01-28,2027-01-05,27,2026-07-09
LF-11867,SKU-1039,FOOD,LOC-21,71,2025-11-12,2027-05-22,23,2026-09-17
LF-11909,SKU-0096,FOOD,LOC-11,17,2026-07-17,2027-07-25,4,2026-09-15
LF-10535,SKU-0871,FOOD,LOC-36,82,2026-06-04,2027-02-28,43,2026-09-19
LF-11439,SKU-0918,HEALTHCARE,LOC-38,21,2025-01-02,2027-04-02,4,2026-09-20
LF-11806,SKU-0656,HEALTHCARE,LOC-36,68,2026-03-22,2027-09-23,16,2026-09-14
LF-10176,SKU-0747,FOOD,LOC-20,22,2026-04-17,2027-03-16,5,2026-09-19
LF-10778,SKU-0069,FOOD,LOC-31,37,2026-08-03,2027-02-25,29,2026-09-21
LF-10254,SKU-0420,FOOD,LOC-36,62,2025-12-26,2027-07-10,33,2026-09-16
LF-11800,SKU-0768,FOOD,LOC-32,30,2026-08-30,2027-01-21,6,2026-09-14
LF-10894,SKU-0550,HEALTHCARE,LOC-06,15,2025-09-16,2027-09-17,4,2026-09-14
LF-10627,SKU-0518,FOOD,LOC-20,41,2025-12-26,2027-05-10,13,2026-09-20
LF-10842,SKU-0066,FOOD,LOC-18,187,2025-09-20,2027-08-20,276,2026-09-15
LF-11494,SKU-0574,FOOD,LOC-25,23,2026-07-19,2026-09-25,16,2026-09-13
LF-10420,SKU-1000,FOOD,LOC-17,93,2026-06-21,2027-06-14,14,2026-09-09
LF-10876,SKU-1068,FOOD,LOC-03,19,2026-04-25,2027-01-18,3,2026-09-10
LF-11327,SKU-0901,FOOD,LOC-14,38,2026-08-31,2026-11-23,13,2026-09-21
LF-11057,SKU-0647,HEALTHCARE,LOC-10,21,2025-06-10,2027-09-02,5,2026-09-14
LF-11376,SKU-1039,FOOD,LOC-26,14,2025-05-16,2026-11-22,10,2026-09-08
LF-10692,SKU-0389,HEALTHCARE,LOC-21,23,2026-01-19,2027-05-19,6,2026-09-07
LF-11642,SKU-0546,FOOD,LOC-31,46,2026-02-25,2026-12-18,9,2026-09-17
LF-10355,SKU-0022,FOOD,LOC-17,13,2026-07-22,2026-11-19,5,2026-09-15
LF-11114,SKU-0700,FOOD,LOC-28,21,2025-08-05,2027-06-08,3,2026-09-15
LF-10602,SKU-0644,FOOD,LOC-37,16,2025-09-22,2026-09-15,11,2026-09-18
LF-10084,SKU-0507,FOOD,LOC-06,35,2026-08-01,2026-12-16,18,2026-09-21
LF-11082,SKU-0004,FOOD,LOC-24,24,2026-08-26,2026-12-22,6,2026-09-15
LF-11208,SKU-0753,HEALTHCARE,LOC-18,92,2026-04-14,2027-07-18,40,2026-09-16
LF-10704,SKU-0323,FOOD,LOC-18,32,2026-08-23,2026-10-21,12,2026-09-21
LF-10480,SKU-1041,FOOD,LOC-28,13,2026-04-18,2027-02-04,2,2026-09-15
LF-10123,SKU-0975,HEALTHCARE,LOC-09,53,2026-08-23,2027-10-01,12,2026-09-15
LF-11030,SKU-0832,FOOD,LOC-17,14,2026-06-11,2027-06-14,10,2026-09-16
LF-11231,SKU-0453,FOOD,LOC-21,28,2026-03-24,2027-10-11,6,2026-09-13
LF-10460,SKU-0421,FOOD,LOC-11,13,2026-08-21,2027-03-11,8,2026-09-10
LF-10556,SKU-0954,FOOD,LOC-07,21,2026-03-28,2027-05-20,7,2026-09-12
LF-70004,SKU-1094,FOOD,LOC-06,400,2025-09-11,,40,2026-09-19
LF-10775,SKU-0291,FOOD,LOC-03,74,2025-05-08,2026-11-23,14,2026-09-13
LF-10663,SKU-0785,FOOD,LOC-27,48,2026-02-23,2027-07-20,23,2026-09-21
LF-10548,SKU-0195,FOOD,LOC-28,29,2025-11-02,2026-11-12,5,2026-09-08
LF-11861,SKU-0438,FOOD,LOC-01,28,2026-08-14,2026-11-30,15,2026-09-14
LF-11224,SKU-0865,FOOD,LOC-37,51,2026-06-07,2027-05-19,9,2026-09-16
LF-10216,SKU-0091,FOOD,LOC-35,67,2025-08-02,2026-12-25,13,2026-09-20
LF-10325,SKU-1001,FOOD,LOC-32,29,2026-07-30,2026-11-30,18,2026-09-18
LF-10318,SKU-1063,HEALTHCARE,LOC-37,78,2024-12-12,2027-08-23,12,2026-09-11
LF-10689,SKU-0361,FOOD,LOC-28,37,2026-03-28,2027-04-20,52,2026-09-16
LF-11047,SKU-0386,FOOD,LOC-07,40,2026-04-09,2026-12-01,12,2026-09-08
LF-10962,SKU-0516,FOOD,LOC-31,13,2026-02-08,2027-09-30,2,2026-09-19
LF-11889,SKU-0566,HEALTHCARE,LOC-13,54,2024-02-19,2026-12-24,22,2026-09-19
LF-10023,SKU-0021,FOOD,LOC-08,47,2025-09-24,2027-07-11,13,2026-09-19
LF-11633,SKU-0903,HEALTHCARE,LOC-18,35,2025-01-30,2027-04-11,25,2026-09-11
LF-10616,SKU-0638,FOOD,LOC-06,45,2025-12-10,2026-11-23,10,2026-09-20
LF-10685,SKU-0239,FOOD,LOC-34,15,2026-08-10,2026-12-02,2,2026-09-16
LF-11036,SKU-0362,FOOD,LOC-37,18,2026-06-09,2027-09-12,7,2026-09-20
LF-11789,SKU-1066,FOOD,LOC-25,33,2026-08-08,2026-10-18,5,2026-09-18
LF-10928,SKU-0792,FOOD,LOC-31,8,2025-11-08,2027-05-17,5,2026-09-11
LF-10732,SKU-1016,FOOD,LOC-17,40,2026-08-25,2026-11-21,10,2026-09-21
LF-11470,SKU-0044,HEALTHCARE,LOC-36,19,2024-11-04,2026-11-14,16,2026-09-16
LF-10225,SKU-0412,FOOD,LOC-21,64,2025-10-18,2026-09-22,34,2026-09-11
LF-10473,SKU-0571,FOOD,LOC-38,121,2026-02-20,2026-12-22,22,2026-09-20
LF-10850,SKU-0161,FOOD,LOC-06,45,2026-09-20,2026-11-21,18,2026-09-13
LF-11267,SKU-0874,FOOD,LOC-21,18,2024-11-14,2026-09-28,3,2026-09-21
LF-11306,SKU-0505,FOOD,LOC-26,22,2026-06-06,2027-09-30,8,2026-09-09
LF-10696,SKU-0886,FOOD,LOC-15,20,2026-08-21,2026-12-16,29,2026-09-13
LF-10956,SKU-0397,FOOD,LOC-36,144,2026-06-07,2026-11-04,29,2026-09-10
LF-11377,SKU-0608,FOOD,LOC-17,85,2026-01-21,2027-09-27,21,2026-09-20
LF-11276,SKU-0161,FOOD,LOC-08,18,2026-09-21,2026-11-21,8,2026-09-13
LF-11445,SKU-0689,FOOD,LOC-29,61,2025-12-05,2027-02-15,82,2026-09-13
LF-10091,SKU-0108,FOOD,LOC-32,32,2026-05-16,2026-12-19,17,2026-09-10
LF-10323,SKU-1076,FOOD,LOC-08,40,2026-09-11,2026-10-29,12,2026-09-08
LF-10742,SKU-0657,FOOD,LOC-03,12,2026-08-29,2026-11-24,2,2026-09-14
LF-10133,SKU-0717,FOOD,LOC-13,11,2026-09-21,2026-11-29,6,2026-09-13
LF-11609,SKU-0336,FOOD,LOC-33,25,2025-11-20,2026-11-04,5,2026-09-20
LF-11808,SKU-0449,FOOD,LOC-19,39,2026-07-29,2027-04-15,37,2026-09-20
LF-10926,SKU-0223,FOOD,LOC-32,46,2025-07-30,2027-05-17,19,2026-09-13
LF-11345,SKU-0374,HEALTHCARE,LOC-37,45,2024-05-12,2026-11-29,11,2026-09-19
LF-10036,SKU-0725,HEALTHCARE,LOC-18,13,2026-01-19,2027-10-03,2,2026-09-14
LF-11568,SKU-0050,HEALTHCARE,LOC-34,22,2026-05-10,2027-09-21,4,2026-09-10
LF-10640,SKU-0141,FOOD,LOC-08,8,2026-02-05,2026-10-24,11,2026-09-09
LF-10709,SKU-0564,FOOD,LOC-25,52,2025-10-17,2026-11-29,14,2026-09-07
LF-11487,SKU-0924,FOOD,LOC-10,57,2026-09-21,2027-01-09,52,2026-09-17
LF-11341,SKU-1019,HEALTHCARE,LOC-21,13,2025-06-28,2027-04-09,3,2026-09-12
LF-10516,SKU-0801,FOOD,LOC-25,9,2026-09-11,2026-12-29,2,2026-09-21
LF-10779,SKU-0989,FOOD,LOC-31,37,2026-09-13,2026-11-02,10,2026-09-08
LF-11606,SKU-0551,FOOD,LOC-16,11,2025-12-05,2027-07-29,5,2026-06-30
LF-10667,SKU-0495,FOOD,LOC-38,41,2026-02-12,2027-03-19,8,2026-09-08
LF-10245,SKU-0706,FOOD,LOC-12,14,2025-10-21,2027-01-09,3,2026-09-19
LF-11365,SKU-0042,FOOD,LOC-03,91,2025-02-01,2026-12-14,70,2026-09-21
LF-10658,SKU-0446,FOOD,LOC-16,21,2025-08-02,2026-11-26,26,2026-09-11
LF-10951,SKU-1004,FOOD,LOC-28,23,2025-12-12,2026-11-08,4,2026-09-21
LF-10550,SKU-0670,HEALTHCARE,LOC-38,57,2024-12-24,2026-10-02,23,2026-09-19
LF-11891,SKU-0271,FOOD,LOC-28,26,2026-01-13,2027-02-20,4,2026-09-16
LF-10790,SKU-0391,FOOD,LOC-17,22,2026-07-21,2026-11-08,4,2026-09-18
LF-11032,SKU-0970,HEALTHCARE,LOC-25,8,2025-10-20,2027-04-20,2,2026-09-17
LF-10686,SKU-0926,FOOD,LOC-28,39,2025-08-16,2026-11-26,20,2026-09-14
LF-11400,SKU-0306,FOOD,LOC-33,19,2025-01-09,2026-11-22,7,2026-09-12
LF-11666,SKU-0291,FOOD,LOC-37,26,2025-06-15,2027-01-01,18,2026-09-21
LF-10384,SKU-0367,HEALTHCARE,LOC-29,91,2024-10-09,2026-12-14,54,2026-09-20
LF-10179,SKU-0392,FOOD,LOC-13,28,2026-08-06,2026-10-10,7,2026-09-12
LF-11054,SKU-0106,FOOD,LOC-28,17,2026-05-06,2027-10-17,4,2026-09-17
LF-11440,SKU-0553,FOOD,LOC-13,11,2026-06-04,2026-09-30,2,2026-09-17
LF-10620,SKU-0456,FOOD,LOC-14,24,2026-05-13,2027-04-22,5,2026-09-12
LF-11314,SKU-0987,HEALTHCARE,LOC-29,26,2024-06-04,2026-12-06,6,2026-09-16
LF-10807,SKU-0860,FOOD,LOC-30,24,2024-11-17,2026-10-02,11,2026-09-19
LF-10195,SKU-0425,FOOD,LOC-25,63,2026-04-18,2027-07-23,10,2026-09-16
LF-70008,SKU-1098,FOOD,LOC-36,1000,2025-12-20,2026-12-20,10,2026-09-07
LF-10193,SKU-0496,FOOD,LOC-36,48,2025-03-21,2027-02-24,28,2026-09-17
LF-11052,SKU-0842,FOOD,LOC-31,8,2026-02-09,2027-04-16,3,2026-09-20
LF-10911,SKU-0375,FOOD,LOC-04,74,2026-06-02,2027-10-03,32,2026-09-15
LF-10241,SKU-0805,FOOD,LOC-14,120,2026-06-03,2027-06-18,26,2026-09-19
LF-11463,SKU-0007,FOOD,LOC-28,23,2026-06-15,2026-11-05,6,2026-09-09
LF-10429,SKU-0782,FOOD,LOC-37,44,2026-09-17,2027-07-02,20,2026-09-20
LF-11354,SKU-0337,FOOD,LOC-02,26,2026-09-15,2027-05-06,17,2026-09-17
LF-11493,SKU-1083,FOOD,LOC-01,5,2026-09-20,2026-11-25,5,2026-09-17
LF-10082,SKU-0222,FOOD,LOC-29,16,2026-07-19,2027-01-25,3,2026-09-17
LF-10025,SKU-0798,FOOD,LOC-09,92,2026-09-15,2027-03-25,15,2026-09-12
LF-11323,SKU-0826,HEALTHCARE,LOC-34,46,2024-11-22,2026-12-29,13,2026-09-17
LF-10724,SKU-0035,FOOD,LOC-34,13,2026-07-14,2026-10-26,3,2026-09-08
LF-10058,SKU-0576,FOOD,LOC-10,23,2025-08-10,2027-04-10,10,2026-09-21
LF-10634,SKU-0998,HEALTHCARE,LOC-07,61,2024-04-02,2027-01-29,9,2026-09-11
LF-11469,SKU-0084,FOOD,LOC-28,20,2026-07-15,2027-04-12,14,2026-09-10
LF-10977,SKU-0995,FOOD,LOC-27,40,2025-09-19,2027-05-16,7,2026-09-12
LF-11618,SKU-0755,FOOD,LOC-14,13,2026-06-17,2027-04-17,7,2026-09-08
LF-11374,SKU-0803,FOOD,LOC-07,22,2026-07-10,2026-10-14,15,2026-09-12
LF-10188,SKU-0985,FOOD,LOC-04,36,2026-09-16,2027-04-01,6,2026-09-20
LF-11275,SKU-0593,FOOD,LOC-03,36,2026-09-02,2026-10-21,6,2026-09-11
LF-10177,SKU-0829,FOOD,LOC-36,13,2026-08-31,2027-09-21,17,2026-09-07
LF-11759,SKU-0652,FOOD,LOC-07,49,2026-08-11,2027-03-19,8,2026-09-17
LF-11268,SKU-0050,HEALTHCARE,LOC-38,30,2025-09-20,2027-01-31,11,2026-09-12
LF-11667,SKU-0635,FOOD,LOC-28,14,2026-09-20,2027-01-26,3,2026-09-10
LF-10047,SKU-0467,FOOD,LOC-15,27,2026-06-20,2027-08-06,6,2026-09-17
LF-10886,SKU-1011,FOOD,LOC-25,37,2026-09-16,2026-11-27,6,2026-09-12
LF-10688,SKU-0841,FOOD,LOC-02,68,2026-09-13,2026-12-23,24,2026-09-19
LF-11546,SKU-0177,FOOD,LOC-14,27,2025-11-07,28/09/2027,11,2026-09-12
LF-11717,SKU-0689,FOOD,LOC-14,46,2026-08-02,2027-10-12,9,2026-09-13
LF-11702,SKU-0762,HEALTHCARE,LOC-25,7,2024-04-15,2027-02-04,1,2026-09-18
LF-11735,SKU-1054,FOOD,LOC-29,53,2025-12-23,2026-12-04,11,2026-09-12
LF-10070,SKU-1062,FOOD,LOC-07,14,2026-09-19,2027-06-15,3,2026-09-11
LF-11446,SKU-0622,FOOD,LOC-18,10,2026-03-29,2027-01-20,2,2026-09-13
LF-11161,SKU-0789,HEALTHCARE,LOC-06,29,2026-07-04,2027-07-09,5,2026-09-15
LF-11362,SKU-0598,HEALTHCARE,LOC-20,21,2024-11-04,2027-04-21,3,2026-09-08
LF-10657,SKU-0882,HEALTHCARE,LOC-36,15,2025-03-28,2027-09-27,3,2026-09-07
LF-11210,SKU-0981,HEALTHCARE,LOC-32,14,2024-01-16,2026-11-22,9,2026-09-17
LF-11089,SKU-0314,FOOD,LOC-28,10,2026-07-19,2027-04-12,3,2026-09-18
LF-10884,SKU-0183,FOOD,LOC-31,13,2026-08-30,2027-01-20,3,2026-09-16
LF-11417,SKU-0162,FOOD,LOC-01,34,2026-05-29,2027-10-02,9,2026-09-12
LF-10462,SKU-0884,FOOD,LOC-17,9,2026-05-29,2026-09-24,2,2026-09-16
LF-10376,SKU-0812,FOOD,LOC-36,23,2026-05-25,2026-12-06,14,2026-09-16
LF-10422,SKU-0539,HEALTHCARE,LOC-36,40,2025-12-05,2027-03-28,18,2026-09-21
LF-11131,SKU-0660,FOOD,LOC-11,46,2026-05-25,2026-12-31,21,2026-09-08
LF-11199,SKU-0369,FOOD,LOC-09,8,2026-09-06,2027-07-19,3,2026-09-12
LF-10172,SKU-0087,FOOD,LOC-01,25,2026-08-15,2027-01-07,19,2026-09-13
LF-11715,SKU-0039,FOOD,LOC-31,27,2026-07-19,2026-10-10,7,2026-09-12
LF-10838,SKU-0207,HEALTHCARE,LOC-37,21,2024-11-02,2027-06-24,11,2026-09-09
LF-11132,SKU-0450,FOOD,LOC-18,25,2026-04-30,2026-09-26,8,2026-09-09
LF-10989,SKU-0112,FOOD,LOC-21,61,2025-02-01,2026-11-22,11,2026-09-07
LF-10351,SKU-0062,HEALTHCARE,LOC-18,41,2025-07-19,2027-08-06,9,2026-09-16
LF-10574,SKU-1050,FOOD,LOC-29,25,2026-09-11,2027-08-20,4,2026-09-20
LF-10425,SKU-0574,FOOD,LOC-22,41,2026-08-03,2026-10-10,9,2026-09-16
LF-10333,SKU-0399,FOOD,LOC-02,44,2026-08-21,2026-12-03,36,2026-09-15
LF-10844,SKU-0224,FOOD,LOC-20,15,2026-08-17,2027-06-13,15,2026-07-26
LF-11924,SKU-0650,FOOD,LOC-24,61,2024-11-23,2026-09-25,68,2026-09-21
LF-10359,SKU-0052,FOOD,LOC-32,6,2025-09-29,2027-07-27,1,2026-09-20
LF-10934,SKU-0881,FOOD,LOC-01,58,2026-07-27,,33,2026-09-12
LF-10261,SKU-1029,HEALTHCARE,LOC-18,17,2024-02-18,2027-01-24,4,2026-09-20
LF-11725,SKU-1059,FOOD,LOC-35,19,2026-09-16,2027-04-08,3,2026-09-12
LF-11364,SKU-0689,FOOD,LOC-06,28,2026-02-08,2027-04-20,5,2026-09-13
LF-11691,SKU-0606,FOOD,LOC-22,34,2026-02-05,2027-02-18,7,2026-09-18
LF-11603,SKU-0891,FOOD,LOC-17,26,2025-05-18,2027-04-09,26,2026-09-21
LF-10181,SKU-0458,HEALTHCARE,LOC-06,13,2025-04-14,2026-09-29,2,2026-09-09
LF-11060,SKU-0702,FOOD,LOC-31,32,2026-07-26,2026-11-21,8,2026-09-11
LF-10412,SKU-0114,FOOD,LOC-01,36,2025-11-05,2027-07-06,8,2026-09-20
LF-10671,SKU-0350,FOOD,LOC-35,43,2026-04-06,2027-01-09,12,2026-09-16
LF-10519,SKU-0943,FOOD,LOC-22,13,2025-11-14,2027-03-19,2,2026-09-14
LF-10231,SKU-1080,FOOD,LOC-19,23,2025-07-03,2027-04-16,7,2026-09-13
LF-11407,SKU-0406,HEALTHCARE,LOC-07,56,2026-04-25,2027-09-17,14,2026-09-21
LF-10889,SKU-0073,FOOD,LOC-34,26,2026-07-20,2027-04-13,14,2026-09-07
LF-11254,SKU-0359,FOOD,LOC-08,19,2025-07-01,2027-05-07,18,2026-09-20
LF-11369,SKU-1018,FOOD,LOC-06,24,2025-10-21,2027-10-06,11,2026-09-19
LF-10969,SKU-1046,FOOD,LOC-08,30,2026-09-15,2027-02-07,5,2026-09-14
LF-11346,SKU-0704,FOOD,LOC-16,22,2025-03-27,2027-01-04,3,2026-09-14
LF-10563,SKU-0300,FOOD,LOC-23,24,2026-03-24,2027-03-10,5,2026-09-21
LF-10827,SKU-0245,FOOD,LOC-05,36,2026-05-11,2026-12-26,6,2026-09-11
LF-10307,SKU-0836,FOOD,LOC-14,11,2026-03-14,2027-05-04,4,2026-09-11
LF-11042,SKU-0948,FOOD,LOC-27,62,2026-09-14,2026-12-15,9,2026-09-15
LF-10185,SKU-0482,FOOD,LOC-38,32,2026-03-14,2027-05-12,31,2026-09-11
LF-11294,SKU-0560,FOOD,LOC-32,11,2026-08-23,2026-12-09,7,2026-09-11
LF-10257,SKU-0712,FOOD,LOC-36,28,2026-09-03,2027-01-07,10,2026-09-13
LF-11219,SKU-0709,FOOD,LOC-16,35,2026-07-25,2026-11-21,7,2026-09-16
LF-11856,SKU-0121,HEALTHCARE,LOC-38,141,2024-05-19,2027-03-16,57,2026-09-08
LF-11062,SKU-0752,FOOD,LOC-08,18,2026-09-07,2026-11-22,5,2026-09-21
LF-10446,SKU-0124,FOOD,LOC-37,38,2024-11-21,2026-11-11,38,2026-09-16
LF-11545,SKU-0363,FOOD,LOC-08,46,2026-08-01,2026-12-06,7,2026-09-15
LF-10150,SKU-0504,FOOD,LOC-28,21,2025-10-06,2027-05-21,6,2026-09-21
LF-11593,SKU-0487,FOOD,LOC-18,11,2025-03-24,2027-03-02,2,2026-09-12
LF-10021,SKU-0165,FOOD,LOC-31,15,2025-11-01,2026-10-19,10,2026-09-09
LF-11504,SKU-1084,FOOD,LOC-02,13,2025-07-19,2026-10-18,6,2026-09-10
LF-10399,SKU-0438,FOOD,LOC-18,25,2026-08-26,2026-12-11,5,2026-09-11
LF-10183,SKU-1028,FOOD,LOC-10,26,2026-05-19,2026-09-22,5,2026-09-19
LF-11175,SKU-0327,FOOD,LOC-15,14,2025-08-04,2027-05-06,3,2026-09-08
LF-10745,SKU-0921,FOOD,LOC-31,17,2025-04-07,2027-01-10,4,2026-09-13
LF-10527,SKU-0807,HEALTHCARE,LOC-32,101,2025-04-01,2027-06-08,110,2026-09-15
LF-11087,SKU-0065,FOOD,LOC-36,14,2026-08-25,2027-04-14,3,2026-09-18
LF-11736,SKU-0788,FOOD,LOC-20,21,2025-08-31,2026-12-15,4,2026-09-19
LF-11902,SKU-1085,FOOD,LOC-02,5,2026-03-08,2027-01-29,1,2026-09-19
LF-10156,SKU-0309,FOOD,LOC-17,31,2025-11-07,2026-12-07,9,2026-09-14
LF-10244,SKU-0519,FOOD,LOC-27,20,2026-05-04,2026-09-26,5,2026-09-11
LF-11133,SKU-0811,HEALTHCARE,LOC-19,35,2026-06-07,2027-09-30,8,2026-09-13
LF-11046,SKU-0616,FOOD,LOC-24,33,2025-04-24,2026-11-16,12,2026-09-11
LF-11466,SKU-0307,FOOD,LOC-14,16,2025-10-03,2027-04-09,3,2026-09-17
LF-10847,SKU-0555,FOOD,LOC-29,24,2026-01-03,2026-12-01,6,2026-09-07
LF-10327,SKU-0716,FOOD,LOC-05,19,2026-05-16,2026-12-02,4,2026-09-18
LF-10424,SKU-0802,HEALTHCARE,LOC-35,86,2025-05-05,2026-09-17,48,2026-09-11
LF-10980,SKU-0574,FOOD,LOC-17,42,2026-09-20,2026-11-27,29,2026-09-12
LF-10744,SKU-0167,FOOD,LOC-16,21,2026-02-24,2026-11-15,14,2026-09-20
LF-11506,SKU-0724,FOOD,LOC-15,62,2026-06-30,2026-10-05,11,2026-09-11
LF-11776,SKU-0689,FOOD,LOC-26,36,2025-09-04,2026-11-15,17,2026-09-21
LF-10008,SKU-0371,FOOD,LOC-15,49,2025-10-12,2027-06-06,16,2026-09-21
LF-10239,SKU-0812,FOOD,LOC-08,26,2026-03-27,2026-10-06,5,2026-09-19
LF-10372,SKU-0787,FOOD,LOC-23,21,2025-09-04,2027-03-05,7,2026-09-10
LF-11827,SKU-0390,FOOD,LOC-19,48,2025-11-10,2027-10-26,18,2026-09-16
LF-11539,SKU-0904,FOOD,LOC-13,29,2025-11-14,2027-05-12,5,2026-09-10
LF-10851,SKU-0542,FOOD,LOC-30,30,2025-12-29,2026-12-21,23,2026-09-17
LF-11751,SKU-0082,FOOD,LOC-18,24,2025-06-15,2027-01-30,6,2026-09-11
LF-11673,SKU-0216,HEALTHCARE,LOC-18,20,2025-03-03,2027-07-31,15,2026-09-07
LF-11194,SKU-0731,FOOD,LOC-16,29,2026-07-19,2026-11-09,18,2026-09-07
LF-10483,SKU-0404,FOOD,LOC-16,26,2026-01-21,2027-06-27,32,2026-09-20
LF-10597,SKU-0256,FOOD,LOC-27,46,2026-08-23,2026-11-23,8,2026-09-17
LF-10169,SKU-0080,FOOD,LOC-37,45,2025-02-10,2027-01-03,12,2026-09-18
LF-10865,SKU-0154,FOOD,LOC-34,51,2026-04-06,2027-03-13,30,2026-09-21
LF-10600,SKU-0978,HEALTHCARE,LOC-34,47,2025-08-05,2027-08-08,12,2026-09-19
LF-11134,SKU-0538,HEALTHCARE,LOC-08,45,2024-11-25,2027-03-31,9,2026-09-12
LF-10279,SKU-0659,FOOD,LOC-38,10,2026-02-23,2027-10-25,3,2026-09-08
LF-10938,SKU-0428,FOOD,LOC-31,21,2026-06-02,2026-10-28,6,2026-09-15
LF-11576,SKU-1096,FOOD,LOC-12,200,2026-08-22,2026-12-20,150,2026-09-11
LF-11236,SKU-0313,FOOD,LOC-30,56,2026-02-26,2026-10-01,49,2026-09-18
LF-10964,SKU-0301,FOOD,LOC-16,80,2026-08-22,2026-11-21,107,2026-09-17
LF-10722,SKU-0545,FOOD,LOC-10,54,2026-08-29,2026-12-30,23,2026-09-09
LF-10414,SKU-0241,FOOD,LOC-17,26,2025-07-17,2026-11-15,6,2026-09-21
LF-10526,SKU-0632,FOOD,LOC-07,15,2026-07-12,2027-03-27,7,2026-09-21
LF-11644,SKU-0365,FOOD,LOC-18,23,2026-08-13,2026-11-27,22,2026-09-08
LF-10431,SKU-0311,FOOD,LOC-28,57,2026-01-11,2027-03-25,16,2026-09-15
LF-11398,SKU-0955,FOOD,LOC-01,42,2025-03-10,2026-11-26,14,2026-09-08
LF-10797,SKU-0701,FOOD,LOC-06,20,2026-01-02,2027-04-07,11,2026-09-15
LF-10433,SKU-0018,HEALTHCARE,LOC-09,46,2025-07-26,2027-09-20,15,2026-09-19
LF-10450,SKU-0572,FOOD,LOC-13,29,2026-02-23,2027-01-06,6,2026-09-18
LF-11637,SKU-0564,FOOD,LOC-37,13,2025-10-30,,3,2026-09-12
LF-11921,SKU-0735,FOOD,LOC-01,46,2026-03-12,2027-02-15,10,2026-09-20
LF-10998,SKU-0466,HEALTHCARE,LOC-37,8,2025-07-15,2027-07-29,3,2026-09-07
LF-10421,SKU-0552,FOOD,LOC-18,31,2026-08-24,2027-01-05,6,2026-09-11
LF-10335,SKU-0480,FOOD,LOC-02,60,2025-11-24,2027-10-01,37,2026-09-12
LF-11261,SKU-0783,FOOD,LOC-18,20,2026-07-31,2027-05-13,5,2026-09-14
LF-11278,SKU-0335,FOOD,LOC-15,25,2025-06-28,2027-03-03,8,2026-09-18
LF-11449,SKU-0835,FOOD,LOC-11,31,2026-01-03,2026-11-13,9,2026-09-20
LF-10891,SKU-1022,HEALTHCARE,LOC-10,18,2024-07-31,2026-12-29,5,2026-09-17
LF-10682,SKU-0484,FOOD,LOC-10,9,2026-06-30,2026-11-11,2,2026-09-18
LF-10074,SKU-0389,HEALTHCARE,LOC-20,58,2026-06-08,2027-10-05,31,2026-09-08
LF-10187,SKU-0587,FOOD,LOC-08,36,2026-05-08,2027-06-22,18,2026-09-13
LF-11598,SKU-0582,FOOD,LOC-22,53,2026-05-26,2026-10-07,17,2026-09-18
LF-11373,SKU-0495,FOOD,LOC-15,50,2026-05-29,2027-07-02,16,2026-09-19
LF-11688,SKU-0952,FOOD,LOC-09,21,2025-08-31,2027-02-15,4,2026-09-08
LF-11663,SKU-0228,FOOD,LOC-09,27,2025-08-01,2027-04-30,8,2026-09-15
LF-10974,SKU-0423,FOOD,LOC-03,23,2026-08-31,2026-10-20,9,2026-09-09
LF-10933,SKU-0271,FOOD,LOC-19,15,2025-09-02,2026-10-10,5,2026-09-07
LF-10280,SKU-0162,FOOD,LOC-27,26,2025-07-30,2026-12-03,6,2026-09-18
LF-11779,SKU-0240,FOOD,LOC-03,45,2026-09-01,2026-12-05,7,2026-09-07
LF-10972,SKU-0603,HEALTHCARE,LOC-34,67,2024-01-05,2026-12-02,13,2026-09-15
LF-11205,SKU-0113,FOOD,LOC-08,19,2025-07-21,2027-04-13,4,2026-09-14
LF-10485,SKU-0002,HEALTHCARE,LOC-24,12,2025-09-19,2026-11-30,2,2026-09-14
LF-11873,SKU-0614,FOOD,LOC-18,18,2026-05-21,2027-01-02,7,2026-09-07
LF-11189,SKU-0977,FOOD,LOC-37,25,2026-05-19,2027-07-05,4,2026-09-09
LF-11379,SKU-0175,FOOD,LOC-27,14,2026-07-24,2026-11-24,2,2026-09-09
LF-11521,SKU-0600,FOOD,LOC-01,54,2026-05-12,2027-10-14,42,2026-09-18
LF-10610,SKU-0167,FOOD,LOC-24,50,2026-01-24,2026-10-14,33,2026-09-08
LF-10799,SKU-0200,HEALTHCARE,LOC-20,27,2025-08-03,2027-05-15,7,2026-09-19
LF-10322,SKU-0868,FOOD,LOC-15,41,2026-03-01,2026-11-06,31,2026-09-16
LF-11010,SKU-0612,HEALTHCARE,LOC-06,13,2025-02-14,2027-04-07,4,2026-09-15
LF-10673,SKU-0762,HEALTHCARE,LOC-36,5,2024-07-25,2027-05-16,1,2026-09-18
LF-11557,SKU-0763,FOOD,LOC-08,5,2026-08-30,2026-12-02,1,2026-09-08
LF-10677,SKU-0417,HEALTHCARE,LOC-32,15,2026-02-02,2027-07-30,9,2026-09-13
LF-10836,SKU-0177,FOOD,LOC-15,43,2025-11-30,2027-10-21,7,2026-09-13
LF-10232,SKU-0680,FOOD,LOC-17,60,2025-06-24,2027-05-11,37,2026-06-14
LF-10102,SKU-0156,FOOD,LOC-36,60,2026-09-15,2026-12-14,14,2026-09-12
LF-10233,SKU-0990,HEALTHCARE,LOC-10,15,2025-10-30,2027-09-08,3,2026-09-18
LF-10227,SKU-0790,FOOD,LOC-14,90,2026-04-02,2027-07-08,17,2026-09-18
LF-11685,SKU-0969,HEALTHCARE,LOC-29,68,2025-02-17,2027-03-21,12,2026-09-21
LF-11298,SKU-0373,FOOD,LOC-30,46,2025-11-01,2027-03-17,9,2026-09-19
LF-11796,SKU-0470,FOOD,LOC-02,27,2025-11-26,2027-07-28,23,2026-09-10
LF-11317,SKU-1034,FOOD,LOC-01,24,2026-03-03,2026-12-24,15,2026-09-13
LF-10845,SKU-0605,FOOD,LOC-01,36,2026-05-24,2026-10-14,12,2026-09-08
LF-10200,SKU-0721,FOOD,LOC-01,12,2026-08-17,2026-11-22,5,2026-09-14
LF-11686,SKU-0458,HEALTHCARE,LOC-12,11,2026-03-29,2027-09-13,3,2026-09-10
LF-10052,SKU-0589,FOOD,LOC-08,56,2026-09-09,2026-12-04,36,2026-09-18
LF-11915,SKU-0875,FOOD,LOC-30,5,2026-07-21,2027-01-19,1,2026-09-19
LF-10770,SKU-0933,FOOD,LOC-01,16,2025-07-13,2027-04-19,5,2026-09-17
LF-10866,SKU-0284,FOOD,LOC-32,21,2026-09-03,2026-11-28,4,2026-09-11
LF-11513,SKU-1077,FOOD,LOC-14,15,2026-09-11,2027-01-10,4,2026-09-19
LF-11474,SKU-0009,FOOD,LOC-17,46,2026-07-08,2026-10-24,8,2026-09-11
LF-11599,SKU-0988,FOOD,LOC-12,23,2025-12-05,2026-10-26,17,2026-09-12
LF-11901,SKU-0447,HEALTHCARE,LOC-32,77,2024-09-25,2027-04-30,42,2026-09-12
LF-11245,SKU-0908,FOOD,LOC-04,12,2025-12-20,2026-12-22,2,2026-09-12
LF-11912,SKU-0757,FOOD,LOC-28,48,2026-09-17,2026-11-22,8,2026-09-13
LF-11344,SKU-0131,FOOD,LOC-14,34,2026-07-26,2026-12-18,12,2026-09-19
LF-11512,SKU-0242,HEALTHCARE,LOC-24,52,2025-09-21,2027-05-14,29,2026-09-18
LF-11187,SKU-0945,FOOD,LOC-22,6,2026-07-24,2026-10-13,5,2026-09-11
LF-11830,SKU-0976,FOOD,LOC-37,63,2026-08-17,2027-02-16,11,2026-09-13
LF-10885,SKU-0649,FOOD,LOC-24,41,2026-04-28,2027-06-16,12,2026-09-15
LF-10725,SKU-0056,FOOD,LOC-35,21,2026-04-16,2026-12-27,8,2026-09-15
LF-11370,SKU-0735,FOOD,LOC-12,39,2026-09-10,2027-08-16,8,2026-09-11
LF-11809,SKU-0236,FOOD,LOC-27,21,2026-05-29,2026-12-28,7,2026-09-12
LF-10853,SKU-0537,FOOD,LOC-27,77,2025-10-05,2027-01-29,19,2026-09-17
LF-11447,SKU-0465,FOOD,LOC-33,33,2026-07-03,2027-04-03,8,2026-09-19
LF-70002,SKU-1092,FOOD,LOC-20,100,2025-12-20,2026-10-16,30,2026-09-20
LF-11250,SKU-0094,FOOD,LOC-22,23,2026-07-03,2026-09-23,5,2026-09-18
LF-10329,SKU-0959,FOOD,LOC-25,12,2026-08-17,2027-01-05,3,2026-09-18
LF-11813,SKU-0674,HEALTHCARE,LOC-35,49,2024-04-12,2027-03-28,19,2026-09-13
LF-11304,SKU-0264,FOOD,LOC-16,23,2025-09-29,2027-05-25,17,2026-09-18
LF-11039,SKU-0643,FOOD,LOC-09,120,2026-09-10,2027-06-23,178,2026-09-07
LF-11218,SKU-0925,FOOD,LOC-21,17,2026-07-07,2027-02-27,8,2026-09-09
LF-10529,SKU-0499,FOOD,LOC-34,66,2026-04-12,2027-08-14,12,2026-09-15
LF-10575,SKU-0900,FOOD,LOC-25,53,2026-07-24,2027-06-13,47,2026-09-07
LF-10114,SKU-0258,HEALTHCARE,LOC-06,175,2023-11-01,2026-09-18,41,2026-09-20
LF-11480,SKU-0409,FOOD,LOC-14,40,2026-07-25,2027-03-25,13,2026-09-10
LF-11850,SKU-1067,FOOD,LOC-14,37,2026-06-05,2026-09-14,10,2026-09-13
LF-11756,SKU-0838,FOOD,LOC-34,9,2026-04-17,2027-04-21,2,2026-09-12
LF-11728,SKU-0648,FOOD,LOC-06,20,2026-01-04,2026-12-02,8,2026-09-11
LF-11264,SKU-0522,FOOD,LOC-33,6,2026-03-27,2027-08-18,1,2026-09-14
LF-10039,SKU-0941,FOOD,LOC-22,25,2024-12-17,2026-10-07,7,2026-09-12
LF-11675,SKU-0125,HEALTHCARE,LOC-08,102,2025-05-07,2027-01-05,44,2026-09-11
LF-11426,SKU-0915,FOOD,LOC-01,39,2025-02-19,2026-11-02,7,2026-09-19
LF-10369,SKU-0815,FOOD,LOC-31,25,2026-07-16,2026-11-28,8,2026-09-08
LF-11733,SKU-0918,HEALTHCARE,LOC-09,5,2024-12-14,2027-03-14,1,2026-09-18
LF-10796,SKU-0073,FOOD,LOC-04,19,2026-03-11,2026-12-01,4,2026-09-18
LF-11206,SKU-0346,FOOD,LOC-34,31,2025-08-07,2026-10-04,9,2026-09-12
LF-11064,SKU-0325,FOOD,LOC-16,51,2025-10-06,2027-07-21,10,2026-09-09
LF-10110,SKU-0655,FOOD,LOC-18,110,2026-07-15,2026-09-26,31,2026-09-21
LF-10161,SKU-1021,FOOD,LOC-10,29,2026-04-02,2026-10-04,10,2026-09-18
LF-11433,SKU-0178,FOOD,LOC-36,14,2026-08-10,2026-11-26,2,2026-09-19
LF-11247,SKU-0643,FOOD,LOC-21,42,2026-04-24,2027-02-02,15,2026-09-16
LF-11028,SKU-0271,FOOD,LOC-21,17,2026-02-22,2027-04-02,3,2026-09-09
LF-10859,SKU-0837,FOOD,LOC-09,28,2025-10-06,2027-08-05,8,2026-09-21
LF-10753,SKU-0363,FOOD,LOC-34,29,2026-07-27,2026-12-02,8,2026-09-19
LF-10982,SKU-0883,FOOD,LOC-09,70,2025-04-06,2027-03-19,58,2026-09-12
LF-10277,SKU-0672,FOOD,LOC-26,42,2026-05-12,2027-07-26,19,2026-09-13
LF-10966,SKU-0594,FOOD,LOC-31,52,2026-08-10,2026-10-27,12,2026-09-14
LF-10212,SKU-0286,FOOD,LOC-10,53,2025-11-08,2027-06-09,10,2026-09-17
LF-10011,SKU-0837,FOOD,LOC-21,19,2025-02-16,2026-12-17,9,2026-09-14
LF-10718,SKU-0828,FOOD,LOC-17,5,2026-08-08,2026-12-09,2,2026-09-20
LF-10213,SKU-0996,FOOD,LOC-32,26,2026-05-23,2026-12-30,4,2026-09-17
LF-11126,SKU-0125,HEALTHCARE,LOC-06,39,2026-01-21,2027-09-22,8,2026-09-09
LF-11350,SKU-0940,HEALTHCARE,LOC-08,81,2024-04-24,2026-12-08,15,2026-09-09
LF-10990,SKU-0224,FOOD,LOC-32,31,2025-12-17,2026-10-14,8,2026-09-20
LF-10051,SKU-0017,FOOD,LOC-17,27,2026-08-30,2027-04-24,28,2026-09-11
LF-11461,SKU-0580,FOOD,LOC-07,23,2026-08-15,2027-06-25,4,2026-09-12
LF-10902,SKU-0234,FOOD,LOC-02,6,2026-05-14,2026-10-01,2,2026-09-14
LF-10909,SKU-0016,HEALTHCARE,LOC-37,45,2026-03-26,2027-07-05,8,2026-09-19
LF-11127,SKU-0988,FOOD,LOC-30,13,2026-07-16,2027-06-06,4,2026-09-21
LF-11577,SKU-0661,FOOD,LOC-19,34,2025-07-18,2027-05-22,9,2026-09-14
LF-11553,SKU-1031,FOOD,LOC-09,12,2025-07-06,2027-06-12,14,2026-09-12
LF-11801,SKU-0080,FOOD,LOC-11,24,2025-08-24,2027-07-17,8,2026-09-09
LF-10538,SKU-0509,FOOD,LOC-08,17,2026-09-15,2026-11-23,16,2026-09-14
LF-10601,SKU-0869,FOOD,LOC-27,24,2026-03-09,2027-01-07,4,2026-09-21
LF-10537,SKU-0765,FOOD,LOC-33,85,2026-08-25,2027-08-31,21,2026-09-19
LF-10931,SKU-0309,FOOD,LOC-14,201,2026-05-02,2027-05-30,77,2026-09-20
LF-10532,SKU-0675,HEALTHCARE,LOC-19,22,2025-01-25,2027-01-06,9,2026-09-11
LF-11869,SKU-0548,HEALTHCARE,LOC-32,32,2025-07-27,2026-09-26,10,2026-09-21
LF-11163,SKU-0312,FOOD,LOC-07,103,2026-06-12,2026-10-11,68,2026-09-11
LF-11223,SKU-0010,HEALTHCARE,LOC-34,30,2025-04-06,2027-07-01,19,2026-09-19
LF-11647,SKU-0432,FOOD,LOC-31,38,2026-08-12,2026-12-03,21,2026-09-16
LF-11864,SKU-0637,FOOD,LOC-08,44,2026-08-16,2026-12-04,9,2026-09-12
LF-11337,SKU-1009,HEALTHCARE,LOC-35,35,2024-01-18,2026-12-11,9,2026-09-15
LF-11150,SKU-1028,FOOD,LOC-38,17,2026-08-25,2026-12-28,4,2026-09-12
LF-11631,SKU-0098,FOOD,LOC-38,43,2026-09-18,2026-11-24,8,2026-09-16
LF-11441,SKU-0980,HEALTHCARE,LOC-02,11,2025-07-05,2027-04-27,7,2026-09-18
LF-11483,SKU-0949,HEALTHCARE,LOC-21,14,2025-06-18,2026-12-20,3,2026-09-15
LF-11651,SKU-0678,FOOD,LOC-18,5,2026-06-22,2026-09-22,1,2026-09-14
LF-10192,SKU-0144,FOOD,LOC-17,43,2026-09-21,2026-12-20,16,2026-09-21
LF-10067,SKU-0133,FOOD,LOC-27,38,2025-03-09,2026-12-24,14,2026-09-17
LF-10404,SKU-0745,HEALTHCARE,LOC-19,26,2025-09-29,2027-03-04,26,2026-09-15
LF-10168,SKU-1088,FOOD,LOC-27,29,2026-04-16,2027-02-06,5,2026-09-12
LF-10222,SKU-0054,HEALTHCARE,LOC-25,75,2024-03-28,2027-01-30,48,2026-09-10
LF-10528,SKU-0759,HEALTHCARE,LOC-37,16,2024-10-17,2027-06-19,5,2026-09-12
LF-11772,SKU-0443,FOOD,LOC-15,78,2026-07-08,2027-04-17,16,2026-09-12
LF-10135,SKU-0223,FOOD,LOC-23,46,2025-02-24,2026-12-12,8,2026-09-12
LF-11714,SKU-0074,FOOD,LOC-22,14,2026-06-07,2027-02-25,20,2026-09-21
LF-11845,SKU-1056,FOOD,LOC-29,151,2025-09-23,2027-08-24,44,2026-09-20
LF-10165,SKU-0716,FOOD,LOC-03,53,2026-05-23,2026-12-08,9,2026-09-09
LF-11872,SKU-0705,FOOD,LOC-34,31,2026-06-30,2027-01-07,5,2026-09-07
LF-11605,SKU-0798,FOOD,LOC-06,39,2026-06-09,2026-12-17,15,2026-09-07
LF-11659,SKU-0482,FOOD,LOC-37,22,2026-07-10,2027-09-06,4,2026-09-13
LF-10533,SKU-0395,HEALTHCARE,LOC-07,30,2025-09-25,2027-03-27,5,2026-09-18
LF-10808,SKU-1013,HEALTHCARE,LOC-35,28,2025-07-09,2026-11-24,6,2026-09-17
LF-10650,SKU-0836,FOOD,LOC-19,16,2025-09-14,2026-11-05,13,2026-09-08
LF-11156,SKU-0502,FOOD,LOC-24,69,2026-09-15,2027-01-19,22,2026-09-21
LF-11343,SKU-0582,FOOD,LOC-08,24,2026-06-01,2026-10-15,6,2026-09-21
LF-10763,SKU-0579,FOOD,LOC-12,11,2026-02-22,2027-03-31,3,2026-09-19
LF-10158,SKU-0608,FOOD,LOC-33,25,2025-08-09,2027-04-15,7,2026-09-09
LF-10237,SKU-0559,HEALTHCARE,LOC-36,45,2025-05-05,2027-01-01,8,2026-09-14
LF-10306,SKU-0988,FOOD,LOC-06,170,2026-08-04,2027-06-24,72,2026-09-18
LF-10007,SKU-1089,FOOD,LOC-16,77,2025-03-07,2027-01-07,14,2026-09-12
LF-11777,SKU-0242,HEALTHCARE,LOC-38,61,2025-04-17,2026-12-08,20,2026-09-13
LF-10809,SKU-0141,FOOD,LOC-22,38,2026-07-06,2027-03-24,6,2026-09-07
LF-10870,SKU-0929,FOOD,LOC-32,62,2025-12-30,2027-07-02,29,2026-09-09
LF-10229,SKU-0489,FOOD,LOC-10,44,2026-09-04,2026-12-30,21,2026-09-15
LF-11908,SKU-0403,FOOD,LOC-07,283,2026-09-04,2026-10-20,47,2026-09-09
LF-10706,SKU-0996,FOOD,LOC-36,71,2026-05-21,07/01/2027,29,2026-09-18
LF-11669,SKU-0371,FOOD,LOC-16,22,2025-06-05,2027-01-27,5,2026-09-07
LF-10813,SKU-0442,FOOD,LOC-32,11,2026-09-14,2026-11-12,3,2026-09-18
LF-10674,SKU-0095,FOOD,LOC-11,20,2025-09-12,2027-06-28,8,2026-09-21
LF-10430,SKU-0037,FOOD,LOC-10,84,2026-07-13,2026-11-05,14,2026-09-12
LF-10489,SKU-0222,FOOD,LOC-32,16,2026-09-13,2027-03-24,4,2026-09-19
LF-10484,SKU-0290,FOOD,LOC-24,45,2026-08-18,2026-10-06,18,2026-09-16
LF-10635,SKU-0789,HEALTHCARE,LOC-12,26,2025-12-31,2027-01-05,8,2026-09-18
LF-11159,SKU-0445,FOOD,LOC-10,84,2025-07-25,2027-01-21,46,2026-09-09
LF-10893,SKU-0495,FOOD,LOC-31,14,2026-08-20,2027-09-23,12,2026-09-07
LF-10240,SKU-0372,FOOD,LOC-31,86,2026-07-29,2027-06-16,38,2026-09-14
LF-10835,SKU-0575,FOOD,LOC-28,14,2026-07-08,2026-10-10,5,2026-09-21
LF-10733,SKU-0668,FOOD,LOC-35,45,2025-05-25,2026-10-11,9,2026-09-16
LF-11380,SKU-0836,FOOD,LOC-23,32,2026-05-06,2027-06-26,15,2026-09-16
LF-10066,SKU-0573,FOOD,LOC-18,107,2026-08-16,2026-11-25,29,2026-09-09
LF-10695,SKU-0729,FOOD,LOC-25,19,2025-05-04,2027-01-26,5,2026-09-19
LF-11903,SKU-0084,FOOD,LOC-27,21,2026-02-15,2026-11-12,4,2026-09-15
LF-10475,SKU-0286,FOOD,LOC-07,12,2025-08-02,2027-03-04,3,2026-09-17
LF-11795,SKU-1030,FOOD,LOC-15,19,2025-10-27,2026-11-22,4,2026-09-15
LF-10085,SKU-0662,HEALTHCARE,LOC-02,33,2024-10-31,2027-09-24,10,2026-09-09
LF-10694,SKU-0824,FOOD,LOC-22,11,2026-09-20,2026-12-09,3,2026-09-14
LF-10986,SKU-0043,FOOD,LOC-07,18,2025-04-26,2027-01-20,5,2026-09-10
LF-10111,SKU-1041,FOOD,LOC-31,52,2026-04-26,2027-02-12,10,2026-09-12
LF-10444,SKU-0697,HEALTHCARE,LOC-21,57,2025-04-11,2027-01-07,22,2026-09-18
LF-11338,SKU-0795,FOOD,LOC-06,57,2026-02-10,2026-11-13,10,2026-09-14
LF-11255,SKU-0455,FOOD,LOC-11,20,2026-07-09,2027-01-25,6,2026-09-14
LF-10097,SKU-0928,HEALTHCARE,LOC-25,36,2025-05-31,2027-01-02,6,2026-09-09
LF-10050,SKU-0513,FOOD,LOC-27,23,2026-08-03,2026-09-23,5,2026-09-15
LF-10594,SKU-0295,FOOD,LOC-31,19,2025-06-09,2027-02-20,6,2026-09-20
LF-10055,SKU-0541,FOOD,LOC-21,23,2025-05-19,2027-02-25,7,2026-09-17
LF-11811,SKU-0338,FOOD,LOC-38,36,2025-06-30,2027-05-27,17,2026-09-14
LF-11174,SKU-0407,FOOD,LOC-25,53,2025-03-22,2026-11-13,31,2026-09-16
LF-11740,SKU-1051,FOOD,LOC-35,45,2024-03-31,2027-03-26,10,2026-09-17
LF-10138,SKU-0476,FOOD,LOC-09,41,2025-09-27,2027-09-09,6,2026-09-16
LF-11415,SKU-0014,FOOD,LOC-09,57,2026-07-27,2027-02-28,44,2026-09-18
LF-10918,SKU-0293,FOOD,LOC-09,19,2025-12-23,2026-11-25,3,2026-09-12
LF-10043,SKU-0195,FOOD,LOC-37,24,2026-05-29,2027-06-08,15,2026-09-18
LF-10968,SKU-0961,FOOD,LOC-01,14,2026-08-20,2026-10-04,2,2026-09-13
LF-11522,SKU-0915,FOOD,LOC-36,55,2025-12-16,2027-08-29,8,2026-09-21
LF-10800,SKU-1090,FOOD,LOC-32,16,2025-01-28,2027-01-13,4,2026-09-16
LF-11193,SKU-0029,FOOD,LOC-03,10,2026-07-15,2026-11-10,2,2026-09-20
LF-11297,SKU-0633,FOOD,LOC-28,34,2026-06-25,2026-11-21,21,2026-09-16
LF-11351,SKU-0322,HEALTHCARE,LOC-06,12,2024-06-28,2027-06-11,8,2026-09-19
LF-10151,SKU-0045,HEALTHCARE,LOC-13,90,2026-02-24,2027-06-28,19,2026-09-21
LF-10033,SKU-0431,FOOD,LOC-01,33,2026-08-25,2026-10-13,22,2026-09-07
LF-10391,SKU-0929,FOOD,LOC-22,24,2025-08-05,2027-02-04,5,2026-09-19
LF-10013,SKU-0016,HEALTHCARE,LOC-08,26,2026-06-30,2027-10-10,4,2026-09-08
LF-10609,SKU-0455,FOOD,LOC-26,19,2026-09-14,2027-04-01,6,2026-09-20
LF-10523,SKU-0588,FOOD,LOC-21,18,2026-04-14,2026-11-28,5,2026-09-19
LF-11501,SKU-1009,HEALTHCARE,LOC-13,49,2024-02-07,2027-01-01,16,2026-09-19
LF-11926,SKU-0155,FOOD,LOC-19,59,2026-09-19,2027-07-20,11,2026-09-11
LF-10707,SKU-0808,FOOD,LOC-33,40,2026-03-29,2027-08-02,7,2026-09-13
LF-11890,SKU-0023,FOOD,LOC-36,18,2026-04-15,2027-05-02,19,2026-09-19
LF-11840,SKU-0739,HEALTHCARE,LOC-19,33,2025-07-11,2027-10-01,6,2026-09-18
LF-10282,SKU-0927,FOOD,LOC-08,36,2026-09-13,2027-01-15,8,2026-09-21
LF-11454,SKU-0584,FOOD,LOC-31,88,2026-08-25,2026-10-16,17,2026-09-10
LF-10536,SKU-0780,FOOD,LOC-18,28,2026-08-23,2026-11-05,5,2026-09-17
LF-11561,SKU-0373,FOOD,LOC-36,12,2025-12-29,2027-05-15,3,2026-09-13
LF-10072,SKU-0047,FOOD,LOC-26,50,2026-09-20,2027-10-15,11,2026-09-13
LF-10741,SKU-0935,HEALTHCARE,LOC-38,30,2025-12-01,2027-07-31,5,2026-09-20
LF-10864,SKU-0823,FOOD,LOC-21,23,2025-11-03,2027-04-27,10,2026-09-15
LF-10145,SKU-0201,FOOD,LOC-13,32,2026-07-13,2026-09-23,16,2026-09-16
LF-10173,SKU-0377,FOOD,LOC-36,11,2025-04-14,2027-03-07,7,2026-09-08
LF-11019,SKU-1086,HEALTHCARE,LOC-21,19,2024-11-23,2027-01-18,9,2026-09-20
LF-10203,SKU-1070,FOOD,LOC-20,78,2025-08-23,2027-04-15,15,2026-09-07
LF-11769,SKU-0398,FOOD,LOC-36,11,2026-08-17,2026-10-06,2,2026-09-16
LF-11325,SKU-0701,FOOD,LOC-20,31,2025-08-18,2026-11-21,7,2026-09-07
LF-10402,SKU-0152,HEALTHCARE,LOC-21,38,2024-02-15,2027-02-14,40,2026-09-12
LF-11854,SKU-0125,HEALTHCARE,LOC-29,187,2025-03-26,2026-11-26,93,2026-09-12
LF-11235,SKU-0990,HEALTHCARE,LOC-07,17,2025-01-19,2026-11-30,24,2026-09-13
LF-11366,SKU-0638,FOOD,LOC-02,58,2026-08-08,2027-07-23,32,2026-09-12
LF-11822,SKU-0206,FOOD,LOC-19,15,2026-05-17,2027-08-17,3,2026-09-07
LF-10629,SKU-0928,HEALTHCARE,LOC-12,26,2025-03-02,2026-10-04,7,2026-09-12
LF-10053,SKU-0282,HEALTHCARE,LOC-09,35,2023-12-25,2026-12-01,9,2026-09-16
LF-11333,SKU-0134,HEALTHCARE,LOC-13,11,2025-11-08,2027-01-10,2,2026-09-12
LF-10924,SKU-0845,FOOD,LOC-26,103,2025-10-15,2027-09-26,32,2026-09-07
LF-11718,SKU-0561,FOOD,LOC-31,15,2026-08-23,2027-06-05,16,2026-09-15
LF-10513,SKU-0707,FOOD,LOC-07,18,2026-08-04,2026-10-30,5,2026-09-09
LF-10112,SKU-0386,FOOD,LOC-38,17,2026-04-29,2026-12-21,3,2026-09-15
LF-10064,SKU-0641,FOOD,LOC-29,25,2026-08-12,2027-10-05,6,2026-09-11
LF-10159,SKU-0298,FOOD,LOC-24,117,2026-08-16,2026-12-11,21,2026-09-13
LF-10455,SKU-0979,FOOD,LOC-27,45,2026-09-10,2026-11-05,37,2026-09-10
LF-11559,SKU-1096,FOOD,LOC-05,400,2026-09-01,2026-12-30,300,2026-09-18
LF-11015,SKU-0761,FOOD,LOC-02,57,2025-12-26,2026-10-11,13,2026-09-20
LF-11308,SKU-0744,HEALTHCARE,LOC-06,74,2025-06-15,2027-09-21,22,2026-09-15
LF-10762,SKU-0048,FOOD,LOC-20,9,2025-11-15,2027-04-15,2,2026-09-09
LF-11723,SKU-1009,HEALTHCARE,LOC-32,18,2024-11-04,2027-09-28,4,2026-09-08
LF-11492,SKU-0153,FOOD,LOC-03,33,2026-09-14,2026-12-07,8,2026-09-18
LF-11155,SKU-0166,FOOD,LOC-16,33,2026-04-08,2027-09-14,6,2026-09-18
LF-10612,SKU-0218,FOOD,LOC-38,22,2025-04-20,2027-02-16,5,2026-09-10
LF-10614,SKU-0805,FOOD,LOC-03,22,2025-09-30,2026-10-16,6,2026-09-11
LF-11279,SKU-0050,HEALTHCARE,LOC-36,27,2026-01-11,2027-05-24,9,2026-09-13
LF-11486,SKU-0518,FOOD,LOC-16,12,2025-09-07,2027-01-20,8,2026-09-20
LF-10262,SKU-0722,FOOD,LOC-04,44,2025-07-21,2026-12-03,21,2026-09-08
LF-10569,SKU-0632,FOOD,LOC-11,21,2026-05-28,2027-02-10,4,2026-09-14
LF-11431,SKU-1027,FOOD,LOC-31,17,2026-09-02,2026-12-15,3,2026-09-12
LF-10371,SKU-0877,FOOD,LOC-12,105,2026-05-05,2026-11-12,19,2026-09-14
LF-10952,SKU-0135,HEALTHCARE,LOC-08,14,2025-11-16,2027-06-08,2,2026-09-13
LF-11088,SKU-0560,FOOD,LOC-27,14,2026-09-13,2026-12-31,3,2026-09-13
LF-10746,SKU-0400,HEALTHCARE,LOC-08,72,2026-02-12,2027-02-19,41,2026-09-15
LF-10789,SKU-0999,FOOD,LOC-34,82,2026-04-12,2027-02-15,13,2026-09-20
LF-10478,SKU-0728,FOOD,LOC-03,23,2026-07-29,2026-09-23,4,2026-09-08
LF-11266,SKU-0728,FOOD,LOC-17,11,2026-08-17,2026-10-12,2,2026-09-20
LF-11629,SKU-1006,FOOD,LOC-17,32,2025-06-08,2026-11-13,47,2026-09-16
LF-11555,SKU-0761,FOOD,LOC-31,-5,2026-06-18,2027-04-02,2,2026-09-19
LF-11818,SKU-0145,FOOD,LOC-02,8,2026-08-01,2026-12-10,1,2026-09-10
LF-10366,SKU-0254,FOOD,LOC-24,19,2026-07-30,2026-11-23,3,2026-09-20
LF-11761,SKU-1012,HEALTHCARE,LOC-36,53,2025-05-09,2026-10-04,43,2026-09-13
LF-10046,SKU-0392,FOOD,LOC-34,19,2026-08-02,2026-10-06,4,2026-09-18
LF-10978,SKU-0012,FOOD,LOC-22,37,2026-08-15,2026-11-11,6,2026-09-10
LF-11450,SKU-0005,HEALTHCARE,LOC-34,14,2024-07-07,2026-11-14,17,2026-09-07
LF-10708,SKU-0858,FOOD,LOC-25,12,2026-05-15,2027-03-25,9,2026-09-15
LF-11639,SKU-0088,FOOD,LOC-05,55,2026-02-17,2027-03-06,10,2026-09-11
LF-10012,SKU-0811,HEALTHCARE,LOC-08,20,2026-04-15,2027-08-09,6,2026-09-12
LF-10690,SKU-0922,FOOD,LOC-30,27,2025-11-14,2026-12-09,7,2026-09-20
LF-10137,SKU-0657,FOOD,LOC-32,96,2026-08-03,2026-10-29,32,2026-09-13
LF-10324,SKU-0564,FOOD,LOC-03,10,2026-07-05,2027-08-18,2,2026-09-11
LF-10466,SKU-0303,HEALTHCARE,LOC-36,23,2025-02-14,2027-01-21,9,2026-09-08
LF-10669,SKU-0727,HEALTHCARE,LOC-38,41,2025-02-12,2027-03-25,44,2026-09-15
LF-10363,SKU-0208,FOOD,LOC-09,29,2026-03-26,2027-05-17,12,2026-09-14
LF-10382,SKU-0606,FOOD,LOC-01,42,2026-06-25,2027-07-08,27,2026-09-20
LF-11510,SKU-0030,FOOD,LOC-18,87,2026-08-01,2026-12-19,19,2026-09-20
LF-11093,SKU-0153,FOOD,LOC-07,32,2026-07-09,2026-10-02,5,2026-09-13
LF-10028,SKU-0432,FOOD,LOC-24,18,2026-06-01,2026-09-22,12,2026-09-13
LF-10336,SKU-0899,FOOD,LOC-30,27,2025-03-19,2027-02-22,9,2026-09-15
LF-10032,SKU-0654,FOOD,LOC-29,29,2026-07-29,2027-04-22,7,2026-09-16
LF-10296,SKU-0712,FOOD,LOC-07,13,2026-08-17,2026-12-21,4,2026-09-07
LF-10396,SKU-0969,HEALTHCARE,LOC-13,19,2025-09-05,2027-10-07,11,2026-09-15
LF-10086,SKU-0432,FOOD,LOC-36,58,2026-08-31,2026-12-21,10,2026-09-14
LF-11179,SKU-0903,HEALTHCARE,LOC-23,19,2025-03-12,2027-05-22,11,2026-09-15
LF-10955,SKU-0749,FOOD,LOC-27,21,2026-06-24,2027-02-16,4,2026-09-08
LF-10921,SKU-0180,HEALTHCARE,LOC-09,52,2025-02-25,2027-06-20,11,2026-09-10
LF-11498,SKU-0457,HEALTHCARE,LOC-22,61,2024-01-23,,21,2026-09-12
LF-11489,SKU-0734,FOOD,LOC-12,21,2025-12-17,2027-02-01,19,2026-09-14
LF-10825,SKU-0404,FOOD,LOC-36,15,2025-10-17,2027-03-23,5,2026-09-07
LF-11584,SKU-0569,HEALTHCARE,LOC-10,27,2025-05-23,2026-12-02,5,2026-09-08
LF-10960,SKU-0934,FOOD,LOC-10,8,2026-09-18,2026-11-30,2,2026-09-18
LF-11833,SKU-0728,FOOD,LOC-02,33,2026-08-11,2026-10-05,8,2026-09-16
LF-10487,SKU-1082,FOOD,LOC-01,8,2026-03-28,2026-12-10,3,2026-09-13
LF-11119,SKU-0789,HEALTHCARE,LOC-13,32,2026-08-17,2027-08-24,6,2026-09-21
LF-10073,SKU-0159,HEALTHCARE,LOC-08,154,2025-01-10,2026-12-01,34,2026-09-21
LF-10119,SKU-0130,FOOD,LOC-23,57,2026-08-19,2027-03-31,61,2026-09-21
LF-10494,SKU-0574,FOOD,LOC-04,41,2026-09-15,2026-11-21,9,2026-09-14
LF-10879,SKU-0951,FOOD,LOC-21,25,2025-12-28,2027-07-23,5,2026-09-17
LF-11689,SKU-0474,FOOD,LOC-29,18,2025-12-28,2027-01-19,3,2026-09-12
LF-11425,SKU-1047,HEALTHCARE,LOC-22,12,2025-01-15,2027-07-30,3,2026-09-18
LF-10149,SKU-0613,FOOD,LOC-23,17,2026-06-29,2027-04-26,3,2026-09-11
LF-10710,SKU-0459,FOOD,LOC-14,11,2026-05-07,2027-06-02,3,2026-09-19
LF-10549,SKU-0126,FOOD,LOC-31,20,2026-05-07,2026-11-19,7,2026-09-08
LF-10174,SKU-0852,HEALTHCARE,LOC-08,28,2025-04-11,2027-03-08,12,2026-09-07
LF-11342,SKU-1055,FOOD,LOC-28,17,2026-05-17,2027-04-09,5,2026-09-16
LF-10715,SKU-0140,HEALTHCARE,LOC-21,75,2024-12-03,2027-08-11,25,2026-09-16
LF-10249,SKU-0277,FOOD,LOC-38,42,2025-04-22,2026-11-05,20,2026-09-16
LF-10457,SKU-0764,FOOD,LOC-03,32,2025-04-17,2027-01-06,9,2026-09-15
LF-11038,SKU-0168,FOOD,LOC-16,17,2025-04-08,2026-12-04,4,2026-09-20
LF-11613,SKU-0138,FOOD,LOC-06,29,2025-07-04,2027-01-29,6,2026-09-13
LF-10890,SKU-0731,FOOD,LOC-10,21,2026-06-25,2026-10-16,5,2026-09-21
LF-10664,SKU-0602,FOOD,LOC-28,8,2026-01-17,2027-03-19,3,2026-09-21
LF-10882,SKU-0834,FOOD,LOC-24,40,2026-08-25,2026-12-29,9,2026-09-12
LF-11829,SKU-0805,FOOD,LOC-27,19,2026-04-17,2027-05-01,4,2026-09-09
LF-10499,SKU-0984,FOOD,LOC-04,33,2026-05-26,2026-10-20,7,2026-09-21
LF-10539,SKU-0973,HEALTHCARE,LOC-19,13,2025-12-02,2027-03-17,3,2026-09-18
LF-11790,SKU-1025,FOOD,LOC-30,43,2026-05-26,2027-07-23,19,2026-09-08
LF-10375,SKU-0870,FOOD,LOC-05,28,2026-04-24,2027-05-22,5,2026-09-20
LF-11653,SKU-1073,FOOD,LOC-38,53,2025-08-24,2026-12-28,15,2026-09-12
LF-11357,SKU-0017,FOOD,LOC-33,16,2026-07-20,,12,2026-09-18
LF-10252,SKU-0095,FOOD,LOC-07,32,2025-07-23,2027-05-07,17,2026-09-13
LF-11919,SKU-0708,FOOD,LOC-17,53,2025-07-22,2027-01-27,22,2026-09-14
LF-11185,SKU-0791,FOOD,LOC-08,12,2026-07-26,2027-06-28,4,2026-09-15
LF-11595,SKU-0431,FOOD,LOC-38,13,2026-08-10,2026-09-27,3,2026-09-14
LF-11090,SKU-0737,HEALTHCARE,LOC-34,26,2025-01-10,2027-05-13,5,2026-09-08
LF-11475,SKU-0433,FOOD,LOC-15,37,2026-07-14,2027-09-20,16,2026-09-15
LF-11817,SKU-0862,FOOD,LOC-24,84,2026-09-15,2026-12-04,66,2026-09-11
LF-11895,SKU-0797,FOOD,LOC-06,16,2026-09-07,2027-02-03,7,2026-09-17
LF-11773,SKU-0106,FOOD,LOC-17,236,2026-04-02,2027-09-13,77,2026-09-12
LF-11742,SKU-0476,FOOD,LOC-08,-27,2025-08-09,2027-07-23,35,2026-09-18
LF-11472,SKU-0023,FOOD,LOC-09,13,2025-09-15,2026-10-03,5,2026-09-14
LF-11326,SKU-0983,HEALTHCARE,LOC-24,53,2026-04-01,2027-10-15,19,2026-09-11
LF-11587,SKU-0927,FOOD,LOC-15,8,2026-09-07,2027-01-10,1,2026-09-09
LF-10896,SKU-0843,FOOD,LOC-20,26,2026-06-12,2027-10-25,7,2026-09-20
LF-10077,SKU-0711,FOOD,LOC-36,10,2025-06-17,2027-04-13,2,2026-09-07
LF-11564,SKU-0083,FOOD,LOC-25,48,2026-09-14,2026-12-08,9,2026-09-16
LF-10493,SKU-0787,FOOD,LOC-07,38,2025-08-27,2027-02-26,7,2026-09-21
LF-10872,SKU-0346,FOOD,LOC-05,8,2026-01-09,2027-03-07,2,2026-09-20
LF-10373,SKU-0473,FOOD,LOC-10,16,2026-08-30,2026-11-10,3,2026-09-08
LF-11034,SKU-0055,FOOD,LOC-32,20,2026-08-17,2026-12-02,4,2026-09-08
LF-10394,SKU-0160,FOOD,LOC-06,63,2026-09-10,2027-07-19,11,2026-09-08
LF-10350,SKU-0387,HEALTHCARE,LOC-36,182,2024-07-01,2027-06-20,83,2026-09-08
LF-10837,SKU-0298,FOOD,LOC-34,23,2026-07-04,2026-10-27,7,2026-09-17
LF-11821,SKU-0687,FOOD,LOC-28,18,2026-08-12,2027-02-12,4,2026-09-08
LF-10297,SKU-1041,FOOD,LOC-12,22,2026-02-03,2026-11-22,6,2026-09-09
LF-10378,SKU-0993,FOOD,LOC-16,22,2026-03-25,2027-08-18,8,2026-09-17
LF-10002,SKU-1064,FOOD,LOC-04,12,2026-08-08,2027-07-06,2,2026-09-09
LF-11551,SKU-0462,FOOD,LOC-16,16,2026-09-18,2026-12-26,5,2026-09-12
LF-10543,SKU-0149,FOOD,LOC-12,15,2025-11-03,2026-11-08,2,2026-09-20
LF-10735,SKU-0099,HEALTHCARE,LOC-32,96,2025-06-10,2026-11-19,48,2026-09-08
LF-11507,SKU-0677,FOOD,LOC-08,90,2026-08-24,07/12/2026,28,2026-09-15
LF-11526,SKU-0686,HEALTHCARE,LOC-37,59,2025-06-10,2027-03-20,11,2026-09-17
LF-11842,SKU-0197,FOOD,LOC-27,38,2026-08-22,2027-01-08,6,2026-09-11
LF-10816,SKU-0853,FOOD,LOC-21,51,2026-06-14,2027-04-07,10,2026-09-09
LF-11313,SKU-0640,FOOD,LOC-18,23,2026-08-13,2026-10-03,5,2026-09-07
LF-11846,SKU-0904,FOOD,LOC-32,28,2025-07-06,2027-01-01,6,2026-09-18
LF-10547,SKU-0123,FOOD,LOC-04,5,2026-09-11,2027-03-15,3,2026-09-11
LF-11625,SKU-0341,HEALTHCARE,LOC-35,22,2025-05-02,2027-08-12,3,2026-09-11
LF-11180,SKU-1023,HEALTHCARE,LOC-22,28,2024-06-13,2027-05-27,6,2026-09-20
LF-10561,SKU-0367,HEALTHCARE,LOC-23,13,2024-12-16,2027-02-21,5,2026-09-11
LF-10765,SKU-0343,FOOD,LOC-04,46,2026-08-30,2027-01-27,53,2026-09-11
LF-11738,SKU-0923,FOOD,LOC-17,27,2025-11-07,2027-07-25,14,2026-09-14
LF-11938,SKU-0864,FOOD,LOC-03,157,2026-02-14,2027-06-14,34,2026-09-12
LF-11565,SKU-0261,HEALTHCARE,LOC-19,16,2026-01-16,2027-09-19,6,2026-09-10
LF-10400,SKU-0491,FOOD,LOC-12,46,2025-03-28,2027-01-01,9,2026-09-15
LF-11530,SKU-0810,FOOD,LOC-19,37,2025-11-10,2026-11-29,22,2026-09-17
LF-11001,SKU-0973,HEALTHCARE,LOC-37,15,2026-03-29,2027-07-11,5,2026-09-16
LF-10253,SKU-0852,HEALTHCARE,LOC-12,100,2025-10-08,2027-09-03,50,2026-09-09
LF-11033,SKU-0462,FOOD,LOC-34,42,2026-09-12,2026-12-20,9,2026-09-07
LF-10147,SKU-0519,FOOD,LOC-34,116,2026-06-15,2026-11-06,41,2026-09-15
LF-10456,SKU-0360,FOOD,LOC-10,38,2026-05-27,2026-12-09,10,2026-09-10
LF-10848,SKU-0352,FOOD,LOC-38,52,2026-08-23,2026-11-07,21,2026-09-12
LF-10385,SKU-0885,FOOD,LOC-12,52,2026-04-26,2026-11-23,8,2026-09-19
LF-10645,SKU-0763,FOOD,LOC-25,19,2026-09-03,2026-12-05,6,2026-09-13
LF-10981,SKU-0341,HEALTHCARE,LOC-09,16,2024-12-19,2027-04-01,7,2026-09-10
LF-10875,SKU-0631,FOOD,LOC-26,14,2026-04-19,2027-01-06,7,2026-09-14
LF-10144,SKU-0705,FOOD,LOC-37,50,2026-06-16,2026-12-26,13,2026-09-20
LF-10356,SKU-0408,FOOD,LOC-31,65,2026-07-07,2026-11-03,16,2026-09-08
LF-11434,SKU-0463,FOOD,LOC-35,85,2026-06-03,2027-06-30,32,2026-09-16
LF-10963,SKU-0852,HEALTHCARE,LOC-07,61,2024-12-29,2026-11-26,10,2026-09-08
LF-11537,SKU-1025,FOOD,LOC-36,37,2025-09-26,2026-11-24,21,2026-09-18
LF-10303,SKU-0708,FOOD,LOC-24,25,2025-06-09,2026-12-14,37,2026-09-12
LF-11697,SKU-0049,HEALTHCARE,LOC-32,11,2025-09-13,2027-01-23,3,2026-09-18
LF-11059,SKU-1031,FOOD,LOC-10,72,2025-04-04,2027-03-12,14,2026-09-10
LF-11650,SKU-0101,FOOD,LOC-14,23,2025-08-04,2027-03-02,9,2026-09-12
LF-10104,SKU-0815,FOOD,LOC-34,173,2026-07-06,2026-11-16,92,2026-09-08
LF-11149,SKU-0775,FOOD,LOC-11,14,2025-10-12,2026-12-27,2,2026-09-12
LF-10015,SKU-1083,FOOD,LOC-06,77,2026-09-03,2026-11-08,29,2026-09-11
LF-10636,SKU-0609,HEALTHCARE,LOC-24,46,2025-05-14,2027-08-02,12,2026-09-18
LF-11063,SKU-0499,FOOD,LOC-30,46,2026-04-15,2027-08-16,8,2026-09-15
LF-10522,SKU-0513,FOOD,LOC-04,25,2026-08-29,2026-10-18,22,2026-09-19
LF-11708,SKU-0012,FOOD,LOC-14,35,2026-09-08,2026-12-04,22,2026-09-19
LF-11828,SKU-0335,FOOD,LOC-27,45,2026-01-28,2027-10-04,7,2026-09-16
LF-10215,SKU-0346,FOOD,LOC-09,42,2025-10-21,2026-12-17,12,2026-09-14
LF-11098,SKU-0931,FOOD,LOC-36,65,2025-01-29,2026-10-19,11,2026-09-09
LF-11883,SKU-0059,FOOD,LOC-28,43,2026-07-08,2026-12-01,11,2026-09-19
LF-10276,SKU-0204,HEALTHCARE,LOC-10,25,2026-03-23,2027-08-19,5,2026-09-15
LF-11693,SKU-0040,HEALTHCARE,LOC-35,36,2026-01-07,2027-05-24,7,2026-09-11
LF-11324,SKU-0245,FOOD,LOC-19,11,2026-06-11,2027-01-27,6,2026-09-07
LF-10054,SKU-0361,FOOD,LOC-02,45,2026-03-11,2027-04-02,12,2026-09-11
LF-10131,SKU-0064,FOOD,LOC-01,77,2025-09-29,2027-02-27,16,2026-09-18
LF-10662,SKU-0055,FOOD,LOC-38,11,2026-09-16,2027-01-01,3,2026-09-21
LF-11326,SKU-0983,HEALTHCARE,LOC-24,53,2026-04-01,2027-10-15,19,2026-09-11
LF-10659,SKU-0210,FOOD,LOC-01,32,2025-08-04,2027-06-03,12,2026-09-19
LF-10160,SKU-0410,FOOD,LOC-26,52,2025-09-11,2027-04-16,10,2026-09-15
LF-10096,SKU-0404,FOOD,LOC-05,242,2026-02-15,2027-07-24,60,2026-09-10
LF-11573,SKU-0738,FOOD,LOC-27,30,2026-09-13,2027-02-06,5,2026-09-09
LF-10255,SKU-1019,HEALTHCARE,LOC-19,22,2025-11-17,2027-08-28,11,2026-09-07
LF-10048,SKU-0373,FOOD,LOC-07,29,2025-12-12,2027-04-27,5,2026-09-13
LF-10338,SKU-0084,FOOD,LOC-14,23,2026-08-19,2027-05-16,4,2026-09-07
LF-11574,SKU-0277,FOOD,LOC-16,35,2025-07-14,2027-01-27,9,2026-09-10
LF-11896,SKU-0211,FOOD,LOC-18,43,2026-06-26,2027-03-24,8,2026-09-18
LF-11617,SKU-0090,FOOD,LOC-26,49,2025-05-21,2027-02-18,8,2026-09-19
LF-10585,SKU-0457,HEALTHCARE,LOC-25,98,2024-07-27,2027-03-28,17,2026-09-12
LF-10189,SKU-0830,FOOD,LOC-14,30,2026-01-15,2026-11-30,5,2026-09-09
LF-11230,SKU-0334,FOOD,LOC-23,54,2026-08-19,2027-07-09,23,2026-09-13
LF-11146,SKU-0090,FOOD,LOC-29,26,2025-12-09,2027-09-08,5,2026-09-17
LF-11157,SKU-0092,FOOD,LOC-33,46,2025-04-10,2027-01-02,13,2026-09-17
LF-10411,SKU-0334,FOOD,LOC-27,16,2026-06-13,2027-05-02,3,2026-09-17
LF-11021,SKU-0208,FOOD,LOC-19,23,2025-09-02,2026-10-26,7,2026-09-17
LF-11201,SKU-1040,FOOD,LOC-34,47,2026-05-18,2027-02-11,13,2026-09-20
LF-10300,SKU-0536,FOOD,LOC-03,44,2026-09-09,2027-01-31,7,2026-09-11
LF-10408,SKU-0162,FOOD,LOC-10,10,2026-01-29,2027-06-05,5,2026-09-17
LF-11384,SKU-0354,FOOD,LOC-13,18,2025-07-28,2027-03-11,5,2026-09-10
LF-10941,SKU-0588,FOOD,LOC-15,45,2026-08-18,2027-04-03,58,2026-09-08
LF-10940,SKU-0064,FOOD,LOC-08,47,2025-06-01,2026-10-31,7,2026-09-16
LF-10358,SKU-0184,FOOD,LOC-04,24,2025-12-21,2026-09-26,5,2026-09-08
LF-11390,SKU-0104,HEALTHCARE,LOC-35,12,2025-01-25,2026-12-27,8,2026-09-18
LF-11061,SKU-1064,FOOD,LOC-13,35,2026-01-31,2026-12-29,6,2026-09-12
LF-11334,SKU-0846,HEALTHCARE,LOC-35,37,2024-12-09,2027-09-16,10,2026-09-13
LF-11244,SKU-0673,FOOD,LOC-36,26,2026-05-22,2027-04-09,5,2026-09-20
LF-10134,SKU-0974,FOOD,LOC-26,11,2026-08-26,2027-03-13,2,2026-09-07
LF-10315,SKU-0053,FOOD,LOC-32,28,2024-12-01,2026-10-27,8,2026-09-16
LF-11612,SKU-0980,HEALTHCARE,LOC-23,11,2025-09-01,2027-06-23,6,2026-09-12
LF-10589,SKU-0882,HEALTHCARE,LOC-25,19,2024-10-20,2027-04-23,4,2026-09-12
LF-10591,SKU-0267,FOOD,LOC-12,10,2025-02-28,2027-01-11,3,2026-09-15
LF-11220,SKU-0975,HEALTHCARE,LOC-32,71,2026-05-18,2027-06-24,17,2026-09-17
LF-11171,SKU-0855,FOOD,LOC-36,6,2026-06-16,2026-11-05,4,2026-09-14
LF-10932,SKU-0526,FOOD,LOC-32,37,2026-04-19,2027-03-03,8,2026-09-14
LF-10719,SKU-0659,FOOD,LOC-19,49,2025-05-20,2027-01-18,8,2026-09-08
LF-10820,SKU-0420,FOOD,LOC-30,36,2025-12-04,2027-06-18,24,2026-09-20
LF-10830,SKU-1012,HEALTHCARE,LOC-19,11,2025-12-15,2027-05-13,5,2026-09-11
LF-10141,SKU-0698,FOOD,LOC-28,5,2026-08-29,2026-11-27,1,2026-09-08
LF-10588,SKU-0790,FOOD,LOC-21,35,2025-06-11,2026-09-16,24,2026-09-19
LF-11452,SKU-0105,FOOD,LOC-24,26,2026-07-10,2026-10-29,4,2026-09-15
LF-11151,SKU-0165,FOOD,LOC-05,21,2026-05-17,2027-05-03,7,2026-09-09
LF-11438,SKU-1053,FOOD,LOC-34,16,2026-03-17,2026-10-18,10,2026-09-11
LF-11696,SKU-0351,HEALTHCARE,LOC-08,34,2024-04-16,2027-02-16,5,2026-09-14
