batch_id,sku,location_id,product_class,trust_flag,units_on_hand,unit_cost_usd,days_to_expiry,in_scope,days_weight,unsold_share,batch_value,score,band
LF-70001,SKU-1091,LOC-38,FOOD_AMBIENT,OK,1500,8.0,6,Y,1.0,0.98,12000.0,11760.0,P1
LF-10114,SKU-0258,LOC-06,HEALTHCARE,OK,175,23.68,-3,Y,1.0,1.0,4144.0,4144.0,P2
LF-70010,SKU-1100,LOC-18,FOOD_AMBIENT,STALE_COUNT,1000,5.0,10,Y,0.8,0.9667,5000.0,3866.67,P2
LF-11197,SKU-0384,LOC-38,HEALTHCARE,OK,100,24.7,-10,Y,1.0,1.0,2470.0,2470.0,P2
LF-70009,SKU-1099,LOC-13,HEALTHCARE,OK,200,12.0,-3,Y,1.0,1.0,2400.0,2400.0,P2
LF-10795,SKU-0920,LOC-22,HEALTHCARE,OK,55,36.42,2,Y,1.0,0.9818,2003.1,1966.68,P2
LF-11908,SKU-0403,LOC-07,FOOD_CHILLED,OK,283,14.09,29,Y,0.5,0.8395,3987.47,1673.66,P2
LF-11116,SKU-0157,LOC-24,HEALTHCARE,OK,99,25.64,11,Y,0.8,0.7963,2538.36,1617.03,P2
LF-10550,SKU-0670,LOC-38,HEALTHCARE,OK,57,39.7,11,Y,0.8,0.852,2262.9,1542.48,P2
LF-10110,SKU-0655,LOC-18,FOOD_CHILLED,OK,110,12.71,5,Y,1.0,0.953,1398.1,1332.43,P2
LF-10424,SKU-0802,LOC-35,HEALTHCARE,OK,86,15.44,-4,Y,1.0,1.0,1327.84,1327.84,P2
LF-10699,SKU-0303,LOC-35,HEALTHCARE,OK,39,34.14,2,Y,1.0,0.988,1331.46,1315.53,P2
LF-11869,SKU-0548,LOC-32,HEALTHCARE,OK,32,39.32,5,Y,1.0,0.9479,1258.24,1192.71,P2
LF-70003,SKU-1093,LOC-20,HEALTHCARE,OK,300,5.0,12,Y,0.8,0.92,1500.0,1104.0,P2
LF-11451,SKU-0819,LOC-25,FOOD_AMBIENT,OK,89,11.77,3,Y,1.0,0.982,1047.53,1028.7,P2
LF-70006,SKU-1096,LOC-20,FOOD_CHILLED,OK,300,6.0,24,Y,0.5,0.92,1800.0,828.0,P3
LF-11610,SKU-0727,LOC-34,HEALTHCARE,OK,38,22.39,4,Y,1.0,0.9579,850.82,815.0,P3
LF-10908,SKU-0741,LOC-03,FOOD_CHILLED,OK,65,12.3,3,Y,1.0,0.98,799.5,783.51,P3
LF-10334,SKU-0218,LOC-18,HEALTHCARE,OK,38,24.01,12,Y,0.8,0.9158,912.38,668.44,P3
LF-10666,SKU-0202,LOC-24,FOOD_CHILLED,OK,60,11.24,6,Y,1.0,0.9433,674.4,636.18,P3
LF-10220,SKU-0298,LOC-38,FOOD_CHILLED,OK,45,13.72,1,Y,1.0,0.98,617.4,605.05,P3
LF-11289,SKU-0021,LOC-34,FOOD_AMBIENT,OK,134,10.86,17,Y,0.5,0.8055,1455.24,586.08,P3
LF-11657,SKU-0798,LOC-12,FOOD_AMBIENT,OK,87,7.79,4,Y,1.0,0.8544,677.73,579.06,P3
LF-11444,SKU-0927,LOC-38,FOOD_CHILLED,OK,88,5.79,1,Y,1.0,0.9947,509.52,506.82,P3
LF-10629,SKU-0928,LOC-12,HEALTHCARE,OK,26,27.51,13,Y,0.8,0.8833,715.26,505.45,P3
LF-70005,SKU-1095,LOC-30,FOOD_AMBIENT,OK,200,6.0,18,Y,0.5,0.73,1200.0,438.0,P3
LF-10587,SKU-0055,LOC-22,FOOD_CHILLED,OK,44,12.94,11,Y,0.8,0.925,569.36,421.33,P3
LF-10680,SKU-1077,LOC-03,FOOD_CHILLED,OK,50,11.57,14,Y,0.8,0.9067,578.5,419.61,P3
LF-11280,SKU-0651,LOC-32,HEALTHCARE,OK,91,4.6,1,Y,1.0,0.9901,418.6,414.46,P3
LF-10651,SKU-0671,LOC-31,FOOD_CHILLED,OK,128,9.03,21,Y,0.5,0.6992,1155.84,404.09,P3
LF-11321,SKU-0243,LOC-33,FOOD_AMBIENT,OK,47,9.81,6,Y,1.0,0.8553,461.07,394.36,P3
LF-11421,SKU-0156,LOC-15,FOOD_CHILLED,OK,57,8.98,9,Y,0.8,0.9526,511.86,390.09,P3
LF-10588,SKU-0790,LOC-21,FOOD_AMBIENT,OK,35,11.07,-5,Y,1.0,1.0,387.45,387.45,P3
LF-10171,SKU-0751,LOC-14,FOOD_CHILLED,OK,40,14.66,12,Y,0.8,0.81,586.4,379.99,P3
LF-10354,SKU-0498,LOC-03,FOOD_AMBIENT,OK,89,10.8,25,Y,0.5,0.7285,961.2,350.1,P3
LF-10729,SKU-0664,LOC-03,FOOD_CHILLED,OK,28,12.36,-4,Y,1.0,1.0,346.08,346.08,P3
LF-10145,SKU-0201,LOC-13,FOOD_CHILLED,OK,32,10.82,2,Y,1.0,0.9667,346.24,334.7,P3
LF-11881,SKU-0793,LOC-02,FOOD_CHILLED,OK,55,9.2,12,Y,0.8,0.8182,506.0,331.2,P3
LF-10805,SKU-0592,LOC-17,FOOD_CHILLED,OK,87,4.02,5,Y,1.0,0.9368,349.74,327.63,P3
LF-11215,SKU-0233,LOC-36,FOOD_CHILLED,OK,30,12.39,5,Y,1.0,0.8722,371.7,324.21,P3
LF-11098,SKU-0931,LOC-36,FOOD_AMBIENT,OK,65,11.71,28,Y,0.5,0.8421,761.15,320.46,P3
LF-11424,SKU-0254,LOC-36,FOOD_CHILLED,OK,69,7.07,14,Y,0.8,0.8106,487.83,316.36,P3
LF-10208,SKU-0298,LOC-31,FOOD_CHILLED,OK,24,13.72,5,Y,1.0,0.9306,329.28,306.41,P3
LF-11236,SKU-0313,LOC-30,FOOD_AMBIENT,OK,56,9.59,10,Y,0.8,0.7083,537.04,304.32,P3
LF-10626,SKU-0506,LOC-24,HEALTHCARE,OK,14,29.2,10,Y,0.8,0.9286,408.8,303.68,P3
LF-11761,SKU-1012,LOC-36,HEALTHCARE,OK,53,11.0,13,Y,0.8,0.6484,583.0,302.43,P3
LF-11783,SKU-0467,LOC-13,FOOD_AMBIENT,OK,74,10.13,17,Y,0.5,0.8009,749.62,300.19,P3
LF-10050,SKU-0513,LOC-27,FOOD_CHILLED,OK,23,13.2,2,Y,1.0,0.9855,303.6,299.2,P3
LF-11078,SKU-0001,LOC-09,FOOD_AMBIENT,OK,29,11.1,4,Y,1.0,0.9218,321.9,296.74,P3
LF-11583,SKU-0339,LOC-13,FOOD_CHILLED,OK,92,8.1,29,Y,0.5,0.7583,745.2,282.55,P3
LF-11096,SKU-0488,LOC-13,FOOD_CHILLED,OK,65,11.08,15,Y,0.5,0.7615,720.2,274.23,P3
LF-11132,SKU-0450,LOC-18,FOOD_CHILLED,OK,25,11.07,5,Y,1.0,0.9467,276.75,261.99,P3
LF-10937,SKU-0919,LOC-15,FOOD_AMBIENT,OK,64,4.27,7,Y,1.0,0.9526,273.28,260.33,P3
LF-10181,SKU-0458,LOC-06,HEALTHCARE,OK,13,25.47,8,Y,0.8,0.959,331.11,254.02,P3
LF-11093,SKU-0153,LOC-07,FOOD_CHILLED,OK,32,10.52,11,Y,0.8,0.9427,336.64,253.88,P3
LF-11083,SKU-0918,LOC-07,HEALTHCARE,OK,60,9.52,20,Y,0.5,0.8778,571.2,250.69,P3
LF-11833,SKU-0728,LOC-02,FOOD_CHILLED,OK,33,10.34,14,Y,0.8,0.8869,341.22,242.09,P3
LF-10478,SKU-0728,LOC-03,FOOD_CHILLED,OK,23,10.34,2,Y,1.0,0.9884,237.82,235.06,P3
LF-11163,SKU-0312,LOC-07,FOOD_CHILLED,OK,103,7.97,20,Y,0.5,0.5599,820.91,229.8,P3
LF-11911,SKU-0078,LOC-36,FOOD_CHILLED,OK,20,11.86,4,Y,1.0,0.96,237.2,227.71,P3
LF-11494,SKU-0574,LOC-25,FOOD_CHILLED,OK,23,10.84,4,Y,1.0,0.9072,249.32,226.19,P3
LF-10037,SKU-0078,LOC-18,FOOD_CHILLED,OK,60,11.86,28,Y,0.5,0.6111,711.6,217.43,P3
LF-10251,SKU-0294,LOC-31,FOOD_CHILLED,OK,176,7.5,30,Y,0.5,0.3239,1320.0,213.75,P3
LF-11198,SKU-0612,LOC-34,HEALTHCARE,OK,16,17.36,8,Y,0.8,0.95,277.76,211.1,P3
LF-10676,SKU-0593,LOC-17,FOOD_CHILLED,OK,41,7.28,10,Y,0.8,0.8618,298.48,205.78,P3
LF-11547,SKU-0382,LOC-17,FOOD_AMBIENT,OK,66,7.87,30,Y,0.5,0.7879,519.42,204.62,P3
LF-10183,SKU-1028,LOC-10,FOOD_CHILLED,OK,26,7.77,1,Y,1.0,0.9936,202.02,200.72,P3
LF-10826,SKU-0226,LOC-14,FOOD_CHILLED,OK,44,10.98,28,Y,0.5,0.8303,483.12,200.57,P3
LF-11850,SKU-1067,LOC-14,FOOD_CHILLED,OK,37,5.4,-7,Y,1.0,1.0,199.8,199.8,P3
LF-10425,SKU-0574,LOC-22,FOOD_CHILLED,OK,41,10.84,19,Y,0.5,0.861,444.44,191.33,P3
LF-11429,SKU-0942,LOC-10,HEALTHCARE,OK,5,38.54,1,Y,1.0,0.9867,192.7,190.13,P3
LF-11147,SKU-0339,LOC-15,FOOD_CHILLED,OK,30,8.1,9,Y,0.8,0.95,243.0,184.68,P3
LF-10484,SKU-0290,LOC-24,FOOD_CHILLED,OK,45,10.06,15,Y,0.5,0.8,452.7,181.08,P3
LF-70007,SKU-1097,LOC-27,FOOD_AMBIENT,OK,500,6.0,35,Y,0.2,0.3,3000.0,180.0,P3
LF-10121,SKU-0851,LOC-32,FOOD_CHILLED,OK,178,7.62,35,Y,0.2,0.6526,1356.36,177.04,P3
LF-11286,SKU-0201,LOC-04,FOOD_CHILLED,OK,22,10.82,14,Y,0.8,0.9152,238.04,174.27,P3
LF-11506,SKU-0724,LOC-15,FOOD_CHILLED,OK,62,3.76,14,Y,0.8,0.9172,233.12,171.05,P3
LF-10665,SKU-0740,LOC-10,FOOD_AMBIENT,OK,58,3.04,6,Y,1.0,0.969,176.32,170.85,P3
LF-11267,SKU-0874,LOC-21,FOOD_AMBIENT,OK,18,9.79,7,Y,1.0,0.9611,176.22,169.37,P3
LF-11715,SKU-0039,LOC-31,FOOD_CHILLED,OK,27,14.95,19,Y,0.5,0.8358,403.65,168.69,P3
LF-11595,SKU-0431,LOC-38,FOOD_CHILLED,OK,13,13.59,6,Y,1.0,0.9538,176.67,168.52,P3
LF-10490,SKU-0120,LOC-13,HEALTHCARE,OK,29,16.87,21,Y,0.5,0.6862,489.23,167.86,P3
LF-10319,SKU-0403,LOC-06,FOOD_CHILLED,OK,91,14.09,32,Y,0.2,0.6484,1282.19,166.26,P3
LF-10849,SKU-0921,LOC-16,FOOD_AMBIENT,OK,59,6.61,24,Y,0.5,0.8508,389.99,165.91,P3
LF-11661,SKU-0212,LOC-08,FOOD_CHILLED,OK,28,13.83,25,Y,0.5,0.8512,387.24,164.81,P3
LF-11041,SKU-0068,LOC-38,FOOD_CHILLED,OK,72,14.66,31,Y,0.2,0.7704,1055.52,162.63,P3
LF-10804,SKU-0464,LOC-29,FOOD_AMBIENT,OK,17,9.53,-8,Y,1.0,1.0,162.01,162.01,P3
LF-11789,SKU-1066,LOC-25,FOOD_CHILLED,OK,33,11.33,27,Y,0.5,0.8636,373.89,161.45,P3
LF-11158,SKU-1035,LOC-32,FOOD_CHILLED,OK,14,11.56,1,Y,1.0,0.9929,161.84,160.68,P3
LF-10997,SKU-0703,LOC-25,FOOD_CHILLED,OK,27,8.28,12,Y,0.8,0.8815,223.56,157.65,P3
LF-10268,SKU-0909,LOC-04,FOOD_AMBIENT,OK,57,6.11,18,Y,0.5,0.9053,348.27,157.64,P3
LF-11598,SKU-0582,LOC-22,FOOD_CHILLED,OK,53,7.14,16,Y,0.5,0.8289,378.42,156.84,P3
LF-11454,SKU-0584,LOC-31,FOOD_CHILLED,OK,88,4.2,25,Y,0.5,0.839,369.6,155.05,P3
LF-10137,SKU-0657,LOC-32,FOOD_CHILLED,OK,96,13.95,38,Y,0.2,0.5778,1339.2,154.75,P3
LF-11196,SKU-0355,LOC-34,FOOD_CHILLED,OK,31,14.33,22,Y,0.5,0.6925,444.23,153.81,P3
LF-11597,SKU-0418,LOC-09,HEALTHCARE,OK,35,12.24,27,Y,0.5,0.7171,428.4,153.61,P3
LF-11924,SKU-0650,LOC-24,FOOD_AMBIENT,OK,61,2.92,4,Y,1.0,0.8514,178.12,151.65,P3
LF-11285,SKU-0730,LOC-10,HEALTHCARE,OK,37,27.55,48,Y,0.2,0.7405,1019.35,150.97,P3
LF-70002,SKU-1092,LOC-20,FOOD_AMBIENT,OK,100,4.0,25,Y,0.5,0.75,400.0,150.0,P3
LF-11514,SKU-0655,LOC-17,FOOD_CHILLED,OK,26,12.71,18,Y,0.5,0.9077,330.46,149.98,P3
LF-10461,SKU-0771,LOC-31,FOOD_AMBIENT,OK,44,7.55,21,Y,0.5,0.8886,332.2,147.6,P3
LF-10274,SKU-0483,LOC-31,FOOD_CHILLED,OK,33,6.06,14,Y,0.8,0.901,199.98,144.15,P3
LF-10947,SKU-0353,LOC-27,FOOD_AMBIENT,OK,70,4.81,26,Y,0.5,0.839,336.7,141.25,P3
LF-11075,SKU-0239,LOC-13,FOOD_CHILLED,OK,120,3.3,26,Y,0.5,0.7039,396.0,139.37,P3
LF-10273,SKU-0777,LOC-25,FOOD_CHILLED,OK,28,9.03,11,Y,0.8,0.6857,252.84,138.7,P3
LF-11749,SKU-0248,LOC-25,HEALTHCARE,OK,44,33.28,50,Y,0.2,0.4697,1464.32,137.56,P3
LF-11411,SKU-0368,LOC-15,FOOD_AMBIENT,OK,84,1.69,5,Y,1.0,0.9464,141.96,134.35,P3
LF-11476,SKU-0290,LOC-08,FOOD_CHILLED,OK,14,10.06,6,Y,1.0,0.9429,140.84,132.79,P3
LF-11290,SKU-0344,LOC-15,FOOD_CHILLED,OK,32,11.44,18,Y,0.5,0.7188,366.08,131.56,P3
LF-11081,SKU-0512,LOC-17,FOOD_AMBIENT,OK,49,3.5,10,Y,0.8,0.9456,171.5,129.73,P3
LF-10219,SKU-0152,LOC-24,HEALTHCARE,OK,47,19.47,45,Y,0.2,0.6809,915.09,124.61,P3
LF-11571,SKU-0950,LOC-25,FOOD_CHILLED,OK,53,14.11,33,Y,0.2,0.8132,747.83,121.63,P3
LF-11329,SKU-0087,LOC-24,FOOD_CHILLED,OK,20,6.22,5,Y,1.0,0.9667,124.4,120.25,P3
LF-10890,SKU-0731,LOC-10,FOOD_CHILLED,OK,21,14.12,25,Y,0.5,0.8016,296.52,118.84,P3
LF-10358,SKU-0184,LOC-04,FOOD_AMBIENT,OK,24,5.03,5,Y,1.0,0.9653,120.72,116.53,P3
LF-11353,SKU-0104,LOC-32,HEALTHCARE,OK,25,33.09,56,Y,0.2,0.7013,827.25,116.04,P3
LF-10499,SKU-0984,LOC-04,FOOD_CHILLED,OK,33,8.8,29,Y,0.5,0.7949,290.4,115.43,P3
LF-10033,SKU-0431,LOC-01,FOOD_CHILLED,OK,33,13.59,22,Y,0.5,0.5111,448.47,114.61,P3
LF-10371,SKU-0877,LOC-12,FOOD_AMBIENT,OK,105,7.87,52,Y,0.2,0.6863,826.35,113.43,P3
LF-10059,SKU-0893,LOC-30,FOOD_AMBIENT,OK,32,8.28,19,Y,0.5,0.8417,264.96,111.5,P3
LF-10028,SKU-0432,LOC-24,FOOD_CHILLED,OK,18,6.33,1,Y,1.0,0.9778,113.94,111.41,P3
LF-10888,SKU-0269,LOC-01,FOOD_CHILLED,OK,22,12.83,24,Y,0.5,0.7818,282.26,110.34,P3
LF-10598,SKU-0757,LOC-18,FOOD_CHILLED,OK,12,12.22,11,Y,0.8,0.9389,146.64,110.14,P3
LF-11275,SKU-0593,LOC-03,FOOD_CHILLED,OK,36,7.28,30,Y,0.5,0.8333,262.08,109.2,P3
LF-10714,SKU-0830,LOC-24,FOOD_AMBIENT,OK,49,5.45,23,Y,0.5,0.8122,267.05,108.45,P3
LF-10225,SKU-0412,LOC-21,FOOD_AMBIENT,OK,64,1.72,1,Y,1.0,0.9823,110.08,108.13,P3
LF-11868,SKU-0636,LOC-36,FOOD_AMBIENT,OK,54,2.04,3,Y,1.0,0.9815,110.16,108.12,P3
LF-11474,SKU-0009,LOC-17,FOOD_CHILLED,OK,46,14.53,33,Y,0.2,0.8087,668.38,108.1,P3
LF-11472,SKU-0023,LOC-09,FOOD_AMBIENT,OK,13,11.99,12,Y,0.8,0.8462,155.87,105.51,P3
LF-10161,SKU-1021,LOC-10,FOOD_AMBIENT,OK,29,5.3,13,Y,0.8,0.8506,153.7,104.59,P3
LF-10374,SKU-0591,LOC-15,FOOD_AMBIENT,OK,107,9.43,43,Y,0.2,0.5178,1009.01,104.48,P3
LF-10621,SKU-1059,LOC-07,FOOD_AMBIENT,OK,27,5.12,8,Y,0.8,0.921,138.24,101.85,P3
LF-10733,SKU-0668,LOC-35,FOOD_AMBIENT,OK,45,5.2,20,Y,0.5,0.8667,234.0,101.4,P3
LF-11681,SKU-0713,LOC-21,FOOD_AMBIENT,OK,132,5.08,31,Y,0.2,0.7495,670.56,100.52,P3
LF-11409,SKU-0601,LOC-18,FOOD_CHILLED,OK,51,12.62,35,Y,0.2,0.7712,643.62,99.28,P3
LF-10990,SKU-0224,LOC-32,FOOD_AMBIENT,OK,31,7.85,23,Y,0.5,0.8022,243.35,97.6,P3
LF-10462,SKU-0884,LOC-17,FOOD_CHILLED,OK,9,10.75,3,Y,1.0,0.9778,96.75,94.6,P3
LF-11839,SKU-0310,LOC-07,FOOD_CHILLED,OK,50,12.23,35,Y,0.2,0.7433,611.5,90.91,P3
LF-11295,SKU-0743,LOC-06,FOOD_CHILLED,OK,64,3.96,27,Y,0.5,0.7047,253.44,89.3,P3
LF-10845,SKU-0605,LOC-01,FOOD_CHILLED,OK,36,6.56,23,Y,0.5,0.7444,236.16,87.9,P3
LF-11418,SKU-1048,LOC-02,HEALTHCARE,OK,20,9.35,15,Y,0.5,0.925,187.0,86.49,P3
LF-11293,SKU-0423,LOC-34,FOOD_CHILLED,OK,23,3.77,1,Y,1.0,0.9942,86.71,86.21,P3
LF-10566,SKU-0169,LOC-11,FOOD_AMBIENT,OK,45,7.88,24,Y,0.5,0.4844,354.6,85.89,P3
LF-10390,SKU-0312,LOC-25,FOOD_CHILLED,OK,11,7.97,4,Y,1.0,0.9758,87.67,85.54,P3
LF-10785,SKU-0004,LOC-04,FOOD_CHILLED,OK,36,14.99,38,Y,0.2,0.7889,539.64,85.14,P3
LF-10592,SKU-0393,LOC-07,FOOD_CHILLED,OK,115,4.58,38,Y,0.2,0.8017,526.7,84.46,P3
LF-11023,SKU-0500,LOC-24,FOOD_AMBIENT,OK,43,11.99,32,Y,0.2,0.8016,515.57,82.65,P3
LF-11153,SKU-0930,LOC-10,HEALTHCARE,OK,39,7.97,19,Y,0.5,0.5291,310.83,82.22,P3
LF-11165,SKU-0990,LOC-02,HEALTHCARE,OK,17,33.37,48,Y,0.2,0.7176,567.29,81.42,P3
LF-10128,SKU-0251,LOC-19,FOOD_AMBIENT,OK,20,9.54,23,Y,0.5,0.8467,190.8,80.77,P3
LF-10602,SKU-0644,LOC-37,FOOD_AMBIENT,OK,16,4.83,-6,Y,1.0,1.0,77.28,77.28,P3
LF-11313,SKU-0640,LOC-18,FOOD_CHILLED,OK,23,4.45,12,Y,0.8,0.913,102.35,74.76,P3
LF-10430,SKU-0037,LOC-10,FOOD_CHILLED,OK,84,5.93,45,Y,0.2,0.75,498.12,74.72,P3
LF-10968,SKU-0961,LOC-01,FOOD_CHILLED,OK,14,7.05,13,Y,0.8,0.9381,98.7,74.07,P3
LF-10244,SKU-0519,LOC-27,FOOD_CHILLED,OK,20,3.78,5,Y,1.0,0.9583,75.6,72.45,P3
LF-11170,SKU-0363,LOC-10,FOOD_CHILLED,OK,26,3.73,11,Y,0.8,0.9295,96.98,72.11,P3
LF-11017,SKU-0357,LOC-28,FOOD_CHILLED,OK,42,12.24,43,Y,0.2,0.6929,514.08,71.24,P3
LF-11684,SKU-1002,LOC-13,FOOD_AMBIENT,OK,28,2.71,4,Y,1.0,0.919,75.88,69.74,P3
LF-11343,SKU-0582,LOC-08,FOOD_CHILLED,OK,24,7.14,24,Y,0.5,0.8,171.36,68.54,P3
LF-11752,SKU-0870,LOC-11,FOOD_AMBIENT,OK,120,8.5,46,Y,0.2,0.3356,1020.0,68.45,P3
LF-11831,SKU-0442,LOC-15,FOOD_CHILLED,OK,41,12.93,40,Y,0.2,0.6423,530.13,68.1,P3
LF-11766,SKU-0655,LOC-03,FOOD_CHILLED,OK,36,12.71,48,Y,0.2,0.7333,457.56,67.11,P3
LF-10132,SKU-0254,LOC-31,FOOD_CHILLED,OK,21,7.07,24,Y,0.5,0.8857,148.47,65.75,P3
LF-10904,SKU-0082,LOC-13,FOOD_AMBIENT,OK,51,8.66,42,Y,0.2,0.7255,441.66,64.08,P3
LF-10959,SKU-0773,LOC-13,FOOD_CHILLED,OK,34,13.29,60,Y,0.2,0.7059,451.86,63.79,P3
LF-11206,SKU-0346,LOC-34,FOOD_AMBIENT,OK,31,2.91,13,Y,0.8,0.8742,90.21,63.09,P3
LF-10367,SKU-0036,LOC-31,FOOD_CHILLED,OK,39,2.96,8,Y,0.8,0.6786,115.44,62.67,P3
LF-10217,SKU-0627,LOC-05,FOOD_AMBIENT,OK,20,7.0,16,Y,0.5,0.8933,140.0,62.53,P3
LF-11248,SKU-0475,LOC-32,FOOD_AMBIENT,OK,113,1.5,28,Y,0.5,0.7357,169.5,62.35,P3
LF-10940,SKU-0064,LOC-08,FOOD_AMBIENT,OK,47,8.21,40,Y,0.2,0.8014,385.87,61.85,P3
LF-11931,SKU-0907,LOC-10,FOOD_CHILLED,OK,12,13.12,26,Y,0.5,0.7833,157.44,61.66,P3
LF-11391,SKU-0423,LOC-04,FOOD_CHILLED,OK,22,3.77,10,Y,0.8,0.9242,82.94,61.33,P3
LF-10039,SKU-0941,LOC-22,FOOD_AMBIENT,OK,25,5.72,16,Y,0.5,0.8507,143.0,60.82,P3
LF-10157,SKU-0966,LOC-15,FOOD_CHILLED,OK,34,10.89,33,Y,0.2,0.8059,370.26,59.68,P3
LF-10614,SKU-0805,LOC-03,FOOD_AMBIENT,OK,22,6.95,25,Y,0.5,0.7727,152.9,59.08,P3
LF-11935,SKU-0770,LOC-20,HEALTHCARE,OK,16,33.3,43,Y,0.2,0.5521,532.8,58.83,P3
LF-10179,SKU-0392,LOC-13,FOOD_CHILLED,OK,28,4.94,19,Y,0.5,0.8417,138.32,58.21,P3
LF-11338,SKU-0795,LOC-06,FOOD_AMBIENT,OK,57,7.35,53,Y,0.2,0.6901,418.95,57.82,P3
LF-11250,SKU-0094,LOC-22,FOOD_CHILLED,OK,23,2.54,2,Y,1.0,0.9855,58.42,57.57,P3
LF-10835,SKU-0575,LOC-28,FOOD_CHILLED,OK,14,10.38,19,Y,0.5,0.7738,145.32,56.23,P3
LF-11426,SKU-0915,LOC-01,FOOD_AMBIENT,OK,39,9.52,42,Y,0.2,0.7487,371.28,55.6,P3
LF-11485,SKU-0937,LOC-24,FOOD_CHILLED,OK,39,9.33,49,Y,0.2,0.7487,363.87,54.49,P3
LF-10015,SKU-1083,LOC-06,FOOD_CHILLED,OK,77,8.84,48,Y,0.2,0.3974,680.68,54.1,P3
LF-10978,SKU-0012,LOC-22,FOOD_CHILLED,OK,37,9.91,51,Y,0.2,0.7243,366.67,53.12,P3
LF-10284,SKU-0326,LOC-08,FOOD_CHILLED,OK,17,7.33,27,Y,0.5,0.8412,124.61,52.41,P3
LF-10239,SKU-0812,LOC-08,FOOD_AMBIENT,OK,26,4.45,15,Y,0.5,0.9038,115.7,52.29,P3
LF-10956,SKU-0397,LOC-36,FOOD_CHILLED,OK,144,2.55,44,Y,0.2,0.7046,367.2,51.75,P3
LF-10807,SKU-0860,LOC-30,FOOD_AMBIENT,OK,24,3.24,11,Y,0.8,0.8319,77.76,51.75,P3
LF-11884,SKU-0431,LOC-03,FOOD_CHILLED,OK,9,13.59,22,Y,0.5,0.837,122.31,51.19,P3
LF-10199,SKU-0485,LOC-36,FOOD_CHILLED,OK,30,11.95,37,Y,0.2,0.7122,358.5,51.07,P3
LF-10509,SKU-0094,LOC-08,FOOD_CHILLED,OK,66,2.54,25,Y,0.5,0.6086,167.64,51.01,P3
LF-11106,SKU-0247,LOC-04,FOOD_AMBIENT,OK,39,9.88,51,Y,0.2,0.6513,385.32,50.19,P3
LF-10630,SKU-0175,LOC-32,FOOD_CHILLED,OK,20,7.14,26,Y,0.5,0.6967,142.8,49.74,P3
LF-11266,SKU-0728,LOC-17,FOOD_CHILLED,OK,11,10.34,21,Y,0.5,0.8727,113.74,49.63,P3
LF-11892,SKU-0029,LOC-01,FOOD_CHILLED,OK,99,6.43,52,Y,0.2,0.3872,636.57,49.3,P3
LF-11887,SKU-0225,LOC-13,FOOD_AMBIENT,OK,8,6.0,-9,Y,1.0,1.0,48.0,48.0,P3
LF-10721,SKU-0015,LOC-29,FOOD_AMBIENT,OK,38,9.09,35,Y,0.2,0.693,345.42,47.87,P3
LF-11015,SKU-0761,LOC-02,FOOD_AMBIENT,OK,57,1.95,20,Y,0.5,0.848,111.15,47.12,P3
LF-10477,SKU-0688,LOC-05,FOOD_AMBIENT,OK,16,3.88,13,Y,0.8,0.9187,62.08,45.63,P3
LF-11671,SKU-0571,LOC-21,FOOD_AMBIENT,OK,32,9.38,39,Y,0.2,0.7562,300.16,45.4,P3
LF-10848,SKU-0352,LOC-38,FOOD_CHILLED,OK,52,11.78,47,Y,0.2,0.3673,612.56,45.0,P3
LF-11437,SKU-0148,LOC-32,FOOD_CHILLED,OK,19,5.74,18,Y,0.5,0.8105,109.06,44.2,P3
LF-10341,SKU-0511,LOC-24,FOOD_CHILLED,OK,29,11.55,33,Y,0.2,0.6586,334.95,44.12,P3
LF-10786,SKU-0398,LOC-18,FOOD_CHILLED,OK,15,3.92,9,Y,0.8,0.92,58.8,43.28,P3
LF-10117,SKU-0186,LOC-18,FOOD_CHILLED,OK,79,3.35,35,Y,0.2,0.808,264.65,42.77,P3
LF-10046,SKU-0392,LOC-34,FOOD_CHILLED,OK,19,4.94,15,Y,0.5,0.8947,93.86,41.99,P3
LF-10427,SKU-0229,LOC-36,FOOD_AMBIENT,OK,34,10.03,50,Y,0.2,0.6078,341.02,41.46,P3
LF-10147,SKU-0519,LOC-34,FOOD_CHILLED,OK,116,3.78,46,Y,0.2,0.458,438.48,40.17,P3
LF-10837,SKU-0298,LOC-34,FOOD_CHILLED,OK,23,13.72,36,Y,0.2,0.6348,315.56,40.06,P3
LF-11148,SKU-0027,LOC-34,FOOD_CHILLED,OK,14,6.26,22,Y,0.5,0.8952,87.64,39.23,P3
LF-10155,SKU-0078,LOC-31,FOOD_CHILLED,OK,45,11.86,57,Y,0.2,0.3667,533.7,39.14,P3
LF-11440,SKU-0553,LOC-13,FOOD_CHILLED,OK,11,4.52,9,Y,0.8,0.9455,49.72,37.61,P3
LF-11129,SKU-0403,LOC-25,FOOD_CHILLED,OK,6,14.09,20,Y,0.5,0.8889,84.54,37.57,P3
LF-10933,SKU-0271,LOC-19,FOOD_AMBIENT,OK,15,6.32,19,Y,0.5,0.7889,94.8,37.39,P3
LF-11937,SKU-0487,LOC-33,FOOD_AMBIENT,OK,22,10.47,28,Y,0.5,0.3212,230.34,36.99,P3
LF-10536,SKU-0780,LOC-18,FOOD_CHILLED,OK,28,8.68,45,Y,0.2,0.7321,243.04,35.59,P3
LF-10522,SKU-0513,LOC-04,FOOD_CHILLED,OK,25,13.2,27,Y,0.5,0.208,330.0,34.32,P3
LF-10993,SKU-1035,LOC-27,FOOD_CHILLED,OK,22,11.56,56,Y,0.2,0.6606,254.32,33.6,P3
LF-10236,SKU-0694,LOC-28,FOOD_CHILLED,OK,18,11.61,37,Y,0.2,0.7944,208.98,33.2,P3
LF-11906,SKU-0246,LOC-02,FOOD_CHILLED,OK,24,11.68,37,Y,0.2,0.5889,280.32,33.02,P3
LF-11504,SKU-1084,LOC-02,FOOD_AMBIENT,OK,13,8.38,27,Y,0.5,0.5846,108.94,31.84,P3
LF-10010,SKU-0064,LOC-30,FOOD_AMBIENT,OK,35,8.21,32,Y,0.2,0.5429,287.35,31.2,P3
LF-11643,SKU-1076,LOC-17,FOOD_CHILLED,OK,64,3.11,38,Y,0.2,0.7823,199.04,31.14,P3
LF-11865,SKU-0020,LOC-11,FOOD_AMBIENT,OK,33,5.8,40,Y,0.2,0.798,191.4,30.55,P3
LF-10524,SKU-0434,LOC-07,FOOD_CHILLED,OK,14,2.25,5,Y,1.0,0.9643,31.5,30.38,P3
LF-10862,SKU-0677,LOC-17,FOOD_CHILLED,OK,38,14.0,32,Y,0.2,0.2702,532.0,28.75,P3
LF-11438,SKU-1053,LOC-34,FOOD_AMBIENT,OK,16,8.15,27,Y,0.5,0.4375,130.4,28.53,P3
LF-10122,SKU-0562,LOC-10,FOOD_CHILLED,OK,21,12.19,41,Y,0.2,0.5444,255.99,27.87,P3
LF-10951,SKU-1004,LOC-28,FOOD_AMBIENT,OK,23,8.38,48,Y,0.2,0.7217,192.74,27.82,P3
LF-10249,SKU-0277,LOC-38,FOOD_AMBIENT,OK,42,11.53,45,Y,0.2,0.2857,484.26,27.67,P3
LF-10469,SKU-0977,LOC-09,FOOD_AMBIENT,OK,347,0.54,49,Y,0.2,0.7317,187.38,27.42,P3
LF-10373,SKU-0473,LOC-10,FOOD_CHILLED,OK,16,12.41,50,Y,0.2,0.6875,198.56,27.3,P3
LF-11164,SKU-0048,LOC-36,FOOD_AMBIENT,OK,18,9.41,35,Y,0.2,0.8056,169.38,27.29,P3
LF-10974,SKU-0423,LOC-03,FOOD_CHILLED,OK,23,3.77,29,Y,0.5,0.6217,86.71,26.96,P3
LF-11452,SKU-0105,LOC-24,FOOD_CHILLED,OK,26,6.38,38,Y,0.2,0.8051,165.88,26.71,P3
LF-11374,SKU-0803,LOC-07,FOOD_CHILLED,OK,22,5.04,23,Y,0.5,0.4773,110.88,26.46,P3
LF-10590,SKU-1043,LOC-31,FOOD_CHILLED,OK,17,14.08,60,Y,0.2,0.5294,239.36,25.34,P3
LF-11834,SKU-0961,LOC-04,FOOD_CHILLED,OK,24,7.05,46,Y,0.2,0.7444,169.2,25.19,P3
LF-10069,SKU-1005,LOC-24,FOOD_CHILLED,OK,74,2.23,50,Y,0.2,0.7523,165.02,24.83,P3
LF-10356,SKU-0408,LOC-31,FOOD_CHILLED,OK,65,2.79,43,Y,0.2,0.6472,181.35,23.47,P3
LF-10938,SKU-0428,LOC-31,FOOD_CHILLED,OK,21,8.6,37,Y,0.2,0.6476,180.6,23.39,P3
LF-10443,SKU-0917,LOC-17,FOOD_CHILLED,OK,23,3.04,30,Y,0.5,0.6522,69.92,22.8,P3
LF-10000,SKU-0855,LOC-25,FOOD_CHILLED,OK,15,3.81,19,Y,0.5,0.7889,57.15,22.54,P3
LF-11105,SKU-1016,LOC-01,FOOD_CHILLED,OK,30,4.47,32,Y,0.2,0.8222,134.1,22.05,P3
LF-10779,SKU-0989,LOC-31,FOOD_CHILLED,OK,37,4.78,42,Y,0.2,0.6216,176.86,21.99,P3
LF-11496,SKU-0414,LOC-29,FOOD_AMBIENT,OK,31,1.54,16,Y,0.5,0.914,47.74,21.82,P3
LF-11609,SKU-0336,LOC-33,FOOD_AMBIENT,OK,25,6.13,44,Y,0.2,0.7067,153.25,21.66,P3
LF-11066,SKU-0881,LOC-28,FOOD_CHILLED,OK,22,12.26,44,Y,0.2,0.4,269.72,21.58,P3
LF-11638,SKU-0914,LOC-15,FOOD_AMBIENT,OK,31,4.91,57,Y,0.2,0.6935,152.21,21.11,P3
LF-11753,SKU-0880,LOC-15,FOOD_CHILLED,OK,41,4.12,59,Y,0.2,0.6163,168.92,20.82,P3
LF-10530,SKU-0680,LOC-26,FOOD_AMBIENT,OK,5,5.55,10,Y,0.8,0.9333,27.75,20.72,P3
LF-10021,SKU-0165,LOC-31,FOOD_AMBIENT,OK,15,7.31,28,Y,0.5,0.3778,109.65,20.71,P3
LF-11029,SKU-0138,LOC-20,FOOD_AMBIENT,OK,33,4.4,48,Y,0.2,0.7091,145.2,20.59,P3
LF-10186,SKU-0745,LOC-25,HEALTHCARE,OK,12,4.84,16,Y,0.5,0.6889,58.08,20.01,P3
LF-10790,SKU-0391,LOC-17,FOOD_CHILLED,OK,22,6.36,48,Y,0.2,0.7091,139.92,19.84,P3
LF-11463,SKU-0007,LOC-28,FOOD_CHILLED,OK,23,7.05,45,Y,0.2,0.6087,162.15,19.74,P3
LF-11769,SKU-0398,LOC-36,FOOD_CHILLED,OK,11,3.92,15,Y,0.5,0.9091,43.12,19.6,P3
LF-11000,SKU-0800,LOC-35,FOOD_AMBIENT,OK,18,1.08,-3,Y,1.0,1.0,19.44,19.44,P3
LF-10902,SKU-0234,LOC-02,FOOD_CHILLED,OK,6,4.44,10,Y,0.8,0.8889,26.64,18.94,P3
LF-10418,SKU-0642,LOC-03,FOOD_CHILLED,OK,34,7.84,51,Y,0.2,0.35,266.56,18.66,P3
LF-10003,SKU-0883,LOC-14,FOOD_AMBIENT,OK,5,3.94,3,Y,1.0,0.94,19.7,18.52,P3
LF-11045,SKU-0728,LOC-27,FOOD_CHILLED,OK,16,10.34,31,Y,0.2,0.5479,165.44,18.13,P3
LF-10545,SKU-0349,LOC-20,FOOD_AMBIENT,OK,28,4.22,49,Y,0.2,0.7667,118.16,18.12,P3
LF-10704,SKU-0323,LOC-18,FOOD_CHILLED,OK,32,1.8,30,Y,0.5,0.625,57.6,18.0,P3
LF-11580,SKU-0961,LOC-18,FOOD_CHILLED,OK,22,7.05,40,Y,0.2,0.5758,155.1,17.86,P3
LF-10115,SKU-0513,LOC-36,FOOD_CHILLED,OK,11,13.2,43,Y,0.2,0.6091,145.2,17.69,P3
LF-11793,SKU-0825,LOC-01,FOOD_CHILLED,OK,14,14.25,39,Y,0.2,0.4429,199.5,17.67,P3
LF-11192,SKU-0435,LOC-29,FOOD_AMBIENT,OK,11,11.25,48,Y,0.2,0.7091,123.75,17.55,P3
LF-10414,SKU-0241,LOC-17,FOOD_AMBIENT,OK,26,5.82,55,Y,0.2,0.5769,151.32,17.46,P3
LF-11204,SKU-0372,LOC-23,FOOD_AMBIENT,OK,5,9.15,18,Y,0.5,0.76,45.75,17.39,P3
LF-11420,SKU-0194,LOC-27,FOOD_AMBIENT,OK,32,9.95,59,Y,0.2,0.2625,318.4,16.72,P3
LF-10985,SKU-0547,LOC-17,FOOD_CHILLED,OK,14,12.3,55,Y,0.2,0.4762,172.2,16.4,P3
LF-11698,SKU-0026,LOC-04,FOOD_AMBIENT,OK,12,10.08,58,Y,0.2,0.6778,120.96,16.4,P3
LF-10570,SKU-0468,LOC-31,FOOD_CHILLED,OK,15,2.81,25,Y,0.5,0.7778,42.15,16.39,P3
LF-11068,SKU-0077,LOC-12,FOOD_AMBIENT,OK,41,3.04,54,Y,0.2,0.6488,124.64,16.17,P3
LF-11389,SKU-0119,LOC-01,FOOD_AMBIENT,OK,20,5.27,35,Y,0.2,0.7667,105.4,16.16,P3
LF-11392,SKU-0252,LOC-27,FOOD_CHILLED,OK,26,6.58,46,Y,0.2,0.4692,171.08,16.06,P3
LF-10101,SKU-0031,LOC-28,FOOD_AMBIENT,OK,40,11.01,52,Y,0.2,0.1767,440.4,15.56,P3
LF-11903,SKU-0084,LOC-27,FOOD_AMBIENT,OK,21,5.52,52,Y,0.2,0.6698,115.92,15.53,P3
LF-10337,SKU-0537,LOC-33,FOOD_AMBIENT,OK,41,2.34,34,Y,0.2,0.8065,95.94,15.48,P3
LF-10323,SKU-1076,LOC-08,FOOD_CHILLED,OK,40,3.11,38,Y,0.2,0.62,124.4,15.43,P3
LF-10606,SKU-0362,LOC-23,FOOD_AMBIENT,OK,60,1.57,39,Y,0.2,0.805,94.2,15.17,P3
LF-10813,SKU-0442,LOC-32,FOOD_CHILLED,OK,11,12.93,52,Y,0.2,0.5273,142.23,15.0,P3
LF-10513,SKU-0707,LOC-07,FOOD_CHILLED,OK,18,6.44,39,Y,0.2,0.6389,115.92,14.81,P3
LF-10543,SKU-0149,LOC-12,FOOD_AMBIENT,OK,15,6.24,48,Y,0.2,0.7867,93.6,14.73,P3
LF-10791,SKU-1044,LOC-36,FOOD_CHILLED,OK,10,1.79,4,Y,1.0,0.8133,17.9,14.56,P3
LF-11008,SKU-0268,LOC-09,FOOD_AMBIENT,OK,53,2.62,48,Y,0.2,0.517,138.86,14.36,P3
LF-11430,SKU-0821,LOC-27,FOOD_AMBIENT,OK,18,6.95,59,Y,0.2,0.563,125.1,14.09,P3
LF-11387,SKU-0394,LOC-16,FOOD_CHILLED,OK,6,4.8,17,Y,0.5,0.9056,28.8,13.04,P3
LF-11648,SKU-0625,LOC-36,FOOD_CHILLED,OK,52,10.56,55,Y,0.2,0.1186,549.12,13.02,P3
LF-10749,SKU-0028,LOC-03,FOOD_AMBIENT,OK,15,10.89,39,Y,0.2,0.3933,163.35,12.85,P3
LF-11651,SKU-0678,LOC-18,FOOD_CHILLED,OK,5,2.58,1,Y,1.0,0.9933,12.9,12.81,P3
LF-10814,SKU-1011,LOC-02,FOOD_CHILLED,OK,40,2.49,44,Y,0.2,0.6333,99.6,12.62,P3
LF-10610,SKU-0167,LOC-24,FOOD_AMBIENT,OK,50,1.02,23,Y,0.5,0.494,51.0,12.6,P3
LF-10724,SKU-0035,LOC-34,FOOD_CHILLED,OK,13,6.48,35,Y,0.2,0.7308,84.24,12.31,P3
LF-10316,SKU-0356,LOC-38,FOOD_CHILLED,OK,37,2.76,50,Y,0.2,0.5946,102.12,12.14,P3
LF-10682,SKU-0484,LOC-10,FOOD_CHILLED,OK,9,10.75,51,Y,0.2,0.6222,96.75,12.04,P3
LF-11859,SKU-0307,LOC-24,FOOD_AMBIENT,OK,17,1.81,23,Y,0.5,0.7745,30.77,11.92,P3
LF-10966,SKU-0594,LOC-31,FOOD_CHILLED,OK,52,1.58,36,Y,0.2,0.7231,82.16,11.88,P3
LF-11299,SKU-0936,LOC-10,FOOD_CHILLED,OK,47,1.95,50,Y,0.2,0.6454,91.65,11.83,P3
LF-10464,SKU-0352,LOC-18,FOOD_CHILLED,OK,23,11.78,60,Y,0.2,0.2174,270.94,11.78,P3
LF-10201,SKU-0515,LOC-06,FOOD_AMBIENT,OK,14,5.25,48,Y,0.2,0.7714,73.5,11.34,P3
LF-10315,SKU-0053,LOC-32,FOOD_AMBIENT,OK,28,3.05,36,Y,0.2,0.6571,85.4,11.22,P3
LF-10973,SKU-0888,LOC-19,HEALTHCARE,OK,39,21.39,39,Y,0.2,0.0667,834.21,11.12,P3
LF-10305,SKU-1069,LOC-27,FOOD_CHILLED,OK,32,2.39,48,Y,0.2,0.7,76.48,10.71,P3
LF-11046,SKU-0616,LOC-24,FOOD_AMBIENT,OK,33,5.04,56,Y,0.2,0.3212,166.32,10.68,P3
LF-10105,SKU-0769,LOC-16,FOOD_AMBIENT,OK,14,9.42,43,Y,0.2,0.3857,131.88,10.17,P3
LF-11619,SKU-0637,LOC-02,FOOD_CHILLED,OK,32,1.64,20,Y,0.5,0.375,52.48,9.84,P3
LF-10549,SKU-0126,LOC-31,FOOD_AMBIENT,OK,20,7.77,59,Y,0.2,0.3117,155.4,9.69,P3
LF-11562,SKU-0240,LOC-17,FOOD_CHILLED,OK,11,8.64,55,Y,0.2,0.5,95.04,9.5,P3
LF-10129,SKU-0545,LOC-32,FOOD_CHILLED,OK,15,5.12,43,Y,0.2,0.6178,76.8,9.49,P3
LF-10641,SKU-0779,LOC-14,FOOD_CHILLED,OK,29,2.55,35,Y,0.2,0.6379,73.95,9.44,P3
LF-11187,SKU-0945,LOC-22,FOOD_CHILLED,OK,6,8.04,22,Y,0.5,0.3889,48.24,9.38,P3
LF-11626,SKU-0141,LOC-35,FOOD_AMBIENT,OK,26,4.27,57,Y,0.2,0.4154,111.02,9.22,P3
LF-11135,SKU-0936,LOC-16,FOOD_CHILLED,OK,32,1.95,56,Y,0.2,0.7083,62.4,8.84,P3
LF-10080,SKU-0682,LOC-04,FOOD_CHILLED,OK,31,3.79,59,Y,0.2,0.3656,117.49,8.59,P3
LF-11193,SKU-0029,LOC-03,FOOD_CHILLED,OK,10,6.43,50,Y,0.2,0.6667,64.3,8.57,P3
LF-10769,SKU-0892,LOC-06,FOOD_CHILLED,OK,31,5.69,29,Y,0.5,0.0957,176.39,8.44,P3
LF-10803,SKU-0955,LOC-12,FOOD_AMBIENT,OK,19,0.64,11,Y,0.8,0.8456,12.16,8.23,P3
LF-11776,SKU-0689,LOC-26,FOOD_AMBIENT,OK,36,8.48,55,Y,0.2,0.1343,305.28,8.2,P3
LF-11449,SKU-0835,LOC-11,FOOD_AMBIENT,OK,31,2.62,53,Y,0.2,0.4871,81.22,7.91,P3
LF-11269,SKU-0873,LOC-09,FOOD_AMBIENT,OK,23,11.16,24,Y,0.5,0.0609,256.68,7.81,P3
LF-11519,SKU-0483,LOC-13,FOOD_CHILLED,OK,13,6.06,43,Y,0.2,0.4487,78.78,7.07,P3
LF-11478,SKU-0417,LOC-34,HEALTHCARE,OK,14,4.15,42,Y,0.2,0.6,58.1,6.97,P3
LF-10116,SKU-0570,LOC-07,FOOD_CHILLED,OK,6,11.18,45,Y,0.2,0.5,67.08,6.71,P3
LF-11780,SKU-1072,LOC-38,FOOD_CHILLED,OK,24,8.98,36,Y,0.2,0.15,215.52,6.47,P3
LF-10642,SKU-0683,LOC-35,FOOD_AMBIENT,OK,28,1.5,31,Y,0.2,0.7417,42.0,6.23,P3
LF-10841,SKU-0794,LOC-01,FOOD_CHILLED,OK,8,5.88,46,Y,0.2,0.6167,47.04,5.8,P3
LF-10735,SKU-0099,LOC-32,HEALTHCARE,OK,96,16.46,59,Y,0.2,0.0167,1580.16,5.27,P3
LF-10766,SKU-0366,LOC-06,FOOD_AMBIENT,OK,107,0.59,52,Y,0.2,0.4006,63.13,5.06,P3
LF-10029,SKU-0223,LOC-15,FOOD_AMBIENT,OK,15,4.03,37,Y,0.2,0.3422,60.45,4.14,P3
LF-11599,SKU-0988,LOC-12,FOOD_AMBIENT,OK,23,6.12,35,Y,0.2,0.1377,140.76,3.88,P3
LF-10355,SKU-0022,LOC-17,FOOD_CHILLED,OK,13,5.54,59,Y,0.2,0.2436,72.02,3.51,P3
LF-11332,SKU-1005,LOC-18,FOOD_CHILLED,OK,31,2.23,50,Y,0.2,0.2473,69.13,3.42,P3
LF-11021,SKU-0208,LOC-19,FOOD_AMBIENT,OK,23,1.1,35,Y,0.2,0.6449,25.3,3.26,P3
LF-10548,SKU-0195,LOC-28,FOOD_AMBIENT,OK,29,0.72,52,Y,0.2,0.7011,20.88,2.93,P3
LF-10607,SKU-0489,LOC-15,FOOD_CHILLED,OK,11,1.89,53,Y,0.2,0.6788,20.79,2.82,P3
LF-10546,SKU-0127,LOC-34,FOOD_AMBIENT,OK,43,0.52,54,Y,0.2,0.6233,22.36,2.79,P3
LF-10104,SKU-0815,LOC-34,FOOD_CHILLED,OK,173,10.52,56,Y,0.2,0.0073,1819.96,2.67,P3
LF-10205,SKU-1085,LOC-10,FOOD_AMBIENT,OK,26,0.65,56,Y,0.2,0.641,16.9,2.17,P3
LF-11069,SKU-0529,LOC-03,FOOD_CHILLED,OK,22,2.0,51,Y,0.2,0.0727,44.0,0.64,P3
LF-11810,SKU-0013,LOC-01,FOOD_CHILLED,OK,21,13.1,58,Y,0.2,0.0,275.1,0.0,P3
LF-11687,SKU-0122,LOC-01,FOOD_CHILLED,OK,50,10.9,60,Y,0.2,0.0,545.0,0.0,P3
LF-10328,SKU-1032,LOC-24,FOOD_CHILLED,OK,10,7.78,30,Y,0.5,0.0,77.8,0.0,P3
LF-11435,SKU-0536,LOC-18,FOOD_CHILLED,OK,54,5.05,48,Y,0.2,0.0,272.7,0.0,P3
LF-11762,SKU-0896,LOC-30,FOOD_AMBIENT,STALE_COUNT,34,7.14,47,Y,0.2,0.0,242.76,0.0,P3
LF-10857,SKU-0323,LOC-13,FOOD_CHILLED,OK,49,1.8,47,Y,0.2,0.0,88.2,0.0,P3
LF-10292,SKU-0664,LOC-28,FOOD_CHILLED,OK,21,12.36,58,Y,0.2,0.0,259.56,0.0,P3
LF-11552,SKU-0068,LOC-01,FOOD_CHILLED,OK,17,14.66,45,Y,0.2,0.0,249.22,0.0,P3
LF-11851,SKU-0905,LOC-25,FOOD_CHILLED,OK,12,2.56,52,Y,0.2,0.0,30.72,0.0,P3
LF-10139,SKU-0295,LOC-01,FOOD_AMBIENT,OK,59,5.66,30,Y,0.5,0.0,333.94,0.0,P3
LF-10347,SKU-0939,LOC-02,FOOD_CHILLED,OK,23,7.88,58,Y,0.2,0.0,181.24,0.0,P3
LF-10944,SKU-0205,LOC-16,FOOD_CHILLED,OK,14,10.36,43,Y,0.2,0.0,145.04,0.0,P3
LF-11044,SKU-0640,LOC-22,FOOD_CHILLED,OK,40,4.45,43,Y,0.2,0.0,178.0,0.0,P3
LF-10839,SKU-0173,LOC-17,FOOD_CHILLED,OK,36,9.08,52,Y,0.2,0.0,326.88,0.0,P3
LF-11652,SKU-0553,LOC-34,FOOD_CHILLED,OK,17,4.52,53,Y,0.2,0.0,76.84,0.0,P3
LF-11739,SKU-0757,LOC-22,FOOD_CHILLED,OK,33,12.22,50,Y,0.2,0.0,403.26,0.0,P3
LF-11722,SKU-0836,LOC-22,FOOD_AMBIENT,OK,7,7.36,46,Y,0.2,0.0,51.52,0.0,P3
LF-10235,SKU-1018,LOC-18,FOOD_AMBIENT,OK,40,6.13,42,Y,0.2,0.0,245.2,0.0,P3
LF-10922,SKU-0593,LOC-02,FOOD_CHILLED,OK,7,7.28,40,Y,0.2,0.0,50.96,0.0,P3
LF-11316,SKU-0958,LOC-34,FOOD_CHILLED,OK,27,4.95,54,Y,0.2,0.0,133.65,0.0,P3
LF-10486,SKU-0253,LOC-32,FOOD_CHILLED,OK,18,13.08,58,Y,0.2,0.0,235.44,0.0,P3
LF-10856,SKU-0703,LOC-24,FOOD_CHILLED,OK,42,8.28,43,Y,0.2,0.0,347.76,0.0,P3
LF-11579,SKU-0430,LOC-08,FOOD_CHILLED,OK,20,6.74,49,Y,0.2,0.0,134.8,0.0,P3
LF-10191,SKU-0488,LOC-02,FOOD_CHILLED,OK,48,11.08,35,Y,0.2,0.0,531.84,0.0,P3
LF-11470,SKU-0044,LOC-36,HEALTHCARE,OK,19,23.15,54,Y,0.2,0.0,439.85,0.0,P3
LF-10640,SKU-0141,LOC-08,FOOD_AMBIENT,OK,8,4.27,33,Y,0.2,0.0,34.16,0.0,P3
LF-10446,SKU-0124,LOC-37,FOOD_AMBIENT,OK,38,5.37,51,Y,0.2,0.0,204.06,0.0,P3
LF-10744,SKU-0167,LOC-16,FOOD_AMBIENT,OK,21,1.02,55,Y,0.2,0.0,21.42,0.0,P3
LF-11194,SKU-0731,LOC-16,FOOD_CHILLED,OK,29,14.12,49,Y,0.2,0.0,409.48,0.0,P3
LF-10322,SKU-0868,LOC-15,FOOD_AMBIENT,OK,41,9.22,46,Y,0.2,0.0,378.02,0.0,P3
LF-10650,SKU-0836,LOC-19,FOOD_AMBIENT,OK,16,7.36,45,Y,0.2,0.0,117.76,0.0,P3
LF-11174,SKU-0407,LOC-25,FOOD_AMBIENT,OK,53,8.56,53,Y,0.2,0.0,453.68,0.0,P3
LF-10455,SKU-0979,LOC-27,FOOD_CHILLED,OK,45,6.43,45,Y,0.2,0.0,289.35,0.0,P3
LF-11629,SKU-1006,LOC-17,FOOD_AMBIENT,OK,32,7.59,53,Y,0.2,0.0,242.88,0.0,P3
LF-11450,SKU-0005,LOC-34,HEALTHCARE,OK,14,15.77,54,Y,0.2,0.0,220.78,0.0,P3
LF-11171,SKU-0855,LOC-36,FOOD_CHILLED,OK,6,3.81,45,Y,0.2,0.0,22.86,0.0,P3
LF-11534,SKU-0965,LOC-15,FOOD_AMBIENT,OK,10,8.05,197,N,,,80.5,,
LF-11152,SKU-0690,LOC-18,FOOD_AMBIENT,OK,56,11.55,217,N,,,646.8,,
LF-11117,SKU-0199,LOC-24,FOOD_AMBIENT,OK,24,6.78,167,N,,,162.72,,
LF-11225,SKU-0193,LOC-16,FOOD_CHILLED,OK,12,7.99,93,N,,,95.88,,
LF-11160,SKU-0494,LOC-29,FOOD_AMBIENT,OK,26,3.78,169,N,,,98.28,,
LF-11283,SKU-0986,LOC-26,FOOD_AMBIENT,OK,34,1.86,145,N,,,63.24,,
LF-10204,SKU-0008,LOC-35,FOOD_AMBIENT,OK,77,11.87,213,N,,,913.99,,
LF-10397,SKU-0518,LOC-27,FOOD_AMBIENT,OK,25,7.8,168,N,,,195.0,,
LF-11585,SKU-0732,LOC-37,HEALTHCARE,OK,19,9.55,294,N,,,181.45,,
LF-10512,SKU-0865,LOC-01,FOOD_AMBIENT,OK,85,8.23,319,N,,,699.55,,
LF-10555,SKU-0351,LOC-25,HEALTHCARE,OK,32,7.69,373,N,,,246.08,,
LF-11923,SKU-0535,LOC-10,HEALTHCARE,OK,36,7.22,124,N,,,259.92,,
LF-10943,SKU-0524,LOC-15,FOOD_AMBIENT,OK,47,7.27,175,N,,,341.69,,
LF-11253,SKU-0151,LOC-13,FOOD_AMBIENT,OK,13,2.8,139,N,,,36.4,,
LF-10124,SKU-0888,LOC-20,HEALTHCARE,OK,28,21.39,103,N,,,598.92,,
LF-11566,SKU-0962,LOC-27,FOOD_AMBIENT,OK,50,8.84,77,N,,,442.0,,
LF-10357,SKU-0331,LOC-14,FOOD_CHILLED,OK,15,3.04,89,N,,,45.6,,
LF-11601,SKU-0234,LOC-22,FOOD_CHILLED,OK,28,4.44,99,N,,,124.32,,
LF-11348,SKU-0998,LOC-34,HEALTHCARE,OK,82,24.97,77,N,,,2047.54,,
LF-11141,SKU-0911,LOC-06,HEALTHCARE,OK,114,21.79,229,N,,,2484.06,,
LF-11535,SKU-0411,LOC-06,FOOD_AMBIENT,OK,11,11.35,160,N,,,124.85,,
LF-11589,SKU-0263,LOC-25,HEALTHCARE,OK,22,31.18,327,N,,,685.96,,
LF-10976,SKU-0015,LOC-17,FOOD_AMBIENT,OK,98,9.09,371,N,,,890.82,,
LF-10652,SKU-0025,LOC-20,HEALTHCARE,OK,51,13.16,145,N,,,671.16,,
LF-10517,SKU-0859,LOC-26,FOOD_AMBIENT,OK,96,6.22,375,N,,,597.12,,
LF-11288,SKU-0625,LOC-15,FOOD_CHILLED,OK,20,10.56,61,N,,,211.2,,
LF-10878,SKU-0195,LOC-09,FOOD_AMBIENT,OK,12,0.72,194,N,,,8.64,,
LF-11287,SKU-1034,LOC-21,FOOD_AMBIENT,OK,14,7.96,213,N,,,111.44,,
LF-10166,SKU-0054,LOC-35,HEALTHCARE,OK,7,22.29,380,N,,,156.03,,
LF-11138,SKU-0188,LOC-01,FOOD_AMBIENT,OK,43,2.37,125,N,,,101.91,,
LF-11402,SKU-0033,LOC-17,FOOD_AMBIENT,OK,7,9.17,102,N,,,64.19,,
LF-10502,SKU-0032,LOC-02,FOOD_CHILLED,OK,30,5.48,66,N,,,164.4,,
LF-10286,SKU-0385,LOC-17,FOOD_AMBIENT,OK,15,3.31,231,N,,,49.65,,
LF-11282,SKU-0691,LOC-24,FOOD_AMBIENT,OK,35,6.04,143,N,,,211.4,,
LF-11682,SKU-0073,LOC-38,FOOD_AMBIENT,OK,14,10.66,78,N,,,149.24,,
LF-11503,SKU-0387,LOC-22,HEALTHCARE,OK,19,3.42,282,N,,,64.98,,
LF-11706,SKU-1048,LOC-37,HEALTHCARE,OK,20,9.35,360,N,,,187.0,,
LF-11765,SKU-0028,LOC-22,FOOD_AMBIENT,OK,48,10.89,176,N,,,522.72,,
LF-11051,SKU-0664,LOC-18,FOOD_CHILLED,OK,10,12.36,112,N,,,123.6,,
LF-10895,SKU-1036,LOC-09,HEALTHCARE,OK,7,28.17,216,N,,,197.19,,
LF-10871,SKU-0259,LOC-36,HEALTHCARE,OK,16,38.41,193,N,,,614.56,,
LF-11432,SKU-0207,LOC-07,HEALTHCARE,OK,26,11.85,84,N,,,308.1,,
LF-10162,SKU-0817,LOC-20,FOOD_AMBIENT,OK,75,1.11,116,N,,,83.25,,
LF-11517,SKU-0694,LOC-32,FOOD_CHILLED,OK,6,11.61,127,N,,,69.66,,
LF-11414,SKU-0614,LOC-37,FOOD_AMBIENT,OK,51,8.56,117,N,,,436.56,,
LF-10417,SKU-0275,LOC-29,HEALTHCARE,OK,42,36.97,293,N,,,1552.74,,
LF-10764,SKU-0297,LOC-13,FOOD_AMBIENT,OK,20,0.64,113,N,,,12.8,,
LF-10697,SKU-0220,LOC-01,FOOD_AMBIENT,OK,28,5.99,303,N,,,167.72,,
LF-10438,SKU-0440,LOC-07,FOOD_CHILLED,OK,24,4.22,103,N,,,101.28,,
LF-11067,SKU-0318,LOC-26,FOOD_AMBIENT,OK,51,5.63,126,N,,,287.13,,
LF-10525,SKU-1070,LOC-19,FOOD_AMBIENT,OK,12,7.85,119,N,,,94.2,,
LF-11462,SKU-0429,LOC-18,FOOD_AMBIENT,OK,52,6.02,232,N,,,313.04,,
LF-10792,SKU-0631,LOC-04,FOOD_AMBIENT,OK,62,10.18,247,N,,,631.16,,
LF-11309,SKU-0098,LOC-10,FOOD_CHILLED,OK,15,2.03,64,N,,,30.45,,
LF-10210,SKU-0516,LOC-04,FOOD_AMBIENT,OK,23,11.85,353,N,,,272.55,,
LF-10332,SKU-0727,LOC-12,HEALTHCARE,OK,96,22.39,174,N,,,2149.44,,
LF-11600,SKU-0495,LOC-11,FOOD_AMBIENT,OK,15,10.36,376,N,,,155.4,,
LF-11072,SKU-1021,LOC-27,FOOD_AMBIENT,OK,9,5.3,69,N,,,47.7,,
LF-11933,SKU-0027,LOC-28,FOOD_CHILLED,OK,26,6.26,61,N,,,162.76,,
LF-11877,SKU-0891,LOC-19,FOOD_AMBIENT,OK,104,2.27,197,N,,,236.08,,
LF-10558,SKU-0190,LOC-35,FOOD_AMBIENT,OK,50,5.96,398,N,,,298.0,,
LF-10295,SKU-0214,LOC-07,FOOD_AMBIENT,OK,16,0.61,151,N,,,9.76,,
LF-10743,SKU-0861,LOC-22,HEALTHCARE,OK,13,5.94,272,N,,,77.22,,
LF-10905,SKU-0188,LOC-10,FOOD_AMBIENT,OK,34,2.37,276,N,,,80.58,,
LF-11471,SKU-0840,LOC-03,FOOD_CHILLED,OK,12,11.52,62,N,,,138.24,,
LF-10020,SKU-0060,LOC-27,FOOD_CHILLED,OK,36,13.49,96,N,,,485.64,,
LF-11202,SKU-0995,LOC-12,FOOD_AMBIENT,OK,7,2.43,140,N,,,17.01,,
LF-11176,SKU-0668,LOC-26,FOOD_AMBIENT,OK,39,5.2,368,N,,,202.8,,
LF-10953,SKU-0896,LOC-06,FOOD_AMBIENT,OK,26,7.14,128,N,,,185.64,,
LF-11349,SKU-0268,LOC-23,FOOD_AMBIENT,OK,94,2.62,184,N,,,246.28,,
LF-11570,SKU-0396,LOC-38,FOOD_AMBIENT,OK,34,4.2,148,N,,,142.8,,
LF-10175,SKU-0761,LOC-10,FOOD_AMBIENT,OK,18,1.95,103,N,,,35.1,,
LF-10738,SKU-0607,LOC-31,FOOD_CHILLED,OK,39,8.7,111,N,,,339.3,,
LF-10078,SKU-0561,LOC-19,FOOD_AMBIENT,OK,28,5.14,190,N,,,143.92,,
LF-10916,SKU-0725,LOC-24,HEALTHCARE,OK,63,37.8,287,N,,,2381.4,,
LF-11674,SKU-0887,LOC-37,HEALTHCARE,OK,62,29.09,294,N,,,1803.58,,
LF-11024,SKU-0932,LOC-12,HEALTHCARE,OK,73,34.83,102,N,,,2542.59,,
LF-10326,SKU-0307,LOC-01,FOOD_AMBIENT,OK,18,1.81,128,N,,,32.58,,
LF-11771,SKU-0109,LOC-13,FOOD_AMBIENT,OK,44,2.58,270,N,,,113.52,,
LF-10146,SKU-0634,LOC-35,HEALTHCARE,OK,41,23.41,330,N,,,959.81,,
LF-11395,SKU-0516,LOC-10,FOOD_AMBIENT,OK,73,11.85,129,N,,,865.05,,
LF-11130,SKU-0676,LOC-08,FOOD_AMBIENT,OK,27,4.97,153,N,,,134.19,,
LF-10472,SKU-1027,LOC-36,FOOD_CHILLED,OK,162,11.92,81,N,,,1931.04,,
LF-11162,SKU-0852,LOC-10,HEALTHCARE,OK,60,28.59,383,N,,,1715.4,,
LF-10758,SKU-0583,LOC-38,FOOD_AMBIENT,OK,83,6.51,103,N,,,540.33,,
LF-10782,SKU-0494,LOC-05,FOOD_AMBIENT,OK,33,3.78,66,N,,,124.74,,
LF-10285,SKU-0097,LOC-33,FOOD_AMBIENT,OK,23,1.69,91,N,,,38.87,,
LF-11386,SKU-0767,LOC-17,FOOD_AMBIENT,OK,21,3.9,242,N,,,81.9,,
LF-10793,SKU-0672,LOC-05,FOOD_AMBIENT,OK,106,11.87,340,N,,,1258.22,,
LF-11786,SKU-0514,LOC-13,HEALTHCARE,OK,18,35.91,373,N,,,646.38,,
LF-11676,SKU-1033,LOC-14,FOOD_AMBIENT,OK,186,6.95,116,N,,,1292.7,,
LF-10717,SKU-0422,LOC-09,FOOD_AMBIENT,OK,51,10.91,185,N,,,556.41,,
LF-10393,SKU-0343,LOC-38,FOOD_CHILLED,OK,16,11.72,106,N,,,187.52,,
LF-11792,SKU-0329,LOC-24,HEALTHCARE,OK,30,9.92,316,N,,,297.6,,
LF-11237,SKU-0883,LOC-27,FOOD_AMBIENT,OK,29,3.94,91,N,,,114.26,,
LF-10996,SKU-0289,LOC-16,FOOD_CHILLED,OK,10,9.79,74,N,,,97.9,,
LF-10330,SKU-0778,LOC-32,HEALTHCARE,OK,55,33.47,241,N,,,1840.85,,
LF-10979,SKU-0097,LOC-15,FOOD_AMBIENT,OK,16,1.69,67,N,,,27.04,,
LF-10152,SKU-0132,LOC-05,FOOD_AMBIENT,OK,16,2.03,134,N,,,32.48,,
LF-10767,SKU-0118,LOC-20,HEALTHCARE,OK,32,6.39,157,N,,,204.48,,
LF-10638,SKU-0411,LOC-13,FOOD_AMBIENT,OK,30,11.35,112,N,,,340.5,,
LF-11841,SKU-0364,LOC-07,HEALTHCARE,OK,21,18.88,245,N,,,396.48,,
LF-11876,SKU-0006,LOC-25,FOOD_AMBIENT,OK,17,10.5,243,N,,,178.5,,
LF-10016,SKU-0079,LOC-07,FOOD_CHILLED,OK,49,11.58,94,N,,,567.42,,
LF-10806,SKU-0066,LOC-02,FOOD_AMBIENT,OK,29,2.95,326,N,,,85.55,,
LF-10846,SKU-0166,LOC-09,FOOD_AMBIENT,OK,32,10.19,342,N,,,326.08,,
LF-11825,SKU-0460,LOC-13,FOOD_AMBIENT,OK,49,8.1,290,N,,,396.9,,
LF-11221,SKU-0314,LOC-16,FOOD_AMBIENT,OK,24,1.76,142,N,,,42.24,,
LF-10702,SKU-1020,LOC-09,HEALTHCARE,OK,30,19.07,132,N,,,572.1,,
LF-11744,SKU-0540,LOC-09,FOOD_AMBIENT,OK,20,8.82,166,N,,,176.4,,
LF-11037,SKU-0089,LOC-37,FOOD_AMBIENT,OK,29,11.44,361,N,,,331.76,,
LF-11423,SKU-0150,LOC-16,FOOD_CHILLED,OK,43,5.01,87,N,,,215.43,,
LF-11914,SKU-0627,LOC-19,FOOD_AMBIENT,OK,41,7.0,149,N,,,287.0,,
LF-11347,SKU-1074,LOC-31,FOOD_AMBIENT,OK,6,3.52,74,N,,,21.12,,
LF-11111,SKU-0848,LOC-32,HEALTHCARE,OK,52,37.0,328,N,,,1924.0,,
LF-10474,SKU-0545,LOC-01,FOOD_CHILLED,OK,31,5.12,89,N,,,158.72,,
LF-11403,SKU-0335,LOC-13,FOOD_AMBIENT,OK,51,2.64,146,N,,,134.64,,
LF-11270,SKU-0427,LOC-20,FOOD_AMBIENT,OK,52,1.51,171,N,,,78.52,,
LF-11578,SKU-1041,LOC-17,FOOD_AMBIENT,OK,22,2.39,196,N,,,52.58,,
LF-11853,SKU-0318,LOC-01,FOOD_AMBIENT,OK,55,5.63,193,N,,,309.65,,
LF-10760,SKU-0654,LOC-28,FOOD_AMBIENT,OK,34,2.99,232,N,,,101.66,,
LF-10613,SKU-1010,LOC-13,HEALTHCARE,OK,37,11.77,274,N,,,435.49,,
LF-10428,SKU-0605,LOC-06,FOOD_CHILLED,OK,30,6.56,61,N,,,196.8,,
LF-11477,SKU-1087,LOC-12,FOOD_AMBIENT,OK,18,10.06,325,N,,,181.08,,
LF-10031,SKU-0913,LOC-31,FOOD_AMBIENT,OK,16,7.29,366,N,,,116.64,,
LF-11502,SKU-0492,LOC-25,FOOD_AMBIENT,OK,15,3.28,113,N,,,49.2,,
LF-10874,SKU-0426,LOC-10,HEALTHCARE,OK,8,26.95,161,N,,,215.6,,
LF-10520,SKU-0079,LOC-15,FOOD_CHILLED,OK,27,11.58,98,N,,,312.66,,
LF-10595,SKU-0219,LOC-30,FOOD_AMBIENT,OK,26,6.43,67,N,,,167.18,,
LF-11621,SKU-0956,LOC-06,HEALTHCARE,OK,34,38.37,61,N,,,1304.58,,
LF-10342,SKU-0181,LOC-05,FOOD_AMBIENT,OK,20,8.87,297,N,,,177.4,,
LF-10899,SKU-0786,LOC-37,FOOD_AMBIENT,OK,39,6.98,216,N,,,272.22,,
LF-11356,SKU-0073,LOC-10,FOOD_AMBIENT,OK,37,10.66,145,N,,,394.42,,
LF-10578,SKU-0259,LOC-32,HEALTHCARE,OK,11,38.41,377,N,,,422.51,,
LF-10703,SKU-0205,LOC-10,FOOD_CHILLED,OK,23,10.36,82,N,,,238.28,,
LF-11027,SKU-1078,LOC-24,FOOD_AMBIENT,OK,40,11.7,103,N,,,468.0,,
LF-11491,SKU-0198,LOC-28,FOOD_CHILLED,OK,16,7.96,75,N,,,127.36,,
LF-10788,SKU-0376,LOC-34,FOOD_AMBIENT,OK,13,7.93,304,N,,,103.09,,
LF-10044,SKU-0656,LOC-34,HEALTHCARE,OK,15,26.06,354,N,,,390.9,,
LF-11211,SKU-0787,LOC-09,FOOD_AMBIENT,OK,107,11.56,281,N,,,1236.92,,
LF-10868,SKU-0296,LOC-23,HEALTHCARE,OK,37,16.09,217,N,,,595.33,,
LF-11107,SKU-0424,LOC-10,FOOD_AMBIENT,OK,11,0.84,333,N,,,9.24,,
LF-11917,SKU-0868,LOC-33,FOOD_AMBIENT,OK,17,9.22,115,N,,,156.74,,
LF-10781,SKU-0830,LOC-01,FOOD_AMBIENT,OK,23,5.45,243,N,,,125.35,,
LF-10586,SKU-0714,LOC-21,FOOD_AMBIENT,OK,61,10.15,391,N,,,619.15,,
LF-10275,SKU-0107,LOC-29,HEALTHCARE,OK,45,5.86,218,N,,,263.7,,
LF-11623,SKU-0770,LOC-09,HEALTHCARE,OK,27,33.3,207,N,,,899.1,,
LF-11271,SKU-0015,LOC-38,FOOD_AMBIENT,OK,32,9.09,183,N,,,290.88,,
LF-11273,SKU-0624,LOC-38,HEALTHCARE,OK,29,6.63,208,N,,,192.27,,
LF-11798,SKU-0194,LOC-16,FOOD_AMBIENT,OK,32,9.95,281,N,,,318.4,,
LF-10362,SKU-0508,LOC-09,FOOD_AMBIENT,OK,16,3.95,352,N,,,63.2,,
LF-10991,SKU-1012,LOC-13,HEALTHCARE,OK,87,11.0,365,N,,,957.0,,
LF-11641,SKU-0100,LOC-21,FOOD_AMBIENT,OK,10,9.58,222,N,,,95.8,,
LF-10452,SKU-1003,LOC-12,FOOD_AMBIENT,OK,52,3.02,219,N,,,157.04,,
LF-10302,SKU-0358,LOC-05,FOOD_AMBIENT,OK,42,3.59,245,N,,,150.78,,
LF-10897,SKU-1019,LOC-25,HEALTHCARE,OK,20,3.54,207,N,,,70.8,,
LF-11092,SKU-0684,LOC-37,FOOD_AMBIENT,OK,30,7.24,136,N,,,217.2,,
LF-10618,SKU-0281,LOC-23,HEALTHCARE,OK,16,36.11,194,N,,,577.76,,
LF-10089,SKU-0157,LOC-22,HEALTHCARE,OK,13,25.64,283,N,,,333.32,,
LF-10582,SKU-1070,LOC-14,FOOD_AMBIENT,OK,18,7.85,191,N,,,141.3,,
LF-11181,SKU-0934,LOC-17,FOOD_CHILLED,OK,16,4.01,73,N,,,64.16,,
LF-10739,SKU-0215,LOC-18,HEALTHCARE,OK,47,19.81,86,N,,,931.07,,
LF-10632,SKU-0971,LOC-04,FOOD_AMBIENT,OK,32,7.92,253,N,,,253.44,,
LF-10515,SKU-1020,LOC-21,HEALTHCARE,OK,24,19.07,376,N,,,457.68,,
LF-10491,SKU-0701,LOC-15,FOOD_AMBIENT,OK,17,6.14,211,N,,,104.38,,
LF-11678,SKU-1088,LOC-22,FOOD_AMBIENT,OK,56,5.3,251,N,,,296.8,,
LF-10774,SKU-0736,LOC-07,FOOD_AMBIENT,OK,16,3.8,118,N,,,60.8,,
LF-11393,SKU-0921,LOC-36,FOOD_AMBIENT,OK,21,6.61,257,N,,,138.81,,
LF-11071,SKU-0436,LOC-37,FOOD_AMBIENT,OK,19,11.01,221,N,,,209.19,,
LF-10501,SKU-0445,LOC-36,FOOD_AMBIENT,OK,37,3.07,224,N,,,113.59,,
LF-11582,SKU-0705,LOC-36,FOOD_AMBIENT,OK,62,8.25,177,N,,,511.5,,
LF-11548,SKU-1028,LOC-27,FOOD_CHILLED,OK,58,7.77,80,N,,,450.66,,
LF-10331,SKU-0011,LOC-19,HEALTHCARE,OK,51,38.89,93,N,,,1983.39,,
LF-11747,SKU-0994,LOC-32,FOOD_AMBIENT,OK,13,7.32,73,N,,,95.16,,
LF-10643,SKU-0849,LOC-36,FOOD_AMBIENT,OK,14,8.81,155,N,,,123.34,,
LF-11048,SKU-0585,LOC-24,HEALTHCARE,DATE_AMBIGUOUS,9,28.55,,,,,256.95,,
LF-11232,SKU-0170,LOC-09,FOOD_AMBIENT,OK,25,5.72,214,N,,,143.0,,
LF-10596,SKU-0597,LOC-27,FOOD_CHILLED,OK,24,2.48,75,N,,,59.52,,
LF-11263,SKU-1088,LOC-19,FOOD_AMBIENT,OK,11,5.3,264,N,,,58.3,,
LF-10544,SKU-0569,LOC-19,HEALTHCARE,OK,98,7.47,355,N,,,732.06,,
LF-10794,SKU-0497,LOC-24,FOOD_AMBIENT,OK,20,3.07,132,N,,,61.4,,
LF-11188,SKU-0430,LOC-27,FOOD_CHILLED,OK,18,6.74,69,N,,,121.32,,
LF-11009,SKU-0715,LOC-06,FOOD_AMBIENT,OK,17,4.64,324,N,,,78.88,,
LF-11782,SKU-0784,LOC-12,HEALTHCARE,OK,16,8.85,333,N,,,141.6,,
LF-11053,SKU-0080,LOC-24,FOOD_AMBIENT,OK,10,6.93,200,N,,,69.3,,
LF-10442,SKU-0051,LOC-32,HEALTHCARE,OK,38,4.94,263,N,,,187.72,,
LF-10832,SKU-0027,LOC-08,FOOD_CHILLED,OK,41,6.26,80,N,,,256.66,,
LF-10917,SKU-0070,LOC-17,FOOD_CHILLED,OK,97,5.67,120,N,,,549.99,,
LF-11385,SKU-0029,LOC-08,FOOD_CHILLED,OK,26,6.43,93,N,,,167.18,,
LF-11554,SKU-0200,LOC-22,HEALTHCARE,OK,12,23.65,291,N,,,283.8,,
LF-11359,SKU-0133,LOC-11,FOOD_AMBIENT,OK,19,11.78,222,N,,,223.82,,
LF-10270,SKU-0690,LOC-15,FOOD_AMBIENT,OK,28,11.55,263,N,,,323.4,,
LF-11528,SKU-0668,LOC-18,FOOD_AMBIENT,OK,33,5.2,138,N,,,171.6,,
LF-10196,SKU-0519,LOC-38,FOOD_CHILLED,OK,15,3.78,102,N,,,56.7,,
LF-11388,SKU-0944,LOC-33,FOOD_AMBIENT,OK,7,7.09,265,N,,,49.63,,
LF-10214,SKU-0621,LOC-30,FOOD_AMBIENT,MISSING_EXPIRY,35,2.35,,,,,82.25,,
LF-11012,SKU-0069,LOC-16,FOOD_AMBIENT,OK,65,7.5,148,N,,,487.5,,
LF-11615,SKU-0094,LOC-27,FOOD_CHILLED,OK,24,2.54,81,N,,,60.96,,
LF-11331,SKU-0039,LOC-24,FOOD_CHILLED,OK,28,14.95,70,N,,,418.6,,
LF-11442,SKU-0988,LOC-18,FOOD_AMBIENT,OK,20,6.12,129,N,,,122.4,,
LF-11608,SKU-0358,LOC-21,FOOD_AMBIENT,OK,60,3.59,231,N,,,215.4,,
LF-11764,SKU-0116,LOC-06,HEALTHCARE,OK,18,29.32,283,N,,,527.76,,
LF-11760,SKU-0273,LOC-24,HEALTHCARE,OK,26,3.62,117,N,,,94.12,,
LF-10802,SKU-1014,LOC-04,FOOD_AMBIENT,OK,10,4.36,131,N,,,43.6,,
LF-10167,SKU-0142,LOC-24,FOOD_CHILLED,OK,38,3.75,89,N,,,142.5,,
LF-11419,SKU-0187,LOC-01,FOOD_CHILLED,OK,55,9.68,62,N,,,532.4,,
LF-11249,SKU-0245,LOC-11,FOOD_AMBIENT,OK,25,3.31,122,N,,,82.75,,
LF-10565,SKU-0730,LOC-36,HEALTHCARE,OK,19,27.55,354,N,,,523.45,,
LF-10349,SKU-0906,LOC-07,FOOD_AMBIENT,OK,15,5.74,107,N,,,86.1,,
LF-10605,SKU-0747,LOC-17,FOOD_AMBIENT,OK,24,0.67,286,N,,,16.08,,
LF-11847,SKU-0335,LOC-02,FOOD_AMBIENT,OK,8,2.64,143,N,,,21.12,,
LF-10434,SKU-0447,LOC-10,HEALTHCARE,OK,13,4.2,144,N,,,54.6,,
LF-11217,SKU-0733,LOC-38,FOOD_AMBIENT,OK,24,6.52,220,N,,,156.48,,
LF-11843,SKU-0451,LOC-06,FOOD_CHILLED,OK,27,10.86,63,N,,,293.22,,
LF-10691,SKU-0916,LOC-17,FOOD_CHILLED,OK,25,4.69,81,N,,,117.25,,
LF-10661,SKU-0176,LOC-08,HEALTHCARE,OK,29,10.02,318,N,,,290.58,,
LF-11930,SKU-0104,LOC-19,HEALTHCARE,OK,23,33.09,150,N,,,761.07,,
LF-10740,SKU-0492,LOC-35,FOOD_AMBIENT,OK,45,3.28,157,N,,,147.6,,
LF-10211,SKU-0260,LOC-16,FOOD_AMBIENT,OK,7,11.02,269,N,,,77.14,,
LF-11836,SKU-0863,LOC-18,FOOD_AMBIENT,OK,50,2.2,331,N,,,110.0,,
LF-11144,SKU-0917,LOC-27,FOOD_CHILLED,OK,23,3.04,83,N,,,69.92,,
LF-11922,SKU-0677,LOC-27,FOOD_CHILLED,OK,9,14.0,76,N,,,126.0,,
LF-10017,SKU-0191,LOC-38,FOOD_AMBIENT,OK,6,7.21,209,N,,,43.26,,
LF-10727,SKU-0805,LOC-10,FOOD_AMBIENT,OK,7,6.95,234,N,,,48.65,,
LF-10506,SKU-0189,LOC-04,FOOD_CHILLED,OK,24,8.35,75,N,,,200.4,,
LF-10541,SKU-0826,LOC-19,HEALTHCARE,OK,7,27.31,326,N,,,191.17,,
LF-10180,SKU-0069,LOC-07,FOOD_AMBIENT,OK,41,7.5,173,N,,,307.5,,
LF-10887,SKU-0093,LOC-03,FOOD_CHILLED,MISSING_EXPIRY,15,5.69,,,,,85.35,,
LF-10207,SKU-0092,LOC-07,FOOD_AMBIENT,OK,61,7.76,264,N,,,473.36,,
LF-10622,SKU-0795,LOC-02,FOOD_AMBIENT,OK,36,7.35,102,N,,,264.6,,
LF-10353,SKU-0558,LOC-17,FOOD_AMBIENT,OK,10,6.33,95,N,,,63.3,,
LF-10581,SKU-0230,LOC-02,FOOD_CHILLED,OK,55,5.93,61,N,,,326.15,,
LF-10035,SKU-0172,LOC-32,HEALTHCARE,OK,60,30.17,347,N,,,1810.2,,
LF-10681,SKU-0608,LOC-09,FOOD_AMBIENT,OK,8,10.11,397,N,,,80.88,,
LF-11050,SKU-0486,LOC-25,FOOD_AMBIENT,OK,16,2.66,161,N,,,42.56,,
LF-10413,SKU-0851,LOC-03,FOOD_CHILLED,OK,57,7.62,63,N,,,434.34,,
LF-11592,SKU-0203,LOC-33,FOOD_AMBIENT,OK,8,10.8,159,N,,,86.4,,
LF-11855,SKU-0138,LOC-15,FOOD_AMBIENT,OK,15,4.4,107,N,,,66.0,,
LF-10379,SKU-0976,LOC-27,FOOD_AMBIENT,OK,44,6.43,112,N,,,282.92,,
LF-11229,SKU-0302,LOC-13,FOOD_CHILLED,OK,22,4.14,86,N,,,91.08,,
LF-10182,SKU-1033,LOC-07,FOOD_AMBIENT,OK,43,6.95,80,N,,,298.85,,
LF-11826,SKU-0866,LOC-22,FOOD_CHILLED,OK,20,12.13,68,N,,,242.6,,
LF-11240,SKU-0405,LOC-31,FOOD_AMBIENT,OK,86,2.86,139,N,,,245.96,,
LF-10711,SKU-0806,LOC-03,FOOD_AMBIENT,OK,18,4.22,175,N,,,75.96,,
LF-10577,SKU-0349,LOC-29,FOOD_AMBIENT,OK,76,4.22,152,N,,,320.72,,
LF-11524,SKU-1053,LOC-24,FOOD_AMBIENT,OK,33,8.15,153,N,,,268.95,,
LF-10731,SKU-0882,LOC-23,HEALTHCARE,OK,32,36.15,118,N,,,1156.8,,
LF-10496,SKU-0347,LOC-23,HEALTHCARE,OK,44,26.41,118,N,,,1162.04,,
LF-10834,SKU-0595,LOC-26,FOOD_AMBIENT,OK,15,11.18,334,N,,,167.7,,
LF-10521,SKU-0810,LOC-14,FOOD_AMBIENT,OK,46,8.38,118,N,,,385.48,,
LF-11905,SKU-0778,LOC-38,HEALTHCARE,OK,9,33.47,393,N,,,301.23,,
LF-11509,SKU-0419,LOC-34,FOOD_AMBIENT,OK,142,0.64,116,N,,,90.88,,
LF-10861,SKU-0882,LOC-07,HEALTHCARE,OK,65,36.15,107,N,,,2349.75,,
LF-11602,SKU-0698,LOC-03,FOOD_CHILLED,OK,8,3.61,62,N,,,28.88,,
LF-10850,SKU-0161,LOC-06,FOOD_CHILLED,OK,45,7.34,61,N,,,330.3,,
LF-11925,SKU-0334,LOC-14,FOOD_AMBIENT,OK,37,6.37,298,N,,,235.69,,
LF-11145,SKU-0814,LOC-29,HEALTHCARE,OK,94,23.31,342,N,,,2191.14,,
LF-11748,SKU-0256,LOC-02,FOOD_CHILLED,OK,9,2.75,74,N,,,24.75,,
LF-10118,SKU-1007,LOC-08,HEALTHCARE,OK,10,9.51,120,N,,,95.1,,
LF-10056,SKU-0149,LOC-03,FOOD_AMBIENT,OK,23,6.24,190,N,,,143.52,,
LF-11169,SKU-0617,LOC-17,FOOD_AMBIENT,OK,50,9.09,227,N,,,454.5,,
LF-11515,SKU-0576,LOC-05,FOOD_AMBIENT,OK,30,11.76,211,N,,,352.8,,
LF-11358,SKU-0620,LOC-18,FOOD_AMBIENT,OK,9,4.0,99,N,,,36.0,,
LF-10815,SKU-1053,LOC-06,FOOD_AMBIENT,OK,31,8.15,84,N,,,252.65,,
LF-11594,SKU-0334,LOC-36,FOOD_AMBIENT,OK,70,6.37,203,N,,,445.9,,
LF-10639,SKU-0125,LOC-10,HEALTHCARE,OK,26,18.53,364,N,,,481.78,,
LF-11375,SKU-0137,LOC-23,FOOD_AMBIENT,OK,18,3.64,318,N,,,65.52,,
LF-10505,SKU-0590,LOC-38,FOOD_AMBIENT,OK,34,10.04,220,N,,,341.36,,
LF-10619,SKU-0830,LOC-04,FOOD_AMBIENT,OK,24,5.45,285,N,,,130.8,,
LF-10269,SKU-0338,LOC-08,FOOD_AMBIENT,OK,35,8.01,110,N,,,280.35,,
LF-11460,SKU-0746,LOC-26,FOOD_AMBIENT,OK,24,3.6,104,N,,,86.4,,
LF-10759,SKU-0662,LOC-06,HEALTHCARE,OK,30,27.02,104,N,,,810.6,,
LF-11837,SKU-0152,LOC-32,HEALTHCARE,OK,12,19.47,121,N,,,233.64,,
LF-10202,SKU-0533,LOC-27,FOOD_CHILLED,OK,16,7.18,70,N,,,114.88,,
LF-10625,SKU-0287,LOC-10,FOOD_CHILLED,OK,12,12.17,62,N,,,146.04,,
LF-11668,SKU-0340,LOC-19,FOOD_AMBIENT,OK,27,0.88,142,N,,,23.76,,
LF-10479,SKU-0549,LOC-18,FOOD_CHILLED,OK,27,12.33,65,N,,,332.91,,
LF-10817,SKU-0472,LOC-04,FOOD_AMBIENT,OK,14,1.88,325,N,,,26.32,,
LF-10260,SKU-0010,LOC-10,HEALTHCARE,OK,13,6.69,399,N,,,86.97,,
LF-11721,SKU-0063,LOC-26,FOOD_AMBIENT,OK,54,5.47,151,N,,,295.38,,
LF-10949,SKU-0337,LOC-35,FOOD_AMBIENT,OK,38,10.45,76,N,,,397.1,,
LF-10571,SKU-0816,LOC-06,FOOD_AMBIENT,OK,43,3.44,223,N,,,147.92,,
LF-10100,SKU-0155,LOC-03,FOOD_AMBIENT,OK,30,11.83,271,N,,,354.9,,
LF-10829,SKU-0909,LOC-06,FOOD_AMBIENT,OK,53,6.11,184,N,,,323.83,,
LF-10416,SKU-1072,LOC-28,FOOD_CHILLED,OK,37,8.98,82,N,,,332.26,,
LF-11122,SKU-0048,LOC-27,FOOD_AMBIENT,OK,44,9.41,221,N,,,414.04,,
LF-11844,SKU-0501,LOC-38,FOOD_AMBIENT,OK,25,3.93,132,N,,,98.25,,
LF-11745,SKU-0237,LOC-32,FOOD_CHILLED,OK,62,10.22,117,N,,,633.64,,
LF-10410,SKU-0876,LOC-07,FOOD_AMBIENT,OK,51,5.26,255,N,,,268.26,,
LF-10224,SKU-0780,LOC-03,FOOD_CHILLED,OK,18,8.68,67,N,,,156.24,,
LF-11455,SKU-0802,LOC-37,HEALTHCARE,OK,20,15.44,192,N,,,308.8,,
LF-11363,SKU-0529,LOC-01,FOOD_CHILLED,OK,12,2.0,95,N,,,24.0,,
LF-11581,SKU-1002,LOC-31,FOOD_AMBIENT,OK,20,2.71,240,N,,,54.2,,
LF-10912,SKU-0143,LOC-22,FOOD_AMBIENT,OK,28,3.66,143,N,,,102.48,,
LF-11508,SKU-0107,LOC-12,HEALTHCARE,OK,29,5.86,264,N,,,169.94,,
LF-11168,SKU-0146,LOC-28,FOOD_AMBIENT,OK,35,4.9,113,N,,,171.5,,
LF-11788,SKU-0713,LOC-06,FOOD_AMBIENT,OK,11,5.08,206,N,,,55.88,,
LF-11724,SKU-0297,LOC-05,FOOD_AMBIENT,OK,12,0.64,391,N,,,7.68,,
LF-11928,SKU-0837,LOC-07,FOOD_AMBIENT,OK,70,2.04,302,N,,,142.8,,
LF-10271,SKU-0458,LOC-21,HEALTHCARE,OK,18,25.47,122,N,,,458.46,,
LF-10259,SKU-0911,LOC-35,HEALTHCARE,OK,33,21.79,193,N,,,719.07,,
LF-11767,SKU-1036,LOC-34,HEALTHCARE,OK,24,28.17,126,N,,,676.08,,
LF-10062,SKU-0889,LOC-13,HEALTHCARE,OK,15,22.43,110,N,,,336.45,,
LF-11243,SKU-1067,LOC-38,FOOD_CHILLED,OK,58,5.4,93,N,,,313.2,,
LF-10557,SKU-0559,LOC-38,HEALTHCARE,OK,12,5.92,233,N,,,71.04,,
LF-10923,SKU-0619,LOC-14,FOOD_AMBIENT,OK,16,1.92,304,N,,,30.72,,
LF-10293,SKU-1067,LOC-18,FOOD_CHILLED,OK,19,5.4,65,N,,,102.6,,
LF-11611,SKU-0521,LOC-15,FOOD_CHILLED,OK,64,1.56,84,N,,,99.84,,
LF-10683,SKU-0713,LOC-07,FOOD_AMBIENT,OK,42,5.08,81,N,,,213.36,,
LF-11558,SKU-0685,LOC-36,FOOD_AMBIENT,OK,23,6.82,270,N,,,156.86,,
LF-10773,SKU-0531,LOC-08,FOOD_CHILLED,OK,62,3.06,69,N,,,189.72,,
LF-10027,SKU-0204,LOC-08,HEALTHCARE,OK,65,13.75,310,N,,,893.75,,
LF-10819,SKU-0577,LOC-02,FOOD_AMBIENT,OK,28,5.71,233,N,,,159.88,,
LF-11791,SKU-0651,LOC-13,HEALTHCARE,OK,46,4.6,116,N,,,211.6,,
LF-11183,SKU-0418,LOC-19,HEALTHCARE,OK,80,12.24,292,N,,,979.2,,
LF-11542,SKU-0565,LOC-24,FOOD_CHILLED,OK,15,11.17,76,N,,,167.55,,
LF-10946,SKU-0970,LOC-13,HEALTHCARE,OK,10,19.3,195,N,,,193.0,,
LF-10883,SKU-0596,LOC-09,HEALTHCARE,OK,40,34.2,221,N,,,1368.0,,
LF-10312,SKU-0085,LOC-22,FOOD_AMBIENT,OK,22,1.4,369,N,,,30.8,,
LF-11645,SKU-1017,LOC-03,FOOD_AMBIENT,OK,55,7.15,183,N,,,393.25,,
LF-10858,SKU-0996,LOC-30,FOOD_AMBIENT,OK,13,2.03,85,N,,,26.39,,
LF-11713,SKU-0279,LOC-31,FOOD_AMBIENT,OK,50,5.16,117,N,,,258.0,,
LF-10294,SKU-1038,LOC-18,HEALTHCARE,OK,11,28.1,250,N,,,309.1,,
LF-11879,SKU-0894,LOC-07,HEALTHCARE,OK,185,29.41,384,N,,,5440.85,,
LF-11022,SKU-0014,LOC-06,FOOD_AMBIENT,OK,34,7.6,207,N,,,258.4,,
LF-10467,SKU-0190,LOC-28,FOOD_AMBIENT,OK,65,5.96,105,N,,,387.4,,
LF-11704,SKU-0813,LOC-26,FOOD_AMBIENT,OK,23,2.9,110,N,,,66.7,,
LF-11330,SKU-0796,LOC-07,FOOD_AMBIENT,OK,57,1.4,314,N,,,79.8,,
LF-10109,SKU-0554,LOC-05,FOOD_AMBIENT,OK,50,5.48,129,N,,,274.0,,
LF-10603,SKU-0822,LOC-35,FOOD_AMBIENT,OK,77,4.34,315,N,,,334.18,,
LF-10348,SKU-1036,LOC-12,HEALTHCARE,OK,10,28.17,297,N,,,281.7,,
LF-10019,SKU-0598,LOC-37,HEALTHCARE,OK,24,5.52,314,N,,,132.48,,
LF-10511,SKU-0037,LOC-32,FOOD_CHILLED,OK,14,5.93,101,N,,,83.02,,
LF-11459,SKU-0478,LOC-09,HEALTHCARE,OK,5,24.56,135,N,,,122.8,,
LF-10801,SKU-0444,LOC-06,FOOD_CHILLED,OK,12,12.19,64,N,,,146.28,,
LF-11265,SKU-0477,LOC-19,HEALTHCARE,OK,45,31.92,185,N,,,1436.4,,
LF-11031,SKU-0936,LOC-32,FOOD_CHILLED,OK,29,1.95,80,N,,,56.55,,
LF-11322,SKU-0437,LOC-30,FOOD_AMBIENT,OK,67,6.98,267,N,,,467.66,,
LF-10559,SKU-0627,LOC-14,FOOD_AMBIENT,OK,34,7.0,64,N,,,238.0,,
LF-10045,SKU-0898,LOC-27,FOOD_CHILLED,OK,16,3.09,71,N,,,49.44,,
LF-11166,SKU-0439,LOC-20,FOOD_AMBIENT,OK,15,7.42,342,N,,,111.3,,
LF-10553,SKU-0174,LOC-22,FOOD_AMBIENT,MISSING_EXPIRY,30,3.35,,,,,100.5,,
LF-10910,SKU-0719,LOC-20,FOOD_AMBIENT,OK,23,4.88,96,N,,,112.24,,
LF-10304,SKU-0476,LOC-02,FOOD_AMBIENT,OK,43,5.77,129,N,,,248.11,,
LF-11816,SKU-0669,LOC-01,FOOD_AMBIENT,OK,61,3.5,188,N,,,213.5,,
LF-10675,SKU-0057,LOC-04,FOOD_AMBIENT,OK,24,7.68,90,N,,,184.32,,
LF-10468,SKU-0238,LOC-18,FOOD_AMBIENT,OK,15,10.5,244,N,,,157.5,,
LF-10395,SKU-0274,LOC-13,FOOD_CHILLED,OK,122,12.48,68,N,,,1522.56,,
LF-10772,SKU-0369,LOC-01,FOOD_AMBIENT,OK,27,7.88,110,N,,,212.76,,
LF-10583,SKU-0232,LOC-34,FOOD_CHILLED,OK,50,8.43,61,N,,,421.5,,
LF-11898,SKU-0588,LOC-34,FOOD_AMBIENT,OK,17,11.15,61,N,,,189.55,,
LF-11142,SKU-0188,LOC-30,FOOD_AMBIENT,OK,22,2.37,356,N,,,52.14,,
LF-11635,SKU-0221,LOC-37,HEALTHCARE,OK,114,30.89,177,N,,,3521.46,,
LF-11863,SKU-1032,LOC-16,FOOD_CHILLED,OK,50,7.78,66,N,,,389.0,,
LF-10005,SKU-0496,LOC-31,FOOD_AMBIENT,OK,25,0.73,71,N,,,18.25,,
LF-10863,SKU-0722,LOC-12,FOOD_AMBIENT,OK,121,4.14,198,N,,,500.94,,
LF-10560,SKU-0095,LOC-27,FOOD_AMBIENT,OK,18,7.17,380,N,,,129.06,,
LF-10198,SKU-0402,LOC-32,HEALTHCARE,OK,10,30.1,351,N,,,301.0,,
LF-10321,SKU-0827,LOC-25,FOOD_AMBIENT,OK,19,5.3,360,N,,,100.7,,
LF-11259,SKU-0421,LOC-25,FOOD_AMBIENT,OK,46,11.97,100,N,,,550.62,,
LF-10377,SKU-0535,LOC-20,HEALTHCARE,OK,24,7.22,329,N,,,173.28,,
LF-10426,SKU-0761,LOC-03,FOOD_AMBIENT,OK,22,1.95,106,N,,,42.9,,
LF-11874,SKU-0307,LOC-11,FOOD_AMBIENT,OK,91,1.81,187,N,,,164.71,,
LF-10756,SKU-0632,LOC-14,FOOD_AMBIENT,OK,36,8.87,144,N,,,319.32,,
LF-10562,SKU-0530,LOC-35,HEALTHCARE,OK,19,39.8,144,N,,,756.2,,
LF-11011,SKU-0594,LOC-14,FOOD_CHILLED,OK,94,1.58,62,N,,,148.52,,
LF-10852,SKU-0061,LOC-33,FOOD_AMBIENT,OK,19,8.89,143,N,,,168.91,,
LF-11123,SKU-1071,LOC-06,HEALTHCARE,OK,100,24.01,191,N,,,2401.0,,
LF-11705,SKU-0755,LOC-28,FOOD_AMBIENT,OK,15,3.41,269,N,,,51.15,,
LF-11328,SKU-1039,LOC-18,FOOD_AMBIENT,OK,43,9.7,288,N,,,417.1,,
LF-10936,SKU-0404,LOC-22,FOOD_AMBIENT,OK,21,0.52,262,N,,,10.92,,
LF-10108,SKU-0052,LOC-27,FOOD_AMBIENT,OK,72,5.66,294,N,,,407.52,,
LF-10120,SKU-0464,LOC-35,FOOD_AMBIENT,OK,56,9.53,132,N,,,533.68,,
LF-10531,SKU-0436,LOC-05,FOOD_AMBIENT,OK,11,11.01,224,N,,,121.11,,
LF-10987,SKU-0277,LOC-01,FOOD_AMBIENT,OK,21,11.53,173,N,,,242.13,,
LF-11634,SKU-0141,LOC-16,FOOD_AMBIENT,OK,9,4.27,225,N,,,38.43,,
LF-11640,SKU-0804,LOC-36,HEALTHCARE,OK,33,31.2,141,N,,,1029.6,,
LF-10266,SKU-0777,LOC-24,FOOD_CHILLED,OK,25,9.03,66,N,,,225.75,,
LF-11916,SKU-1027,LOC-06,FOOD_CHILLED,OK,25,11.92,74,N,,,298.0,,
LF-10776,SKU-0583,LOC-37,FOOD_AMBIENT,OK,115,6.51,135,N,,,748.65,,
LF-10290,SKU-0519,LOC-28,FOOD_CHILLED,OK,74,3.78,133,N,,,279.72,,
LF-10022,SKU-0033,LOC-23,FOOD_AMBIENT,OK,20,9.17,84,N,,,183.4,,
LF-11927,SKU-0618,LOC-15,FOOD_AMBIENT,OK,33,8.29,380,N,,,273.57,,
LF-10823,SKU-0092,LOC-05,FOOD_AMBIENT,OK,43,7.76,145,N,,,333.68,,
LF-11664,SKU-0060,LOC-18,FOOD_CHILLED,OK,56,13.49,99,N,,,755.44,,
LF-11807,SKU-0945,LOC-04,FOOD_CHILLED,OK,8,8.04,69,N,,,64.32,,
LF-10514,SKU-0799,LOC-07,FOOD_AMBIENT,OK,49,6.71,194,N,,,328.79,,
LF-10423,SKU-0946,LOC-16,FOOD_AMBIENT,OK,28,2.02,86,N,,,56.56,,
LF-11281,SKU-0488,LOC-03,FOOD_CHILLED,OK,17,11.08,61,N,,,188.36,,
LF-10615,SKU-0021,LOC-28,FOOD_AMBIENT,OK,21,10.86,104,N,,,228.06,,
LF-11785,SKU-0776,LOC-38,HEALTHCARE,OK,26,27.26,378,N,,,708.76,,
LF-11588,SKU-1051,LOC-09,HEALTHCARE,OK,99,28.64,389,N,,,2835.36,,
LF-11536,SKU-1031,LOC-29,FOOD_AMBIENT,OK,12,11.37,213,N,,,136.44,,
LF-11858,SKU-0658,LOC-18,HEALTHCARE,OK,26,7.89,150,N,,,205.14,,
LF-10713,SKU-0778,LOC-29,HEALTHCARE,OK,18,33.47,357,N,,,602.46,,
LF-11882,SKU-0535,LOC-07,HEALTHCARE,OK,13,7.22,343,N,,,93.86,,
LF-10454,SKU-0523,LOC-38,FOOD_AMBIENT,OK,57,3.1,93,N,,,176.7,,
LF-11239,SKU-0242,LOC-08,HEALTHCARE,OK,12,12.16,143,N,,,145.92,,
LF-11731,SKU-0314,LOC-06,FOOD_AMBIENT,OK,113,1.76,232,N,,,198.88,,
LF-10572,SKU-0973,LOC-21,HEALTHCARE,OK,32,4.29,304,N,,,137.28,,
LF-11378,SKU-0741,LOC-04,FOOD_CHILLED,OK,61,12.3,107,N,,,750.3,,
LF-10470,SKU-0056,LOC-06,FOOD_AMBIENT,OK,25,10.84,196,N,,,271.0,,
LF-11002,SKU-0038,LOC-19,FOOD_AMBIENT,OK,23,7.97,261,N,,,183.31,,
LF-11727,SKU-0626,LOC-29,FOOD_AMBIENT,OK,21,4.15,210,N,,,87.15,,
LF-10445,SKU-0754,LOC-26,FOOD_AMBIENT,OK,67,2.32,198,N,,,155.44,,
LF-10001,SKU-0661,LOC-38,FOOD_AMBIENT,OK,57,8.08,321,N,,,460.56,,
LF-10436,SKU-1021,LOC-26,FOOD_AMBIENT,OK,25,5.3,73,N,,,132.5,,
LF-10994,SKU-0149,LOC-01,FOOD_AMBIENT,OK,12,6.24,127,N,,,74.88,,
LF-11812,SKU-0727,LOC-02,HEALTHCARE,OK,22,22.39,203,N,,,492.58,,
LF-10705,SKU-0383,LOC-19,FOOD_AMBIENT,OK,35,1.41,113,N,,,49.35,,
LF-10999,SKU-0204,LOC-19,HEALTHCARE,OK,17,13.75,291,N,,,233.75,,
LF-11238,SKU-0021,LOC-01,FOOD_AMBIENT,OK,42,10.86,166,N,,,456.12,,
LF-11195,SKU-0520,LOC-09,FOOD_AMBIENT,OK,46,7.57,215,N,,,348.22,,
LF-10049,SKU-0625,LOC-01,FOOD_CHILLED,OK,29,10.56,61,N,,,306.24,,
LF-10983,SKU-0480,LOC-13,FOOD_AMBIENT,OK,27,7.08,315,N,,,191.16,,
LF-11399,SKU-0912,LOC-22,FOOD_AMBIENT,OK,28,6.9,122,N,,,193.2,,
LF-10568,SKU-0262,LOC-33,FOOD_AMBIENT,OK,45,3.51,171,N,,,157.95,,
LF-10267,SKU-0067,LOC-18,FOOD_AMBIENT,OK,20,1.82,333,N,,,36.4,,
LF-10081,SKU-0111,LOC-04,FOOD_AMBIENT,OK,27,9.15,197,N,,,247.05,,
LF-10751,SKU-0557,LOC-38,FOOD_AMBIENT,OK,14,1.36,86,N,,,19.04,,
LF-11711,SKU-0092,LOC-21,FOOD_AMBIENT,OK,34,7.76,148,N,,,263.84,,
LF-11086,SKU-0586,LOC-10,HEALTHCARE,OK,20,33.12,347,N,,,662.4,,
LF-11591,SKU-0694,LOC-10,FOOD_CHILLED,OK,19,11.61,131,N,,,220.59,,
LF-10387,SKU-1042,LOC-15,FOOD_AMBIENT,OK,48,6.49,301,N,,,311.52,,
LF-10935,SKU-0135,LOC-25,HEALTHCARE,OK,34,35.77,353,N,,,1216.18,,
LF-10320,SKU-0692,LOC-27,FOOD_CHILLED,OK,46,10.64,72,N,,,489.44,,
LF-10289,SKU-0931,LOC-26,FOOD_AMBIENT,OK,49,11.71,252,N,,,573.79,,
LF-11695,SKU-1068,LOC-14,FOOD_AMBIENT,OK,72,2.15,83,N,,,154.8,,
LF-11899,SKU-0902,LOC-21,FOOD_AMBIENT,OK,87,5.91,114,N,,,514.17,,
LF-10481,SKU-0281,LOC-32,HEALTHCARE,OK,35,36.11,174,N,,,1263.85,,
LF-10919,SKU-0107,LOC-07,HEALTHCARE,OK,46,5.86,279,N,,,269.56,,
LF-10246,SKU-0452,LOC-04,FOOD_AMBIENT,OK,18,4.94,203,N,,,88.92,,
LF-10488,SKU-0957,LOC-09,FOOD_AMBIENT,OK,28,7.52,275,N,,,210.56,,
LF-11567,SKU-0077,LOC-13,FOOD_AMBIENT,OK,27,3.04,114,N,,,82.08,,
LF-11941,SKU-0630,LOC-10,FOOD_AMBIENT,OK,47,5.62,77,N,,,264.14,,
LF-10992,SKU-0285,LOC-38,FOOD_CHILLED,OK,50,12.58,71,N,,,629.0,,
LF-11604,SKU-0076,LOC-02,FOOD_AMBIENT,OK,18,8.3,206,N,,,149.4,,
LF-10113,SKU-0341,LOC-19,HEALTHCARE,OK,30,23.93,317,N,,,717.9,,
LF-10840,SKU-0227,LOC-36,FOOD_AMBIENT,OK,27,8.32,217,N,,,224.64,,
LF-11544,SKU-0188,LOC-21,FOOD_AMBIENT,OK,23,2.37,316,N,,,54.51,,
LF-10542,SKU-0311,LOC-26,FOOD_AMBIENT,OK,19,8.07,180,N,,,153.33,,
LF-11473,SKU-0901,LOC-24,FOOD_CHILLED,OK,29,9.78,64,N,,,283.62,,
LF-10920,SKU-0510,LOC-24,FOOD_AMBIENT,OK,37,11.39,193,N,,,421.43,,
LF-10153,SKU-0744,LOC-21,HEALTHCARE,OK,35,13.07,110,N,,,457.45,,
LF-11291,SKU-0656,LOC-38,HEALTHCARE,OK,38,26.06,82,N,,,990.28,,
LF-11787,SKU-0466,LOC-38,HEALTHCARE,OK,17,9.9,397,N,,,168.3,,
LF-10892,SKU-0927,LOC-36,FOOD_CHILLED,OK,26,5.79,112,N,,,150.54,,
LF-11094,SKU-0426,LOC-02,HEALTHCARE,OK,12,26.95,159,N,,,323.4,,
LF-11080,SKU-0797,LOC-34,FOOD_CHILLED,OK,28,7.36,79,N,,,206.08,,
LF-10649,SKU-0449,LOC-21,FOOD_AMBIENT,OK,58,3.24,87,N,,,187.92,,
LF-11458,SKU-0192,LOC-24,FOOD_CHILLED,OK,16,14.62,105,N,,,233.92,,
LF-11907,SKU-0996,LOC-33,FOOD_AMBIENT,OK,36,2.03,105,N,,,73.08,,
LF-10939,SKU-0623,LOC-06,HEALTHCARE,OK,48,20.07,131,N,,,963.36,,
LF-10301,SKU-0872,LOC-36,HEALTHCARE,OK,32,18.8,112,N,,,601.6,,
LF-10272,SKU-0720,LOC-04,FOOD_AMBIENT,OK,22,7.87,290,N,,,173.14,,
LF-11397,SKU-0636,LOC-13,FOOD_AMBIENT,OK,23,2.04,326,N,,,46.92,,
LF-10950,SKU-0182,LOC-06,FOOD_AMBIENT,OK,43,4.67,116,N,,,200.81,,
LF-10380,SKU-0480,LOC-26,FOOD_AMBIENT,OK,20,7.08,252,N,,,141.6,,
LF-10576,SKU-0242,LOC-20,HEALTHCARE,OK,14,12.16,387,N,,,170.24,,
LF-11099,SKU-0022,LOC-36,FOOD_CHILLED,OK,9,5.54,108,N,,,49.86,,
LF-10497,SKU-0973,LOC-07,HEALTHCARE,OK,131,4.29,105,N,,,561.99,,
LF-10063,SKU-0148,LOC-36,FOOD_CHILLED,OK,26,5.74,75,N,,,149.24,,
LF-10264,SKU-0304,LOC-12,HEALTHCARE,OK,13,18.93,69,N,,,246.09,,
LF-11511,SKU-0058,LOC-17,FOOD_CHILLED,OK,38,8.66,75,N,,,329.08,,
LF-10633,SKU-0180,LOC-36,HEALTHCARE,OK,10,13.57,127,N,,,135.7,,
LF-10441,SKU-0366,LOC-15,FOOD_AMBIENT,OK,30,0.59,160,N,,,17.7,,
LF-10140,SKU-0818,LOC-10,FOOD_AMBIENT,OK,23,10.44,321,N,,,240.12,,
LF-10092,SKU-0663,LOC-31,FOOD_AMBIENT,OK,12,3.14,86,N,,,37.68,,
LF-10164,SKU-0526,LOC-04,FOOD_AMBIENT,OK,67,4.44,170,N,,,297.48,,
LF-10584,SKU-0692,LOC-13,FOOD_CHILLED,OK,64,10.64,73,N,,,680.96,,
LF-10345,SKU-0325,LOC-04,FOOD_AMBIENT,OK,118,3.17,317,N,,,374.06,,
LF-11893,SKU-0090,LOC-16,FOOD_AMBIENT,OK,37,8.33,109,N,,,308.21,,
LF-11177,SKU-0943,LOC-29,FOOD_AMBIENT,OK,14,8.86,111,N,,,124.04,,
LF-11026,SKU-0117,LOC-34,FOOD_CHILLED,OK,65,3.66,142,N,,,237.9,,
LF-11340,SKU-0760,LOC-03,FOOD_AMBIENT,OK,66,11.2,383,N,,,739.2,,
LF-10670,SKU-0977,LOC-20,FOOD_AMBIENT,OK,40,0.54,121,N,,,21.6,,
LF-10498,SKU-0260,LOC-35,FOOD_AMBIENT,OK,12,11.02,100,N,,,132.24,,
LF-11679,SKU-0041,LOC-08,FOOD_CHILLED,OK,59,7.16,62,N,,,422.44,,
LF-10042,SKU-0120,LOC-19,HEALTHCARE,OK,8,16.87,136,N,,,134.96,,
LF-11315,SKU-0250,LOC-01,FOOD_AMBIENT,OK,120,7.7,335,N,,,924.0,,
LF-10238,SKU-0332,LOC-19,HEALTHCARE,OK,21,29.12,312,N,,,611.52,,
LF-11186,SKU-0172,LOC-24,HEALTHCARE,OK,25,30.17,125,N,,,754.25,,
LF-10099,SKU-0115,LOC-24,FOOD_CHILLED,OK,21,2.2,64,N,,,46.2,,
LF-11121,SKU-0699,LOC-02,FOOD_CHILLED,OK,27,8.15,96,N,,,220.05,,
LF-11838,SKU-0972,LOC-27,FOOD_AMBIENT,OK,49,7.56,273,N,,,370.44,,
LF-11212,SKU-0006,LOC-07,FOOD_AMBIENT,OK,12,10.5,104,N,,,126.0,,
LF-10644,SKU-0992,LOC-35,FOOD_AMBIENT,OK,29,1.23,249,N,,,35.67,,
LF-11416,SKU-0883,LOC-30,FOOD_AMBIENT,OK,40,3.94,86,N,,,157.6,,
LF-10288,SKU-0870,LOC-06,FOOD_AMBIENT,OK,16,8.5,111,N,,,136.0,,
LF-10752,SKU-0844,LOC-23,FOOD_AMBIENT,OK,35,1.76,254,N,,,61.6,,
LF-10170,SKU-0997,LOC-30,FOOD_AMBIENT,OK,64,1.43,136,N,,,91.52,,
LF-10388,SKU-0416,LOC-07,FOOD_AMBIENT,OK,21,5.06,64,N,,,106.26,,
LF-11408,SKU-0207,LOC-34,HEALTHCARE,OK,14,11.85,182,N,,,165.9,,
LF-11172,SKU-0820,LOC-27,FOOD_CHILLED,OK,21,13.2,102,N,,,277.2,,
LF-11614,SKU-0123,LOC-38,FOOD_AMBIENT,OK,27,10.92,151,N,,,294.84,,
LF-10687,SKU-0918,LOC-21,HEALTHCARE,OK,56,9.52,120,N,,,533.12,,
LF-11413,SKU-0310,LOC-01,FOOD_CHILLED,OK,35,12.23,103,N,,,428.05,,
LF-11292,SKU-0680,LOC-24,FOOD_AMBIENT,OK,47,5.55,127,N,,,260.85,,
LF-10176,SKU-0747,LOC-20,FOOD_AMBIENT,OK,22,0.67,176,N,,,14.74,,
LF-10248,SKU-0945,LOC-18,FOOD_CHILLED,OK,144,8.04,68,N,,,1157.76,,
LF-10748,SKU-0991,LOC-01,FOOD_AMBIENT,OK,7,9.9,151,N,,,69.3,,
LF-10313,SKU-0628,LOC-35,FOOD_AMBIENT,OK,30,0.56,302,N,,,16.8,,
LF-10518,SKU-0650,LOC-20,FOOD_AMBIENT,OK,5,2.92,239,N,,,14.6,,
LF-10628,SKU-0938,LOC-03,FOOD_AMBIENT,OK,53,5.85,100,N,,,310.05,,
LF-11140,SKU-0717,LOC-22,FOOD_CHILLED,OK,49,9.29,64,N,,,455.21,,
LF-11532,SKU-0828,LOC-25,FOOD_CHILLED,OK,11,5.95,81,N,,,65.45,,
LF-10734,SKU-0471,LOC-04,FOOD_CHILLED,OK,34,2.57,75,N,,,87.38,,
LF-11624,SKU-0528,LOC-10,HEALTHCARE,OK,35,24.82,208,N,,,868.7,,
LF-10624,SKU-1026,LOC-07,FOOD_AMBIENT,OK,36,8.59,144,N,,,309.24,,
LF-11824,SKU-0223,LOC-10,FOOD_AMBIENT,OK,22,4.03,201,N,,,88.66,,
LF-11543,SKU-0956,LOC-09,HEALTHCARE,OK,15,38.37,392,N,,,575.55,,
LF-11203,SKU-0388,LOC-13,HEALTHCARE,OK,94,9.18,392,N,,,862.92,,
LF-11936,SKU-0272,LOC-03,FOOD_AMBIENT,OK,101,8.08,337,N,,,816.08,,
LF-11499,SKU-0878,LOC-11,FOOD_AMBIENT,OK,61,6.33,96,N,,,386.13,,
LF-11770,SKU-0180,LOC-24,HEALTHCARE,OK,23,13.57,310,N,,,312.11,,
LF-10737,SKU-0007,LOC-18,FOOD_CHILLED,OK,10,7.05,107,N,,,70.5,,
LF-11616,SKU-0324,LOC-06,FOOD_AMBIENT,OK,66,6.43,282,N,,,424.38,,
LF-11707,SKU-0315,LOC-35,HEALTHCARE,OK,23,25.67,152,N,,,590.41,,
LF-10660,SKU-0818,LOC-07,FOOD_AMBIENT,OK,75,10.44,331,N,,,783.0,,
LF-10136,SKU-0359,LOC-09,FOOD_AMBIENT,OK,75,9.57,310,N,,,717.75,,
LF-11228,SKU-0758,LOC-37,HEALTHCARE,DATE_AMBIGUOUS,16,38.85,,,,,621.6,,
LF-11227,SKU-0710,LOC-06,HEALTHCARE,OK,5,18.99,169,N,,,94.95,,
LF-11428,SKU-0399,LOC-36,FOOD_CHILLED,OK,53,13.19,104,N,,,699.07,,
LF-11257,SKU-0044,LOC-21,HEALTHCARE,OK,36,23.15,273,N,,,833.4,,
LF-10381,SKU-0095,LOC-03,FOOD_AMBIENT,OK,22,7.17,222,N,,,157.74,,
LF-10038,SKU-0982,LOC-25,FOOD_CHILLED,OK,101,8.07,69,N,,,815.07,,
LF-11942,SKU-0467,LOC-30,FOOD_AMBIENT,OK,68,10.13,268,N,,,688.84,,
LF-10854,SKU-0551,LOC-22,FOOD_AMBIENT,OK,33,5.57,304,N,,,183.81,,
LF-11355,SKU-0024,LOC-18,HEALTHCARE,OK,56,24.27,281,N,,,1359.12,,
LF-10221,SKU-1019,LOC-37,HEALTHCARE,OK,23,3.54,205,N,,,81.42,,
LF-11427,SKU-0759,LOC-02,HEALTHCARE,OK,14,8.73,226,N,,,122.22,,
LF-10988,SKU-0832,LOC-09,FOOD_AMBIENT,OK,49,4.15,366,N,,,203.35,,
LF-11658,SKU-0062,LOC-23,HEALTHCARE,OK,22,38.28,296,N,,,842.16,,
LF-10310,SKU-1080,LOC-01,FOOD_AMBIENT,OK,29,10.6,331,N,,,307.4,,
LF-11820,SKU-0111,LOC-01,FOOD_AMBIENT,OK,10,9.15,64,N,,,91.5,,
LF-11910,SKU-0471,LOC-22,FOOD_CHILLED,OK,15,2.57,61,N,,,38.55,,
LF-10360,SKU-0721,LOC-38,FOOD_CHILLED,OK,60,12.96,95,N,,,777.6,,
LF-10712,SKU-0132,LOC-28,FOOD_AMBIENT,OK,36,2.03,194,N,,,73.08,,
LF-11467,SKU-0755,LOC-05,FOOD_AMBIENT,OK,8,3.41,106,N,,,27.28,,
LF-10482,SKU-0788,LOC-36,FOOD_AMBIENT,OK,25,7.35,228,N,,,183.75,,
LF-10242,SKU-0044,LOC-09,HEALTHCARE,OK,61,23.15,131,N,,,1412.15,,
LF-10698,SKU-1052,LOC-27,FOOD_AMBIENT,OK,13,7.11,210,N,,,92.43,,
LF-10034,SKU-0941,LOC-29,FOOD_AMBIENT,OK,103,5.72,262,N,,,589.16,,
LF-11538,SKU-0003,LOC-03,FOOD_AMBIENT,OK,51,9.94,398,N,,,506.94,,
LF-10821,SKU-0737,LOC-20,HEALTHCARE,OK,38,14.09,301,N,,,535.42,,
LF-11550,SKU-0629,LOC-23,FOOD_AMBIENT,OK,46,10.16,225,N,,,467.36,,
LF-11505,SKU-0802,LOC-22,HEALTHCARE,OK,19,15.44,223,N,,,293.36,,
LF-11320,SKU-0871,LOC-31,FOOD_AMBIENT,OK,45,6.06,187,N,,,272.7,,
LF-11422,SKU-0633,LOC-13,FOOD_CHILLED,OK,14,9.36,124,N,,,131.04,,
LF-10206,SKU-0856,LOC-23,FOOD_AMBIENT,OK,18,10.49,266,N,,,188.82,,
LF-11654,SKU-0774,LOC-36,FOOD_AMBIENT,OK,28,7.07,108,N,,,197.96,,
LF-11118,SKU-0931,LOC-37,FOOD_AMBIENT,OK,12,11.71,272,N,,,140.52,,
LF-10083,SKU-0767,LOC-19,FOOD_AMBIENT,OK,64,3.9,238,N,,,249.6,,
LF-10383,SKU-0796,LOC-31,FOOD_AMBIENT,OK,12,1.4,154,N,,,16.8,,
LF-10957,SKU-0799,LOC-08,FOOD_AMBIENT,OK,14,6.71,133,N,,,93.94,,
LF-11636,SKU-0119,LOC-20,FOOD_AMBIENT,OK,22,5.27,117,N,,,115.94,,
LF-10346,SKU-0650,LOC-05,FOOD_AMBIENT,OK,50,2.92,115,N,,,146.0,,
LF-11367,SKU-0557,LOC-26,FOOD_AMBIENT,OK,30,1.36,130,N,,,40.8,,
LF-11251,SKU-0471,LOC-32,FOOD_CHILLED,OK,37,2.57,71,N,,,95.09,,
LF-10278,SKU-0809,LOC-22,HEALTHCARE,OK,110,26.06,205,N,,,2866.6,,
LF-11897,SKU-0756,LOC-08,FOOD_AMBIENT,OK,15,11.69,123,N,,,175.35,,
LF-10447,SKU-0196,LOC-35,FOOD_AMBIENT,OK,44,6.27,101,N,,,275.88,,
LF-10364,SKU-0283,LOC-27,FOOD_AMBIENT,OK,23,10.84,188,N,,,249.32,,
LF-10340,SKU-0014,LOC-26,FOOD_AMBIENT,OK,20,7.6,188,N,,,152.0,,
LF-11077,SKU-0319,LOC-22,FOOD_AMBIENT,OK,19,2.23,118,N,,,42.37,,
LF-11108,SKU-0231,LOC-04,FOOD_AMBIENT,OK,48,1.55,360,N,,,74.4,,
LF-10961,SKU-0884,LOC-08,FOOD_CHILLED,OK,65,10.75,107,N,,,698.75,,
LF-10975,SKU-0822,LOC-20,FOOD_AMBIENT,OK,66,4.34,265,N,,,286.44,,
LF-10730,SKU-0071,LOC-30,FOOD_AMBIENT,OK,9,1.3,159,N,,,11.7,,
LF-11726,SKU-0920,LOC-38,HEALTHCARE,OK,30,36.42,140,N,,,1092.6,,
LF-10492,SKU-0217,LOC-18,FOOD_AMBIENT,OK,43,7.96,333,N,,,342.28,,
LF-10009,SKU-0742,LOC-09,FOOD_AMBIENT,OK,38,7.96,285,N,,,302.48,,
LF-11246,SKU-0070,LOC-14,FOOD_CHILLED,QTY_SUSPECT,-24,5.67,140,N,,,-136.08,,
LF-10126,SKU-0214,LOC-37,FOOD_AMBIENT,OK,41,0.61,88,N,,,25.01,,
LF-11382,SKU-0359,LOC-27,FOOD_AMBIENT,QTY_SUSPECT,-18,9.57,346,N,,,-172.26,,
LF-10508,SKU-0734,LOC-01,FOOD_AMBIENT,OK,13,9.75,73,N,,,126.75,,
LF-11112,SKU-0712,LOC-13,FOOD_CHILLED,OK,14,8.48,68,N,,,118.72,,
LF-10554,SKU-0674,LOC-20,HEALTHCARE,OK,95,38.12,262,N,,,3621.4,,
LF-11880,SKU-0176,LOC-20,HEALTHCARE,OK,21,10.02,361,N,,,210.42,,
LF-11184,SKU-1031,LOC-32,FOOD_AMBIENT,OK,15,11.37,380,N,,,170.55,,
LF-10392,SKU-0090,LOC-05,FOOD_AMBIENT,OK,67,8.33,294,N,,,558.11,,
LF-10106,SKU-0145,LOC-10,FOOD_CHILLED,OK,26,12.05,104,N,,,313.3,,
LF-10855,SKU-1072,LOC-27,FOOD_CHILLED,OK,46,8.98,68,N,,,413.08,,
LF-11049,SKU-0477,LOC-09,HEALTHCARE,OK,34,31.92,149,N,,,1085.28,,
LF-10437,SKU-0257,LOC-04,FOOD_AMBIENT,OK,21,10.55,134,N,,,221.55,,
LF-10449,SKU-1077,LOC-31,FOOD_CHILLED,OK,33,11.57,95,N,,,381.81,,
LF-11085,SKU-0900,LOC-23,FOOD_AMBIENT,OK,62,11.35,287,N,,,703.7,,
LF-11720,SKU-0072,LOC-12,FOOD_AMBIENT,OK,10,5.33,83,N,,,53.3,,
LF-11277,SKU-0854,LOC-21,FOOD_AMBIENT,OK,16,7.54,71,N,,,120.64,,
LF-10463,SKU-0213,LOC-20,FOOD_AMBIENT,OK,44,11.97,192,N,,,526.68,,
LF-10567,SKU-0509,LOC-01,FOOD_CHILLED,OK,7,5.47,63,N,,,38.29,,
LF-10655,SKU-0975,LOC-10,HEALTHCARE,OK,88,27.59,318,N,,,2427.92,,
LF-10154,SKU-0320,LOC-32,FOOD_AMBIENT,OK,18,1.83,73,N,,,32.94,,
LF-10833,SKU-0897,LOC-25,FOOD_AMBIENT,OK,65,2.71,381,N,,,176.15,,
LF-11102,SKU-0063,LOC-32,FOOD_AMBIENT,OK,45,5.47,262,N,,,246.15,,
LF-11097,SKU-0388,LOC-21,HEALTHCARE,OK,7,9.18,85,N,,,64.26,,
LF-10604,SKU-0246,LOC-24,FOOD_CHILLED,OK,26,11.68,64,N,,,303.68,,
LF-11136,SKU-1024,LOC-34,FOOD_AMBIENT,OK,17,8.47,92,N,,,143.99,,
LF-10148,SKU-0057,LOC-21,FOOD_AMBIENT,OK,6,7.68,122,N,,,46.08,,
LF-10287,SKU-0469,LOC-06,HEALTHCARE,OK,23,11.42,336,N,,,262.66,,
LF-10970,SKU-0178,LOC-02,FOOD_CHILLED,OK,45,7.67,92,N,,,345.15,,
LF-11531,SKU-0066,LOC-13,FOOD_AMBIENT,OK,55,2.95,393,N,,,162.25,,
LF-10653,SKU-0516,LOC-01,FOOD_AMBIENT,OK,28,11.85,159,N,,,331.8,,
LF-10361,SKU-0117,LOC-06,FOOD_CHILLED,OK,47,3.66,109,N,,,172.02,,
LF-11436,SKU-0008,LOC-19,FOOD_AMBIENT,OK,29,11.87,100,N,,,344.23,,
LF-10726,SKU-0832,LOC-20,FOOD_AMBIENT,OK,27,4.15,83,N,,,112.05,,
LF-11109,SKU-0268,LOC-26,FOOD_AMBIENT,OK,56,2.62,129,N,,,146.72,,
LF-10828,SKU-0426,LOC-34,HEALTHCARE,OK,15,26.95,351,N,,,404.25,,
LF-11368,SKU-0407,LOC-23,FOOD_AMBIENT,OK,9,8.56,84,N,,,77.04,,
LF-11516,SKU-0315,LOC-23,HEALTHCARE,OK,27,25.67,97,N,,,693.09,,
LF-11627,SKU-0016,LOC-32,HEALTHCARE,OK,20,19.42,312,N,,,388.4,,
LF-10127,SKU-0317,LOC-27,FOOD_AMBIENT,OK,28,6.37,264,N,,,178.36,,
LF-11040,SKU-0129,LOC-01,FOOD_AMBIENT,OK,41,9.54,84,N,,,391.14,,
LF-11025,SKU-0443,LOC-18,FOOD_AMBIENT,OK,12,4.37,247,N,,,52.44,,
LF-10386,SKU-0011,LOC-23,HEALTHCARE,OK,25,38.89,368,N,,,972.25,,
LF-11729,SKU-0953,LOC-21,HEALTHCARE,OK,18,20.17,360,N,,,363.06,,
LF-10218,SKU-0342,LOC-34,FOOD_AMBIENT,OK,22,3.58,184,N,,,78.76,,
LF-10965,SKU-0426,LOC-24,HEALTHCARE,OK,41,26.95,314,N,,,1104.95,,
LF-11018,SKU-0660,LOC-06,FOOD_AMBIENT,OK,11,10.59,190,N,,,116.49,,
LF-11520,SKU-0407,LOC-13,FOOD_AMBIENT,OK,15,8.56,83,N,,,128.4,,
LF-11035,SKU-0541,LOC-24,FOOD_AMBIENT,OK,26,11.87,254,N,,,308.62,,
LF-10656,SKU-0636,LOC-12,FOOD_AMBIENT,OK,10,2.04,324,N,,,20.4,,
LF-10942,SKU-0345,LOC-36,HEALTHCARE,OK,19,12.72,177,N,,,241.68,,
LF-11468,SKU-0333,LOC-26,FOOD_AMBIENT,OK,18,4.1,117,N,,,73.8,,
LF-10352,SKU-0467,LOC-10,FOOD_AMBIENT,OK,21,10.13,69,N,,,212.73,,
LF-11296,SKU-0870,LOC-15,FOOD_AMBIENT,OK,31,8.5,199,N,,,263.5,,
LF-11262,SKU-0258,LOC-35,HEALTHCARE,OK,27,23.68,399,N,,,639.36,,
LF-10678,SKU-0496,LOC-12,FOOD_AMBIENT,OK,33,0.73,146,N,,,24.09,,
LF-11815,SKU-1072,LOC-06,FOOD_CHILLED,OK,27,8.98,74,N,,,242.46,,
LF-10040,SKU-0833,LOC-12,FOOD_AMBIENT,OK,37,11.55,65,N,,,427.35,,
LF-11832,SKU-0175,LOC-08,FOOD_CHILLED,OK,9,7.14,76,N,,,64.26,,
LF-11900,SKU-1032,LOC-25,FOOD_CHILLED,OK,18,7.78,72,N,,,140.04,,
LF-10071,SKU-0156,LOC-03,FOOD_CHILLED,OK,243,8.98,87,N,,,2182.14,,
LF-11318,SKU-0641,LOC-16,FOOD_AMBIENT,OK,42,0.99,394,N,,,41.58,,
LF-10228,SKU-0081,LOC-06,FOOD_AMBIENT,OK,17,0.72,317,N,,,12.24,,
LF-11563,SKU-0379,LOC-18,HEALTHCARE,OK,56,16.52,266,N,,,925.12,,
LF-10194,SKU-0116,LOC-29,HEALTHCARE,OK,20,29.32,337,N,,,586.4,,
LF-11804,SKU-0575,LOC-14,FOOD_CHILLED,OK,7,10.38,87,N,,,72.66,,
LF-11775,SKU-0114,LOC-13,FOOD_AMBIENT,OK,104,11.61,225,N,,,1207.44,,
LF-10298,SKU-0321,LOC-18,FOOD_AMBIENT,OK,12,6.49,243,N,,,77.88,,
LF-10178,SKU-0599,LOC-04,FOOD_AMBIENT,OK,19,1.56,211,N,,,29.64,,
LF-11305,SKU-0278,LOC-12,FOOD_AMBIENT,OK,43,8.37,179,N,,,359.91,,
LF-10061,SKU-0797,LOC-22,FOOD_CHILLED,OK,32,7.36,79,N,,,235.52,,
LF-10311,SKU-0156,LOC-27,FOOD_CHILLED,OK,18,8.98,87,N,,,161.64,,
LF-11940,SKU-0370,LOC-06,FOOD_CHILLED,OK,61,10.28,70,N,,,627.08,,
LF-10720,SKU-0026,LOC-29,FOOD_AMBIENT,OK,13,10.08,178,N,,,131.04,,
LF-11860,SKU-0839,LOC-18,HEALTHCARE,OK,29,4.19,369,N,,,121.51,,
LF-10580,SKU-0475,LOC-29,FOOD_AMBIENT,OK,55,1.5,239,N,,,82.5,,
LF-11672,SKU-0288,LOC-32,FOOD_AMBIENT,OK,25,1.62,156,N,,,40.5,,
LF-11335,SKU-0963,LOC-06,HEALTHCARE,OK,23,5.1,280,N,,,117.3,,
LF-11101,SKU-0866,LOC-06,FOOD_CHILLED,OK,122,12.13,96,N,,,1479.86,,
LF-10125,SKU-1049,LOC-18,HEALTHCARE,OK,17,8.49,69,N,,,144.33,,
LF-11655,SKU-1082,LOC-32,FOOD_AMBIENT,OK,20,6.41,138,N,,,128.2,,
LF-10873,SKU-0586,LOC-12,HEALTHCARE,OK,6,33.12,116,N,,,198.72,,
LF-11871,SKU-0481,LOC-10,FOOD_AMBIENT,OK,23,7.61,262,N,,,175.03,,
LF-10247,SKU-0994,LOC-12,FOOD_AMBIENT,OK,23,7.32,93,N,,,168.36,,
LF-11774,SKU-0034,LOC-29,FOOD_AMBIENT,OK,18,1.54,196,N,,,27.72,,
LF-11488,SKU-0831,LOC-08,HEALTHCARE,OK,17,14.75,165,N,,,250.75,,
LF-11137,SKU-0461,LOC-13,HEALTHCARE,OK,19,23.34,85,N,,,443.46,,
LF-10495,SKU-0578,LOC-29,HEALTHCARE,OK,16,14.06,126,N,,,224.96,,
LF-11401,SKU-0002,LOC-25,HEALTHCARE,OK,28,13.22,399,N,,,370.16,,
LF-11797,SKU-0739,LOC-20,HEALTHCARE,OK,48,17.61,397,N,,,845.28,,
LF-11352,SKU-0714,LOC-19,FOOD_AMBIENT,OK,16,10.15,272,N,,,162.4,,
LF-10984,SKU-0604,LOC-08,FOOD_AMBIENT,OK,69,3.45,92,N,,,238.05,,
LF-11886,SKU-0537,LOC-16,FOOD_AMBIENT,OK,10,2.34,91,N,,,23.4,,
LF-10263,SKU-0257,LOC-07,FOOD_AMBIENT,OK,15,10.55,158,N,,,158.25,,
LF-10761,SKU-0441,LOC-19,FOOD_AMBIENT,OK,54,0.75,193,N,,,40.5,,
LF-10223,SKU-0848,LOC-35,HEALTHCARE,OK,84,37.0,324,N,,,3108.0,,
LF-11746,SKU-0304,LOC-36,HEALTHCARE,OK,71,18.93,248,N,,,1344.03,,
LF-10060,SKU-0055,LOC-13,FOOD_CHILLED,OK,53,12.94,94,N,,,685.82,,
LF-10314,SKU-0947,LOC-09,HEALTHCARE,OK,35,25.34,189,N,,,886.9,,
LF-10088,SKU-0472,LOC-17,FOOD_AMBIENT,OK,16,1.88,230,N,,,30.08,,
LF-11703,SKU-1081,LOC-13,HEALTHCARE,OK,17,18.52,166,N,,,314.84,,
LF-11167,SKU-0599,LOC-10,FOOD_AMBIENT,OK,52,1.56,334,N,,,81.12,,
LF-11849,SKU-0679,LOC-02,FOOD_AMBIENT,OK,29,3.79,218,N,,,109.91,,
LF-11943,SKU-0319,LOC-35,FOOD_AMBIENT,OK,48,2.23,363,N,,,107.04,,
LF-10065,SKU-0415,LOC-05,FOOD_AMBIENT,OK,34,2.97,197,N,,,100.98,,
LF-10812,SKU-1000,LOC-36,FOOD_AMBIENT,OK,25,7.52,78,N,,,188.0,,
LF-10283,SKU-0267,LOC-13,FOOD_AMBIENT,OK,15,5.8,68,N,,,87.0,,
LF-11073,SKU-0259,LOC-25,HEALTHCARE,OK,14,38.41,357,N,,,537.74,,
LF-11312,SKU-0993,LOC-32,FOOD_AMBIENT,OK,11,1.89,202,N,,,20.79,,
LF-10648,SKU-0940,LOC-35,HEALTHCARE,OK,44,14.56,167,N,,,640.64,,
LF-11191,SKU-0681,LOC-31,FOOD_AMBIENT,OK,36,2.74,129,N,,,98.64,,
LF-10750,SKU-0780,LOC-08,FOOD_CHILLED,OK,79,8.68,70,N,,,685.72,,
LF-11284,SKU-0001,LOC-02,FOOD_AMBIENT,OK,34,11.1,139,N,,,377.4,,
LF-11406,SKU-0695,LOC-07,FOOD_CHILLED,OK,42,5.74,62,N,,,241.08,,
LF-10281,SKU-0007,LOC-25,FOOD_CHILLED,OK,28,7.05,87,N,,,197.4,,
LF-11750,SKU-0209,LOC-21,FOOD_AMBIENT,OK,17,0.56,284,N,,,9.52,,
LF-11741,SKU-0964,LOC-03,FOOD_CHILLED,OK,8,10.11,92,N,,,80.88,,
LF-11443,SKU-1008,LOC-38,FOOD_AMBIENT,OK,21,8.8,67,N,,,184.8,,
LF-11103,SKU-0086,LOC-29,FOOD_AMBIENT,OK,8,1.38,216,N,,,11.04,,
LF-11178,SKU-0243,LOC-31,FOOD_AMBIENT,OK,56,9.81,204,N,,,549.36,,
LF-10197,SKU-0056,LOC-29,FOOD_AMBIENT,OK,25,10.84,163,N,,,271.0,,
LF-11620,SKU-0594,LOC-22,FOOD_CHILLED,OK,50,1.58,62,N,,,79.0,,
LF-10654,SKU-0030,LOC-03,FOOD_CHILLED,OK,25,7.11,139,N,,,177.75,,
LF-10637,SKU-0665,LOC-19,FOOD_AMBIENT,OK,35,9.31,253,N,,,325.85,,
LF-10030,SKU-0172,LOC-37,HEALTHCARE,OK,45,30.17,193,N,,,1357.65,,
LF-11913,SKU-0910,LOC-36,HEALTHCARE,OK,50,34.29,84,N,,,1714.5,,
LF-11154,SKU-0101,LOC-10,FOOD_AMBIENT,OK,20,3.77,149,N,,,75.4,,
LF-11394,SKU-0897,LOC-17,FOOD_AMBIENT,OK,25,2.71,217,N,,,67.75,,
LF-11497,SKU-1063,LOC-20,HEALTHCARE,OK,42,21.93,244,N,,,921.06,,
LF-11885,SKU-0136,LOC-09,FOOD_AMBIENT,OK,13,3.41,351,N,,,44.33,,
LF-11586,SKU-0039,LOC-28,FOOD_CHILLED,OK,44,14.95,69,N,,,657.8,,
LF-11300,SKU-0015,LOC-27,FOOD_AMBIENT,OK,16,9.09,203,N,,,145.44,,
LF-10907,SKU-0779,LOC-22,FOOD_CHILLED,OK,10,2.55,83,N,,,25.5,,
LF-10646,SKU-0378,LOC-16,FOOD_AMBIENT,OK,24,11.24,142,N,,,269.76,,
LF-10967,SKU-0563,LOC-06,FOOD_CHILLED,OK,74,4.29,93,N,,,317.46,,
LF-10869,SKU-0135,LOC-29,HEALTHCARE,OK,34,35.77,267,N,,,1216.18,,
LF-11456,SKU-0042,LOC-33,FOOD_AMBIENT,OK,16,7.58,119,N,,,121.28,,
LF-10927,SKU-0276,LOC-36,FOOD_CHILLED,OK,98,4.91,81,N,,,481.18,,
LF-11646,SKU-1060,LOC-10,FOOD_AMBIENT,OK,11,7.49,120,N,,,82.39,,
LF-11596,SKU-0559,LOC-13,HEALTHCARE,OK,36,5.92,136,N,,,213.12,,
LF-11632,SKU-0807,LOC-23,HEALTHCARE,OK,41,16.51,316,N,,,676.91,,
LF-11700,SKU-1070,LOC-25,FOOD_AMBIENT,OK,48,7.85,391,N,,,376.8,,
LF-11518,SKU-0443,LOC-31,FOOD_AMBIENT,OK,34,4.37,159,N,,,148.58,,
LF-11692,SKU-0157,LOC-09,HEALTHCARE,MISSING_EXPIRY,128,25.64,,,,,3281.92,,
LF-11768,SKU-0907,LOC-01,FOOD_CHILLED,OK,6,13.12,61,N,,,78.72,,
LF-10540,SKU-0409,LOC-20,FOOD_AMBIENT,OK,54,5.5,63,N,,,297.0,,
LF-11680,SKU-0691,LOC-35,FOOD_AMBIENT,OK,22,6.04,182,N,,,132.88,,
LF-11200,SKU-0110,LOC-03,FOOD_CHILLED,OK,18,2.09,78,N,,,37.62,,
LF-10913,SKU-1001,LOC-10,FOOD_CHILLED,OK,5,14.33,89,N,,,71.65,,
LF-11241,SKU-0798,LOC-07,FOOD_AMBIENT,OK,189,7.79,167,N,,,1472.31,,
LF-10551,SKU-0867,LOC-03,FOOD_AMBIENT,OK,29,1.57,114,N,,,45.53,,
LF-11091,SKU-0844,LOC-07,FOOD_AMBIENT,OK,5,1.76,305,N,,,8.8,,
LF-11932,SKU-0469,LOC-34,HEALTHCARE,OK,23,11.42,77,N,,,262.66,,
LF-11523,SKU-0308,LOC-02,FOOD_CHILLED,OK,37,10.7,65,N,,,395.9,,
LF-10693,SKU-0106,LOC-11,FOOD_AMBIENT,OK,37,11.4,239,N,,,421.8,,
LF-10843,SKU-0772,LOC-06,FOOD_AMBIENT,OK,8,6.52,245,N,,,52.16,,
LF-11575,SKU-0179,LOC-37,FOOD_AMBIENT,OK,5,3.74,83,N,,,18.7,,
LF-11870,SKU-0939,LOC-28,FOOD_CHILLED,OK,19,7.88,68,N,,,149.72,,
LF-10339,SKU-0920,LOC-32,HEALTHCARE,OK,51,36.42,186,N,,,1857.42,,
LF-11120,SKU-0879,LOC-09,HEALTHCARE,OK,14,15.63,215,N,,,218.82,,
LF-11823,SKU-0940,LOC-13,HEALTHCARE,OK,33,14.56,262,N,,,480.48,,
LF-11372,SKU-0913,LOC-34,FOOD_AMBIENT,OK,47,7.29,300,N,,,342.63,,
LF-11143,SKU-0623,LOC-23,HEALTHCARE,OK,55,20.07,359,N,,,1103.85,,
LF-10309,SKU-0588,LOC-24,FOOD_AMBIENT,OK,50,11.15,129,N,,,557.5,,
LF-10095,SKU-0567,LOC-27,FOOD_AMBIENT,OK,50,4.8,297,N,,,240.0,,
LF-10079,SKU-0618,LOC-01,FOOD_AMBIENT,OK,49,8.29,358,N,,,406.21,,
LF-11226,SKU-0568,LOC-24,FOOD_AMBIENT,OK,25,9.95,82,N,,,248.75,,
LF-11481,SKU-0754,LOC-38,FOOD_AMBIENT,OK,17,2.32,199,N,,,39.44,,
LF-10439,SKU-0651,LOC-23,HEALTHCARE,OK,41,4.6,265,N,,,188.6,,
LF-11737,SKU-1028,LOC-07,FOOD_CHILLED,OK,7,7.77,79,N,,,54.39,,
LF-11233,SKU-0455,LOC-33,FOOD_AMBIENT,OK,16,4.17,198,N,,,66.72,,
LF-10107,SKU-0782,LOC-36,FOOD_AMBIENT,OK,24,9.31,150,N,,,223.44,,
LF-11457,SKU-0291,LOC-21,FOOD_AMBIENT,OK,14,5.47,394,N,,,76.58,,
LF-10041,SKU-0040,LOC-20,HEALTHCARE,OK,45,17.38,128,N,,,782.1,,
LF-10784,SKU-0150,LOC-10,FOOD_CHILLED,OK,9,5.01,85,N,,,45.09,,
LF-11862,SKU-0147,LOC-13,FOOD_AMBIENT,OK,34,4.78,279,N,,,162.52,,
LF-10771,SKU-0829,LOC-01,FOOD_AMBIENT,OK,21,10.42,354,N,,,218.82,,
LF-11242,SKU-0850,LOC-29,HEALTHCARE,OK,50,23.22,364,N,,,1161.0,,
LF-10948,SKU-1050,LOC-30,FOOD_AMBIENT,OK,65,8.69,95,N,,,564.85,,
LF-11319,SKU-0567,LOC-20,FOOD_AMBIENT,OK,60,4.8,71,N,,,288.0,,
LF-11173,SKU-1015,LOC-16,FOOD_AMBIENT,OK,13,1.78,276,N,,,23.14,,
LF-11803,SKU-0980,LOC-32,HEALTHCARE,OK,33,26.97,363,N,,,890.01,,
LF-11256,SKU-0824,LOC-01,FOOD_CHILLED,OK,24,12.46,65,N,,,299.04,,
LF-11878,SKU-0960,LOC-06,FOOD_AMBIENT,OK,109,4.1,278,N,,,446.9,,
LF-11607,SKU-0142,LOC-10,FOOD_CHILLED,OK,26,3.75,80,N,,,97.5,,
LF-11649,SKU-0983,LOC-07,HEALTHCARE,OK,22,3.94,118,N,,,86.68,,
LF-11020,SKU-0355,LOC-02,FOOD_CHILLED,OK,15,14.33,92,N,,,214.95,,
LF-11234,SKU-0544,LOC-15,FOOD_AMBIENT,OK,62,10.3,131,N,,,638.6,,
LF-10510,SKU-0168,LOC-27,FOOD_AMBIENT,OK,41,7.61,175,N,,,312.01,,
LF-10663,SKU-0785,LOC-27,FOOD_AMBIENT,OK,48,10.22,302,N,,,490.56,,
LF-10258,SKU-0211,LOC-21,FOOD_AMBIENT,OK,37,8.0,249,N,,,296.0,,
LF-11670,SKU-0854,LOC-13,FOOD_AMBIENT,OK,15,7.54,333,N,,,113.1,,
LF-11628,SKU-0348,LOC-17,FOOD_AMBIENT,OK,16,9.76,391,N,,,156.16,,
LF-11302,SKU-0684,LOC-23,FOOD_AMBIENT,OK,70,7.24,281,N,,,506.8,,
LF-10103,SKU-0897,LOC-20,FOOD_AMBIENT,OK,36,2.71,73,N,,,97.56,,
LF-10728,SKU-0479,LOC-27,FOOD_AMBIENT,OK,57,10.48,246,N,,,597.36,,
LF-11569,SKU-0316,LOC-05,FOOD_AMBIENT,OK,15,11.61,153,N,,,174.15,,
LF-11260,SKU-0306,LOC-27,FOOD_AMBIENT,OK,19,11.63,105,N,,,220.97,,
LF-10723,SKU-0448,LOC-38,FOOD_CHILLED,STALE_COUNT,39,10.14,61,N,,,395.46,,
LF-11525,SKU-0806,LOC-18,FOOD_AMBIENT,OK,34,4.22,251,N,,,143.48,,
LF-11004,SKU-0330,LOC-37,FOOD_AMBIENT,OK,32,6.57,384,N,,,210.24,,
LF-11404,SKU-0684,LOC-12,FOOD_AMBIENT,OK,25,7.24,67,N,,,181.0,,
LF-11527,SKU-0623,LOC-20,HEALTHCARE,OK,47,20.07,338,N,,,943.29,,
LF-10504,SKU-0042,LOC-05,FOOD_AMBIENT,OK,74,7.58,285,N,,,560.92,,
LF-10458,SKU-0204,LOC-34,HEALTHCARE,OK,24,13.75,116,N,,,330.0,,
LF-11712,SKU-0625,LOC-18,FOOD_CHILLED,OK,24,10.56,61,N,,,253.44,,
LF-11556,SKU-0492,LOC-02,FOOD_AMBIENT,OK,36,3.28,160,N,,,118.08,,
LF-11694,SKU-0171,LOC-08,FOOD_AMBIENT,OK,34,2.85,389,N,,,96.9,,
LF-10453,SKU-0578,LOC-38,HEALTHCARE,OK,13,14.06,74,N,,,182.78,,
LF-11448,SKU-1007,LOC-07,HEALTHCARE,OK,7,9.51,292,N,,,66.57,,
LF-11128,SKU-0948,LOC-36,FOOD_CHILLED,OK,17,12.41,72,N,,,210.97,,
LF-11835,SKU-0662,LOC-10,HEALTHCARE,OK,32,27.02,157,N,,,864.64,,
LF-11852,SKU-0454,LOC-13,FOOD_AMBIENT,OK,32,2.37,167,N,,,75.84,,
LF-11699,SKU-0889,LOC-24,HEALTHCARE,OK,17,22.43,229,N,,,381.31,,
LF-11656,SKU-0543,LOC-18,FOOD_AMBIENT,OK,60,8.99,68,N,,,539.4,,
LF-10299,SKU-0748,LOC-09,FOOD_AMBIENT,OK,18,5.83,258,N,,,104.94,,
LF-11904,SKU-1090,LOC-18,FOOD_AMBIENT,OK,73,9.28,250,N,,,677.44,,
LF-11690,SKU-0645,LOC-23,FOOD_AMBIENT,OK,16,3.39,337,N,,,54.24,,
LF-11677,SKU-0328,LOC-23,HEALTHCARE,OK,27,30.84,229,N,,,832.68,,
LF-11339,SKU-0534,LOC-27,FOOD_AMBIENT,OK,29,5.32,247,N,,,154.28,,
LF-10440,SKU-0210,LOC-35,FOOD_AMBIENT,OK,13,7.98,83,N,,,103.74,,
LF-10343,SKU-0292,LOC-08,FOOD_AMBIENT,OK,11,9.68,285,N,,,106.48,,
LF-10552,SKU-0783,LOC-17,FOOD_AMBIENT,OK,33,2.42,133,N,,,79.86,,
LF-11758,SKU-0690,LOC-22,FOOD_AMBIENT,OK,61,11.55,149,N,,,704.55,,
LF-11549,SKU-0281,LOC-06,HEALTHCARE,OK,44,36.11,198,N,,,1588.84,,
LF-11381,SKU-0503,LOC-10,FOOD_AMBIENT,OK,23,2.22,112,N,,,51.06,,
LF-10368,SKU-0071,LOC-34,FOOD_AMBIENT,OK,36,1.3,354,N,,,46.8,,
LF-11754,SKU-0036,LOC-38,FOOD_CHILLED,OK,86,2.96,80,N,,,254.56,,
LF-11190,SKU-0766,LOC-37,HEALTHCARE,OK,7,36.84,195,N,,,257.88,,
LF-11252,SKU-1037,LOC-35,FOOD_AMBIENT,OK,25,6.09,209,N,,,152.25,,
LF-11084,SKU-0402,LOC-37,HEALTHCARE,OK,38,30.1,110,N,,,1143.8,,
LF-10573,SKU-0536,LOC-34,FOOD_CHILLED,OK,40,5.05,121,N,,,202.0,,
LF-10507,SKU-0581,LOC-34,FOOD_AMBIENT,OK,15,9.25,135,N,,,138.75,,
LF-10024,SKU-0259,LOC-12,HEALTHCARE,OK,19,38.41,357,N,,,729.79,,
LF-10234,SKU-0991,LOC-29,FOOD_AMBIENT,OK,24,9.9,136,N,,,237.6,,
LF-11490,SKU-0510,LOC-31,FOOD_AMBIENT,OK,154,11.39,362,N,,,1754.06,,
LF-11058,SKU-0122,LOC-07,FOOD_CHILLED,OK,48,10.9,82,N,,,523.2,,
LF-11857,SKU-0225,LOC-10,FOOD_AMBIENT,OK,15,6.0,102,N,,,90.0,,
LF-10564,SKU-1058,LOC-13,FOOD_CHILLED,OK,41,13.65,72,N,,,559.65,,
LF-11113,SKU-0755,LOC-18,FOOD_AMBIENT,OK,54,3.41,64,N,,,184.14,,
LF-11848,SKU-0886,LOC-16,FOOD_CHILLED,OK,32,9.68,109,N,,,309.76,,
LF-11074,SKU-1086,LOC-06,HEALTHCARE,OK,6,15.59,396,N,,,93.54,,
LF-10925,SKU-0180,LOC-08,HEALTHCARE,OK,18,13.57,348,N,,,244.26,,
LF-10403,SKU-0482,LOC-36,FOOD_AMBIENT,OK,34,1.07,199,N,,,36.38,,
LF-11216,SKU-0185,LOC-08,FOOD_CHILLED,OK,61,4.19,62,N,,,255.59,,
LF-11484,SKU-0443,LOC-21,FOOD_AMBIENT,OK,28,4.37,270,N,,,122.36,,
LF-10291,SKU-0745,LOC-07,HEALTHCARE,OK,272,4.84,81,N,,,1316.48,,
LF-11065,SKU-0609,LOC-37,HEALTHCARE,OK,24,26.92,333,N,,,646.08,,
LF-10317,SKU-0854,LOC-09,FOOD_AMBIENT,OK,39,7.54,279,N,,,294.06,,
LF-11495,SKU-0411,LOC-36,FOOD_AMBIENT,OK,43,11.35,213,N,,,488.05,,
LF-11560,SKU-0052,LOC-10,FOOD_AMBIENT,OK,6,5.66,252,N,,,33.96,,
LF-10867,SKU-1002,LOC-26,FOOD_AMBIENT,MISSING_EXPIRY,30,2.71,,,,,81.3,,
LF-11055,SKU-0210,LOC-04,FOOD_AMBIENT,OK,44,7.98,272,N,,,351.12,,
LF-10777,SKU-0723,LOC-37,FOOD_AMBIENT,OK,14,10.71,91,N,,,149.94,,
LF-11396,SKU-0299,LOC-17,FOOD_AMBIENT,OK,36,2.1,346,N,,,75.6,,
LF-10898,SKU-0750,LOC-02,FOOD_CHILLED,OK,16,13.59,62,N,,,217.44,,
LF-11115,SKU-0872,LOC-37,HEALTHCARE,OK,39,18.8,281,N,,,733.2,,
LF-11541,SKU-0851,LOC-06,FOOD_CHILLED,OK,20,7.62,67,N,,,152.4,,
LF-11222,SKU-0608,LOC-19,FOOD_AMBIENT,OK,14,10.11,79,N,,,141.54,,
LF-10389,SKU-0246,LOC-10,FOOD_CHILLED,OK,61,11.68,62,N,,,712.48,,
LF-11734,SKU-0610,LOC-03,FOOD_AMBIENT,OK,50,8.74,333,N,,,437.0,,
LF-11079,SKU-0249,LOC-08,FOOD_AMBIENT,OK,15,5.26,249,N,,,78.9,,
LF-11213,SKU-0585,LOC-37,HEALTHCARE,OK,38,28.55,328,N,,,1084.9,,
LF-10679,SKU-0784,LOC-34,HEALTHCARE,OK,28,8.85,289,N,,,247.8,,
LF-11622,SKU-1056,LOC-05,FOOD_AMBIENT,OK,13,4.31,221,N,,,56.03,,
LF-10006,SKU-0531,LOC-31,FOOD_CHILLED,OK,38,3.06,114,N,,,116.28,,
LF-10915,SKU-0049,LOC-02,HEALTHCARE,OK,19,22.99,184,N,,,436.81,,
LF-10971,SKU-1074,LOC-07,FOOD_AMBIENT,OK,16,3.52,97,N,,,56.32,,
LF-10226,SKU-0886,LOC-01,FOOD_CHILLED,OK,16,9.68,110,N,,,154.88,,
LF-11660,SKU-0075,LOC-02,FOOD_AMBIENT,OK,24,2.98,133,N,,,71.52,,
LF-10230,SKU-0008,LOC-14,FOOD_AMBIENT,OK,15,11.87,109,N,,,178.05,,
LF-11383,SKU-0208,LOC-26,FOOD_AMBIENT,OK,15,1.1,389,N,,,16.5,,
LF-10631,SKU-0107,LOC-23,HEALTHCARE,OK,41,5.86,396,N,,,240.26,,
LF-11214,SKU-1002,LOC-21,FOOD_AMBIENT,OK,119,2.71,84,N,,,322.49,,
LF-11125,SKU-0255,LOC-35,HEALTHCARE,OK,25,12.43,70,N,,,310.75,,
LF-10344,SKU-0639,LOC-02,FOOD_CHILLED,OK,16,10.4,107,N,,,166.4,,
LF-11301,SKU-0660,LOC-07,FOOD_AMBIENT,OK,10,10.59,200,N,,,105.9,,
LF-10087,SKU-0235,LOC-19,HEALTHCARE,OK,23,23.02,362,N,,,529.46,,
LF-11482,SKU-0138,LOC-27,FOOD_AMBIENT,OK,140,4.4,268,N,,,616.0,,
LF-11465,SKU-0890,LOC-14,FOOD_AMBIENT,OK,26,11.0,183,N,,,286.0,,
LF-11336,SKU-0517,LOC-38,HEALTHCARE,OK,37,31.82,371,N,,,1177.34,,
LF-10093,SKU-0058,LOC-25,FOOD_CHILLED,OK,18,8.66,78,N,,,155.88,,
LF-10811,SKU-0750,LOC-27,FOOD_CHILLED,OK,13,13.59,67,N,,,176.67,,
LF-11730,SKU-0048,LOC-26,FOOD_AMBIENT,OK,51,9.41,339,N,,,479.91,,
LF-11360,SKU-1065,LOC-04,FOOD_AMBIENT,OK,37,4.47,133,N,,,165.39,,
LF-11182,SKU-1079,LOC-08,FOOD_AMBIENT,OK,34,10.22,178,N,,,347.48,,
LF-10401,SKU-0418,LOC-13,HEALTHCARE,OK,24,12.24,150,N,,,293.76,,
LF-10143,SKU-0265,LOC-27,FOOD_AMBIENT,OK,123,3.89,241,N,,,478.47,,
LF-11533,SKU-0554,LOC-28,FOOD_AMBIENT,OK,24,5.48,101,N,,,131.52,,
LF-11866,SKU-0815,LOC-07,FOOD_CHILLED,OK,49,10.52,116,N,,,515.48,,
LF-10057,SKU-0213,LOC-21,FOOD_AMBIENT,OK,55,11.97,100,N,,,658.35,,
LF-11056,SKU-0402,LOC-06,HEALTHCARE,OK,95,30.1,147,N,,,2859.5,,
LF-10451,SKU-0277,LOC-09,FOOD_AMBIENT,OK,9,11.53,62,N,,,103.77,,
LF-11007,SKU-1084,LOC-22,FOOD_AMBIENT,OK,22,8.38,131,N,,,184.36,,
LF-11311,SKU-0781,LOC-28,FOOD_CHILLED,OK,23,9.94,72,N,,,228.62,,
LF-10018,SKU-0481,LOC-03,FOOD_AMBIENT,OK,65,7.61,228,N,,,494.65,,
LF-11920,SKU-0260,LOC-03,FOOD_AMBIENT,STALE_COUNT,49,11.02,389,N,,,539.98,,
LF-10787,SKU-0413,LOC-25,FOOD_AMBIENT,OK,12,11.59,210,N,,,139.08,,
LF-11665,SKU-0164,LOC-17,FOOD_AMBIENT,OK,43,1.94,100,N,,,83.42,,
LF-11207,SKU-0756,LOC-18,FOOD_AMBIENT,OK,20,11.69,273,N,,,233.8,,
LF-10415,SKU-0895,LOC-12,FOOD_AMBIENT,OK,26,4.33,128,N,,,112.58,,
LF-10608,SKU-0354,LOC-02,FOOD_AMBIENT,OK,25,6.43,192,N,,,160.75,,
LF-10672,SKU-1061,LOC-22,FOOD_CHILLED,OK,21,5.25,113,N,,,110.25,,
LF-11307,SKU-1009,LOC-38,HEALTHCARE,OK,44,36.24,203,N,,,1594.56,,
LF-10906,SKU-1045,LOC-05,FOOD_AMBIENT,OK,16,7.91,304,N,,,126.56,,
LF-10700,SKU-1057,LOC-05,FOOD_AMBIENT,OK,68,9.7,90,N,,,659.6,,
LF-11781,SKU-0632,LOC-27,FOOD_AMBIENT,OK,40,8.87,144,N,,,354.8,,
LF-11310,SKU-0778,LOC-34,HEALTHCARE,OK,47,33.47,219,N,,,1573.09,,
LF-11006,SKU-0303,LOC-25,HEALTHCARE,OK,68,34.14,149,N,,,2321.52,,
LF-10098,SKU-0618,LOC-13,FOOD_AMBIENT,OK,48,8.29,116,N,,,397.92,,
LF-11794,SKU-0433,LOC-11,FOOD_AMBIENT,OK,32,8.05,237,N,,,257.6,,
LF-10611,SKU-0940,LOC-20,HEALTHCARE,OK,119,14.56,336,N,,,1732.64,,
LF-10754,SKU-0496,LOC-19,FOOD_AMBIENT,OK,62,0.73,152,N,,,45.26,,
LF-10075,SKU-0040,LOC-38,HEALTHCARE,OK,13,17.38,149,N,,,225.94,,
LF-11500,SKU-0395,LOC-38,HEALTHCARE,OK,26,37.45,391,N,,,973.7,,
LF-11819,SKU-0522,LOC-18,FOOD_AMBIENT,OK,35,9.2,363,N,,,322.0,,
LF-11003,SKU-0078,LOC-03,FOOD_CHILLED,OK,68,11.86,63,N,,,806.48,,
LF-10930,SKU-0103,LOC-29,HEALTHCARE,OK,11,25.02,282,N,,,275.22,,
LF-10406,SKU-0984,LOC-02,FOOD_CHILLED,OK,118,8.8,93,N,,,1038.4,,
LF-11784,SKU-0026,LOC-13,FOOD_AMBIENT,OK,50,10.08,118,N,,,504.0,,
LF-11894,SKU-0524,LOC-21,FOOD_AMBIENT,OK,78,7.27,81,N,,,567.06,,
LF-11013,SKU-0126,LOC-37,FOOD_AMBIENT,OK,41,7.77,85,N,,,318.57,,
LF-11100,SKU-0696,LOC-02,FOOD_AMBIENT,OK,39,6.24,366,N,,,243.36,,
LF-11124,SKU-0646,LOC-05,FOOD_AMBIENT,OK,12,9.62,140,N,,,115.44,,
LF-10593,SKU-0653,LOC-13,FOOD_AMBIENT,OK,32,11.52,150,N,,,368.64,,
LF-10780,SKU-0316,LOC-26,FOOD_AMBIENT,OK,18,11.61,131,N,,,208.98,,
LF-10026,SKU-1018,LOC-28,FOOD_AMBIENT,OK,38,6.13,296,N,,,232.94,,
LF-11716,SKU-0238,LOC-01,FOOD_AMBIENT,OK,45,10.5,138,N,,,472.5,,
LF-10405,SKU-0790,LOC-20,FOOD_AMBIENT,OK,77,11.07,335,N,,,852.39,,
LF-10459,SKU-1060,LOC-25,FOOD_AMBIENT,OK,57,7.49,138,N,,,426.93,,
LF-10768,SKU-0781,LOC-22,FOOD_CHILLED,OK,20,9.94,88,N,,,198.8,,
LF-10881,SKU-0127,LOC-32,FOOD_AMBIENT,OK,10,0.52,367,N,,,5.2,,
LF-10142,SKU-0857,LOC-22,FOOD_AMBIENT,OK,27,4.06,281,N,,,109.62,,
LF-10757,SKU-0556,LOC-34,HEALTHCARE,OK,9,26.81,125,N,,,241.29,,
LF-11209,SKU-1058,LOC-25,FOOD_CHILLED,OK,28,13.65,89,N,,,382.2,,
LF-11934,SKU-0662,LOC-32,HEALTHCARE,OK,27,27.02,84,N,,,729.54,,
LF-10250,SKU-0925,LOC-30,FOOD_AMBIENT,OK,13,0.51,196,N,,,6.63,,
LF-11709,SKU-0456,LOC-13,FOOD_AMBIENT,OK,29,8.92,190,N,,,258.68,,
LF-10716,SKU-0280,LOC-08,FOOD_AMBIENT,OK,21,1.45,224,N,,,30.45,,
LF-10500,SKU-0529,LOC-10,FOOD_CHILLED,OK,30,2.0,129,N,,,60.0,,
LF-11405,SKU-0847,LOC-13,HEALTHCARE,OK,103,31.63,333,N,,,3257.89,,
LF-11683,SKU-0861,LOC-18,HEALTHCARE,OK,31,5.94,196,N,,,184.14,,
LF-11258,SKU-0504,LOC-05,FOOD_AMBIENT,OK,9,8.1,135,N,,,72.9,,
LF-11016,SKU-0234,LOC-17,FOOD_CHILLED,OK,90,4.44,139,N,,,399.6,,
LF-10623,SKU-0262,LOC-38,FOOD_AMBIENT,OK,30,3.51,175,N,,,105.3,,
LF-11014,SKU-0178,LOC-18,FOOD_CHILLED,OK,11,7.67,85,N,,,84.37,,
LF-10958,SKU-0799,LOC-32,FOOD_AMBIENT,OK,14,6.71,209,N,,,93.94,,
LF-11274,SKU-0921,LOC-21,FOOD_AMBIENT,OK,31,6.61,117,N,,,204.91,,
LF-11371,SKU-0120,LOC-25,HEALTHCARE,OK,28,16.87,305,N,,,472.36,,
LF-10668,SKU-0668,LOC-15,FOOD_AMBIENT,OK,92,5.2,317,N,,,478.4,,
LF-10945,SKU-0934,LOC-28,FOOD_CHILLED,OK,5,4.01,61,N,,,20.05,,
LF-11410,SKU-0163,LOC-28,FOOD_AMBIENT,OK,23,10.79,215,N,,,248.17,,
LF-10068,SKU-0046,LOC-01,FOOD_AMBIENT,OK,14,1.08,193,N,,,15.12,,
LF-11303,SKU-0458,LOC-08,HEALTHCARE,OK,12,25.47,277,N,,,305.64,,
LF-10476,SKU-0745,LOC-22,HEALTHCARE,OK,24,4.84,249,N,,,116.16,,
LF-10736,SKU-0409,LOC-18,FOOD_AMBIENT,OK,9,5.5,93,N,,,49.5,,
LF-11043,SKU-0790,LOC-04,FOOD_AMBIENT,OK,19,11.07,354,N,,,210.33,,
LF-11743,SKU-0766,LOC-25,HEALTHCARE,OK,31,36.84,383,N,,,1142.04,,
LF-11076,SKU-0390,LOC-36,FOOD_AMBIENT,OK,19,1.23,336,N,,,23.37,,
LF-10647,SKU-0017,LOC-05,FOOD_AMBIENT,OK,110,3.87,227,N,,,425.7,,
LF-10929,SKU-0967,LOC-19,HEALTHCARE,OK,15,26.63,250,N,,,399.45,,
LF-11630,SKU-0667,LOC-21,HEALTHCARE,OK,16,22.33,185,N,,,357.28,,
LF-10365,SKU-0789,LOC-09,HEALTHCARE,OK,20,14.11,210,N,,,282.2,,
LF-11888,SKU-0929,LOC-23,FOOD_AMBIENT,OK,41,10.16,166,N,,,416.56,,
LF-11572,SKU-0158,LOC-16,FOOD_AMBIENT,OK,10,5.22,391,N,,,52.2,,
LF-11272,SKU-1089,LOC-31,FOOD_AMBIENT,OK,14,4.5,354,N,,,63.0,,
LF-10014,SKU-0913,LOC-01,FOOD_AMBIENT,OK,55,7.29,343,N,,,400.95,,
LF-10818,SKU-0531,LOC-07,FOOD_CHILLED,OK,32,3.06,86,N,,,97.92,,
LF-10617,SKU-0424,LOC-11,FOOD_AMBIENT,OK,36,0.84,188,N,,,30.24,,
LF-11778,SKU-0371,LOC-07,FOOD_AMBIENT,OK,44,7.58,398,N,,,333.52,,
LF-10900,SKU-0611,LOC-18,FOOD_AMBIENT,OK,48,6.92,400,N,,,332.16,,
LF-11929,SKU-0446,LOC-25,FOOD_AMBIENT,OK,14,1.96,276,N,,,27.44,,
LF-11875,SKU-0096,LOC-37,FOOD_AMBIENT,OK,41,4.2,109,N,,,172.2,,
LF-10370,SKU-0348,LOC-01,FOOD_AMBIENT,OK,29,9.76,368,N,,,283.04,,
LF-10409,SKU-0555,LOC-14,FOOD_AMBIENT,OK,16,10.15,288,N,,,162.4,,
LF-10810,SKU-0389,LOC-07,HEALTHCARE,OK,45,31.54,177,N,,,1419.3,,
LF-11701,SKU-1075,LOC-22,HEALTHCARE,OK,44,18.43,283,N,,,810.92,,
LF-11710,SKU-0106,LOC-13,FOOD_AMBIENT,OK,20,11.4,187,N,,,228.0,,
LF-10701,SKU-0282,LOC-35,HEALTHCARE,OK,51,35.84,141,N,,,1827.84,,
LF-11763,SKU-0457,LOC-12,HEALTHCARE,OK,34,39.46,295,N,,,1341.64,,
LF-10243,SKU-0381,LOC-29,FOOD_AMBIENT,OK,87,6.33,124,N,,,550.71,,
LF-11939,SKU-0570,LOC-25,FOOD_CHILLED,OK,40,11.18,65,N,,,447.2,,
LF-11070,SKU-0532,LOC-36,FOOD_AMBIENT,OK,34,8.57,235,N,,,291.38,,
LF-10094,SKU-0401,LOC-21,HEALTHCARE,OK,13,11.98,385,N,,,155.74,,
LF-10448,SKU-0184,LOC-25,FOOD_AMBIENT,OK,50,5.03,153,N,,,251.5,,
LF-10130,SKU-0139,LOC-35,FOOD_AMBIENT,OK,173,3.57,186,N,,,617.61,,
LF-10471,SKU-0551,LOC-06,FOOD_AMBIENT,OK,62,5.57,108,N,,,345.34,,
LF-10398,SKU-0872,LOC-12,HEALTHCARE,OK,11,18.8,290,N,,,206.8,,
LF-11805,SKU-0293,LOC-36,FOOD_AMBIENT,OK,30,9.01,133,N,,,270.3,,
LF-11590,SKU-0072,LOC-16,FOOD_AMBIENT,OK,15,5.33,220,N,,,79.95,,
LF-11361,SKU-0266,LOC-15,FOOD_AMBIENT,OK,51,6.24,125,N,,,318.24,,
LF-10954,SKU-0968,LOC-30,FOOD_AMBIENT,OK,43,2.36,325,N,,,101.48,,
LF-10435,SKU-0517,LOC-29,HEALTHCARE,OK,20,31.82,303,N,,,636.4,,
LF-10184,SKU-0525,LOC-07,HEALTHCARE,OK,97,19.87,201,N,,,1927.39,,
LF-10004,SKU-0280,LOC-12,FOOD_AMBIENT,OK,37,1.45,311,N,,,53.65,,
LF-10432,SKU-0375,LOC-34,FOOD_AMBIENT,OK,18,2.86,246,N,,,51.48,,
LF-11755,SKU-1024,LOC-06,FOOD_AMBIENT,OK,59,8.47,162,N,,,499.73,,
LF-11799,SKU-0112,LOC-22,FOOD_AMBIENT,OK,25,10.9,245,N,,,272.5,,
LF-10308,SKU-0052,LOC-11,FOOD_AMBIENT,OK,32,5.66,122,N,,,181.12,,
LF-10265,SKU-0128,LOC-14,FOOD_AMBIENT,OK,94,6.52,83,N,,,612.88,,
LF-11529,SKU-0530,LOC-07,HEALTHCARE,OK,54,39.8,384,N,,,2149.2,,
LF-10684,SKU-0527,LOC-09,FOOD_AMBIENT,OK,52,0.72,193,N,,,37.44,,
LF-10995,SKU-0407,LOC-35,FOOD_AMBIENT,OK,54,8.56,398,N,,,462.24,,
LF-10831,SKU-0230,LOC-14,FOOD_CHILLED,OK,27,5.93,64,N,,,160.11,,
LF-11802,SKU-0765,LOC-08,FOOD_AMBIENT,OK,13,6.75,163,N,,,87.75,,
LF-10209,SKU-0116,LOC-38,HEALTHCARE,OK,87,29.32,105,N,,,2550.84,,
LF-10822,SKU-0336,LOC-30,FOOD_AMBIENT,OK,9,6.13,230,N,,,55.17,,
LF-11139,SKU-0266,LOC-37,FOOD_AMBIENT,OK,23,6.24,207,N,,,143.52,,
LF-11479,SKU-0459,LOC-05,FOOD_AMBIENT,OK,40,11.71,356,N,,,468.4,,
LF-11104,SKU-0554,LOC-10,FOOD_AMBIENT,OK,12,5.48,168,N,,,65.76,,
LF-10914,SKU-0718,LOC-38,HEALTHCARE,OK,169,15.03,214,N,,,2540.07,,
LF-10190,SKU-0726,LOC-38,FOOD_AMBIENT,OK,66,1.23,225,N,,,81.18,,
LF-11095,SKU-0648,LOC-28,FOOD_AMBIENT,OK,179,2.65,115,N,,,474.35,,
LF-10090,SKU-0782,LOC-22,FOOD_AMBIENT,OK,5,9.31,139,N,,,46.55,,
LF-10755,SKU-1090,LOC-25,FOOD_AMBIENT,OK,68,9.28,287,N,,,631.04,,
LF-10798,SKU-0998,LOC-19,HEALTHCARE,OK,29,24.97,121,N,,,724.13,,
LF-11412,SKU-0535,LOC-38,HEALTHCARE,OK,67,7.22,342,N,,,483.74,,
LF-10534,SKU-0615,LOC-22,FOOD_AMBIENT,OK,22,9.55,355,N,,,210.1,,
LF-10783,SKU-0490,LOC-30,FOOD_AMBIENT,OK,42,0.88,149,N,,,36.96,,
LF-11464,SKU-0244,LOC-32,HEALTHCARE,OK,57,11.9,175,N,,,678.3,,
LF-11540,SKU-0957,LOC-12,FOOD_AMBIENT,OK,8,7.52,298,N,,,60.16,,
LF-11814,SKU-1063,LOC-24,HEALTHCARE,OK,41,21.93,174,N,,,899.13,,
LF-10163,SKU-0367,LOC-10,HEALTHCARE,OK,10,28.68,196,N,,,286.8,,
LF-11110,SKU-0892,LOC-32,FOOD_CHILLED,OK,36,5.69,69,N,,,204.84,,
LF-10599,SKU-0019,LOC-17,FOOD_CHILLED,OK,47,9.87,75,N,,,463.89,,
LF-10465,SKU-0547,LOC-32,FOOD_CHILLED,OK,11,12.3,99,N,,,135.3,,
LF-10076,SKU-0039,LOC-38,FOOD_CHILLED,OK,50,14.95,76,N,,,747.5,,
LF-10747,SKU-0666,LOC-29,FOOD_AMBIENT,OK,27,3.46,138,N,,,93.42,,
LF-11662,SKU-0359,LOC-28,FOOD_AMBIENT,OK,107,9.57,300,N,,,1023.99,,
LF-10903,SKU-0399,LOC-31,FOOD_CHILLED,OK,41,13.19,98,N,,,540.79,,
LF-11719,SKU-0493,LOC-38,HEALTHCARE,OK,36,24.71,179,N,,,889.56,,
LF-11453,SKU-0506,LOC-08,HEALTHCARE,OK,45,29.2,282,N,,,1314.0,,
LF-11757,SKU-0305,LOC-13,FOOD_AMBIENT,OK,39,6.01,317,N,,,234.39,,
LF-10503,SKU-0540,LOC-26,FOOD_AMBIENT,OK,37,8.82,131,N,,,326.34,,
LF-10860,SKU-0655,LOC-06,FOOD_CHILLED,OK,40,12.71,73,N,,,508.4,,
LF-10877,SKU-0380,LOC-18,FOOD_AMBIENT,OK,30,7.25,63,N,,,217.5,,
LF-10419,SKU-0589,LOC-01,FOOD_CHILLED,OK,20,14.54,71,N,,,290.8,,
LF-10880,SKU-0270,LOC-07,FOOD_AMBIENT,OK,9,2.08,313,N,,,18.72,,
LF-10824,SKU-0780,LOC-17,FOOD_CHILLED,OK,33,8.68,66,N,,,286.44,,
LF-11005,SKU-0189,LOC-36,FOOD_CHILLED,OK,75,8.35,71,N,,,626.25,,
LF-10901,SKU-1039,LOC-02,FOOD_AMBIENT,OK,24,9.7,354,N,,,232.8,,
LF-10256,SKU-0308,LOC-07,FOOD_CHILLED,OK,31,10.7,67,N,,,331.7,,
LF-11732,SKU-0102,LOC-13,FOOD_AMBIENT,OK,68,11.04,307,N,,,750.72,,
LF-10579,SKU-0385,LOC-33,FOOD_AMBIENT,OK,78,3.31,185,N,,,258.18,,
LF-10407,SKU-0693,LOC-25,FOOD_AMBIENT,STALE_COUNT,39,6.66,106,N,,,259.74,,
LF-11867,SKU-1039,LOC-21,FOOD_AMBIENT,OK,71,9.7,243,N,,,688.7,,
LF-11909,SKU-0096,LOC-11,FOOD_AMBIENT,OK,17,4.2,307,N,,,71.4,,
LF-10535,SKU-0871,LOC-36,FOOD_AMBIENT,OK,82,6.06,160,N,,,496.92,,
LF-11439,SKU-0918,LOC-38,HEALTHCARE,OK,21,9.52,193,N,,,199.92,,
LF-11806,SKU-0656,LOC-36,HEALTHCARE,OK,68,26.06,367,N,,,1772.08,,
LF-10778,SKU-0069,LOC-31,FOOD_AMBIENT,OK,37,7.5,157,N,,,277.5,,
LF-10254,SKU-0420,LOC-36,FOOD_AMBIENT,OK,62,8.39,292,N,,,520.18,,
LF-11800,SKU-0768,LOC-32,FOOD_CHILLED,OK,30,10.11,122,N,,,303.3,,
LF-10894,SKU-0550,LOC-06,HEALTHCARE,OK,15,25.62,361,N,,,384.3,,
LF-10627,SKU-0518,LOC-20,FOOD_AMBIENT,OK,41,7.8,231,N,,,319.8,,
LF-10842,SKU-0066,LOC-18,FOOD_AMBIENT,OK,187,2.95,333,N,,,551.65,,
LF-10420,SKU-1000,LOC-17,FOOD_AMBIENT,OK,93,7.52,266,N,,,699.36,,
LF-10876,SKU-1068,LOC-03,FOOD_AMBIENT,OK,19,2.15,119,N,,,40.85,,
LF-11327,SKU-0901,LOC-14,FOOD_CHILLED,OK,38,9.78,63,N,,,371.64,,
LF-11057,SKU-0647,LOC-10,HEALTHCARE,OK,21,9.13,346,N,,,191.73,,
LF-11376,SKU-1039,LOC-26,FOOD_AMBIENT,OK,14,9.7,62,N,,,135.8,,
LF-10692,SKU-0389,LOC-21,HEALTHCARE,OK,23,31.54,240,N,,,725.42,,
LF-11642,SKU-0546,LOC-31,FOOD_AMBIENT,OK,46,5.11,88,N,,,235.06,,
LF-11114,SKU-0700,LOC-28,FOOD_AMBIENT,OK,21,4.77,260,N,,,100.17,,
LF-10084,SKU-0507,LOC-06,FOOD_CHILLED,OK,35,4.5,86,N,,,157.5,,
LF-11082,SKU-0004,LOC-24,FOOD_CHILLED,OK,24,14.99,92,N,,,359.76,,
LF-11208,SKU-0753,LOC-18,HEALTHCARE,OK,92,22.28,300,N,,,2049.76,,
LF-10480,SKU-1041,LOC-28,FOOD_AMBIENT,OK,13,2.39,136,N,,,31.07,,
LF-10123,SKU-0975,LOC-09,HEALTHCARE,OK,53,27.59,375,N,,,1462.27,,
LF-11030,SKU-0832,LOC-17,FOOD_AMBIENT,OK,14,4.15,266,N,,,58.1,,
LF-11231,SKU-0453,LOC-21,FOOD_AMBIENT,OK,28,4.54,385,N,,,127.12,,
LF-10460,SKU-0421,LOC-11,FOOD_AMBIENT,OK,13,11.97,171,N,,,155.61,,
LF-10556,SKU-0954,LOC-07,FOOD_AMBIENT,OK,21,4.87,241,N,,,102.27,,
LF-70004,SKU-1094,LOC-06,FOOD_AMBIENT,MISSING_EXPIRY,400,3.0,,,,,1200.0,,
LF-10775,SKU-0291,LOC-03,FOOD_AMBIENT,OK,74,5.47,63,N,,,404.78,,
LF-11861,SKU-0438,LOC-01,FOOD_CHILLED,OK,28,8.82,70,N,,,246.96,,
LF-11224,SKU-0865,LOC-37,FOOD_AMBIENT,OK,51,8.23,240,N,,,419.73,,
LF-10216,SKU-0091,LOC-35,FOOD_AMBIENT,OK,67,10.44,95,N,,,699.48,,
LF-10325,SKU-1001,LOC-32,FOOD_CHILLED,OK,29,14.33,70,N,,,415.57,,
LF-10318,SKU-1063,LOC-37,HEALTHCARE,OK,78,21.93,336,N,,,1710.54,,
LF-10689,SKU-0361,LOC-28,FOOD_AMBIENT,OK,37,11.95,211,N,,,442.15,,
LF-11047,SKU-0386,LOC-07,FOOD_AMBIENT,OK,40,4.06,71,N,,,162.4,,
LF-10962,SKU-0516,LOC-31,FOOD_AMBIENT,OK,13,11.85,374,N,,,154.05,,
LF-11889,SKU-0566,LOC-13,HEALTHCARE,OK,54,11.2,94,N,,,604.8,,
LF-10023,SKU-0021,LOC-08,FOOD_AMBIENT,OK,47,10.86,293,N,,,510.42,,
LF-11633,SKU-0903,LOC-18,HEALTHCARE,OK,35,17.5,202,N,,,612.5,,
LF-10616,SKU-0638,LOC-06,FOOD_AMBIENT,OK,45,9.21,63,N,,,414.45,,
LF-10685,SKU-0239,LOC-34,FOOD_CHILLED,OK,15,3.3,72,N,,,49.5,,
LF-11036,SKU-0362,LOC-37,FOOD_AMBIENT,OK,18,1.57,356,N,,,28.26,,
LF-10928,SKU-0792,LOC-31,FOOD_AMBIENT,OK,8,10.73,238,N,,,85.84,,
LF-10732,SKU-1016,LOC-17,FOOD_CHILLED,OK,40,4.47,61,N,,,178.8,,
LF-10473,SKU-0571,LOC-38,FOOD_AMBIENT,OK,121,9.38,92,N,,,1134.98,,
LF-11306,SKU-0505,LOC-26,FOOD_AMBIENT,OK,22,3.48,374,N,,,76.56,,
LF-10696,SKU-0886,LOC-15,FOOD_CHILLED,OK,20,9.68,86,N,,,193.6,,
LF-11377,SKU-0608,LOC-17,FOOD_AMBIENT,OK,85,10.11,371,N,,,859.35,,
LF-11276,SKU-0161,LOC-08,FOOD_CHILLED,OK,18,7.34,61,N,,,132.12,,
LF-11445,SKU-0689,LOC-29,FOOD_AMBIENT,OK,61,8.48,147,N,,,517.28,,
LF-10091,SKU-0108,LOC-32,FOOD_AMBIENT,OK,32,8.11,89,N,,,259.52,,
LF-10742,SKU-0657,LOC-03,FOOD_CHILLED,OK,12,13.95,64,N,,,167.4,,
LF-10133,SKU-0717,LOC-13,FOOD_CHILLED,OK,11,9.29,69,N,,,102.19,,
LF-11808,SKU-0449,LOC-19,FOOD_AMBIENT,OK,39,3.24,206,N,,,126.36,,
LF-10926,SKU-0223,LOC-32,FOOD_AMBIENT,OK,46,4.03,238,N,,,185.38,,
LF-11345,SKU-0374,LOC-37,HEALTHCARE,OK,45,25.24,69,N,,,1135.8,,
LF-10036,SKU-0725,LOC-18,HEALTHCARE,OK,13,37.8,377,N,,,491.4,,
LF-11568,SKU-0050,LOC-34,HEALTHCARE,OK,22,3.55,365,N,,,78.1,,
LF-10709,SKU-0564,LOC-25,FOOD_AMBIENT,OK,52,10.21,69,N,,,530.92,,
LF-11487,SKU-0924,LOC-10,FOOD_CHILLED,OK,57,6.96,110,N,,,396.72,,
LF-11341,SKU-1019,LOC-21,HEALTHCARE,OK,13,3.54,200,N,,,46.02,,
LF-10516,SKU-0801,LOC-25,FOOD_CHILLED,OK,9,2.72,99,N,,,24.48,,
LF-11606,SKU-0551,LOC-16,FOOD_AMBIENT,STALE_COUNT,11,5.57,311,N,,,61.27,,
LF-10667,SKU-0495,LOC-38,FOOD_AMBIENT,OK,41,10.36,179,N,,,424.76,,
LF-10245,SKU-0706,LOC-12,FOOD_AMBIENT,OK,14,2.65,110,N,,,37.1,,
LF-11365,SKU-0042,LOC-03,FOOD_AMBIENT,OK,91,7.58,84,N,,,689.78,,
LF-10658,SKU-0446,LOC-16,FOOD_AMBIENT,OK,21,1.96,66,N,,,41.16,,
LF-11891,SKU-0271,LOC-28,FOOD_AMBIENT,OK,26,6.32,152,N,,,164.32,,
LF-11032,SKU-0970,LOC-25,HEALTHCARE,OK,8,19.3,211,N,,,154.4,,
LF-10686,SKU-0926,LOC-28,FOOD_AMBIENT,OK,39,10.46,66,N,,,407.94,,
LF-11400,SKU-0306,LOC-33,FOOD_AMBIENT,OK,19,11.63,62,N,,,220.97,,
LF-11666,SKU-0291,LOC-37,FOOD_AMBIENT,OK,26,5.47,102,N,,,142.22,,
LF-10384,SKU-0367,LOC-29,HEALTHCARE,OK,91,28.68,84,N,,,2609.88,,
LF-11054,SKU-0106,LOC-28,FOOD_AMBIENT,OK,17,11.4,391,N,,,193.8,,
LF-10620,SKU-0456,LOC-14,FOOD_AMBIENT,OK,24,8.92,213,N,,,214.08,,
LF-11314,SKU-0987,LOC-29,HEALTHCARE,OK,26,8.51,76,N,,,221.26,,
LF-10195,SKU-0425,LOC-25,FOOD_AMBIENT,OK,63,3.72,305,N,,,234.36,,
LF-70008,SKU-1098,LOC-36,FOOD_AMBIENT,OK,1000,5.0,90,N,,,5000.0,,
LF-10193,SKU-0496,LOC-36,FOOD_AMBIENT,OK,48,0.73,156,N,,,35.04,,
LF-11052,SKU-0842,LOC-31,FOOD_AMBIENT,OK,8,5.42,207,N,,,43.36,,
LF-10911,SKU-0375,LOC-04,FOOD_AMBIENT,OK,74,2.86,377,N,,,211.64,,
LF-10241,SKU-0805,LOC-14,FOOD_AMBIENT,OK,120,6.95,270,N,,,834.0,,
LF-10429,SKU-0782,LOC-37,FOOD_AMBIENT,OK,44,9.31,284,N,,,409.64,,
LF-11354,SKU-0337,LOC-02,FOOD_AMBIENT,OK,26,10.45,227,N,,,271.7,,
LF-11493,SKU-1083,LOC-01,FOOD_CHILLED,OK,5,8.84,65,N,,,44.2,,
LF-10082,SKU-0222,LOC-29,FOOD_AMBIENT,OK,16,3.51,126,N,,,56.16,,
LF-10025,SKU-0798,LOC-09,FOOD_AMBIENT,OK,92,7.79,185,N,,,716.68,,
LF-11323,SKU-0826,LOC-34,HEALTHCARE,OK,46,27.31,99,N,,,1256.26,,
LF-10058,SKU-0576,LOC-10,FOOD_AMBIENT,OK,23,11.76,201,N,,,270.48,,
LF-10634,SKU-0998,LOC-07,HEALTHCARE,OK,61,24.97,130,N,,,1523.17,,
LF-11469,SKU-0084,LOC-28,FOOD_AMBIENT,OK,20,5.52,203,N,,,110.4,,
LF-10977,SKU-0995,LOC-27,FOOD_AMBIENT,OK,40,2.43,237,N,,,97.2,,
LF-11618,SKU-0755,LOC-14,FOOD_AMBIENT,OK,13,3.41,208,N,,,44.33,,
LF-10188,SKU-0985,LOC-04,FOOD_AMBIENT,OK,36,0.93,192,N,,,33.48,,
LF-10177,SKU-0829,LOC-36,FOOD_AMBIENT,OK,13,10.42,365,N,,,135.46,,
LF-11759,SKU-0652,LOC-07,FOOD_AMBIENT,OK,49,10.74,179,N,,,526.26,,
LF-11268,SKU-0050,LOC-38,HEALTHCARE,OK,30,3.55,132,N,,,106.5,,
LF-11667,SKU-0635,LOC-28,FOOD_CHILLED,OK,14,11.97,127,N,,,167.58,,
LF-10047,SKU-0467,LOC-15,FOOD_AMBIENT,OK,27,10.13,319,N,,,273.51,,
LF-10886,SKU-1011,LOC-25,FOOD_CHILLED,OK,37,2.49,67,N,,,92.13,,
LF-10688,SKU-0841,LOC-02,FOOD_CHILLED,OK,68,13.21,93,N,,,898.28,,
LF-11546,SKU-0177,LOC-14,FOOD_AMBIENT,OK,27,10.61,372,N,,,286.47,,
LF-11717,SKU-0689,LOC-14,FOOD_AMBIENT,OK,46,8.48,386,N,,,390.08,,
LF-11702,SKU-0762,LOC-25,HEALTHCARE,OK,7,31.0,136,N,,,217.0,,
LF-11735,SKU-1054,LOC-29,FOOD_AMBIENT,OK,53,6.64,74,N,,,351.92,,
LF-10070,SKU-1062,LOC-07,FOOD_AMBIENT,OK,14,11.72,267,N,,,164.08,,
LF-11446,SKU-0622,LOC-18,FOOD_AMBIENT,OK,10,2.59,121,N,,,25.9,,
LF-11161,SKU-0789,LOC-06,HEALTHCARE,OK,29,14.11,291,N,,,409.19,,
LF-11362,SKU-0598,LOC-20,HEALTHCARE,OK,21,5.52,212,N,,,115.92,,
LF-10657,SKU-0882,LOC-36,HEALTHCARE,OK,15,36.15,371,N,,,542.25,,
LF-11210,SKU-0981,LOC-32,HEALTHCARE,OK,14,10.07,62,N,,,140.98,,
LF-11089,SKU-0314,LOC-28,FOOD_AMBIENT,OK,10,1.76,203,N,,,17.6,,
LF-10884,SKU-0183,LOC-31,FOOD_CHILLED,OK,13,8.92,121,N,,,115.96,,
LF-11417,SKU-0162,LOC-01,FOOD_AMBIENT,OK,34,2.39,376,N,,,81.26,,
LF-10376,SKU-0812,LOC-36,FOOD_AMBIENT,OK,23,4.45,76,N,,,102.35,,
LF-10422,SKU-0539,LOC-36,HEALTHCARE,OK,40,33.9,188,N,,,1356.0,,
LF-11131,SKU-0660,LOC-11,FOOD_AMBIENT,OK,46,10.59,101,N,,,487.14,,
LF-11199,SKU-0369,LOC-09,FOOD_AMBIENT,OK,8,7.88,301,N,,,63.04,,
LF-10172,SKU-0087,LOC-01,FOOD_CHILLED,OK,25,6.22,108,N,,,155.5,,
LF-10838,SKU-0207,LOC-37,HEALTHCARE,OK,21,11.85,276,N,,,248.85,,
LF-10989,SKU-0112,LOC-21,FOOD_AMBIENT,OK,61,10.9,62,N,,,664.9,,
LF-10351,SKU-0062,LOC-18,HEALTHCARE,OK,41,38.28,319,N,,,1569.48,,
LF-10574,SKU-1050,LOC-29,FOOD_AMBIENT,OK,25,8.69,333,N,,,217.25,,
LF-10333,SKU-0399,LOC-02,FOOD_CHILLED,OK,44,13.19,73,N,,,580.36,,
LF-10844,SKU-0224,LOC-20,FOOD_AMBIENT,STALE_COUNT,15,7.85,265,N,,,117.75,,
LF-10359,SKU-0052,LOC-32,FOOD_AMBIENT,OK,6,5.66,309,N,,,33.96,,
LF-10934,SKU-0881,LOC-01,FOOD_CHILLED,MISSING_EXPIRY,58,12.26,,,,,711.08,,
LF-10261,SKU-1029,LOC-18,HEALTHCARE,OK,17,15.32,125,N,,,260.44,,
LF-11725,SKU-1059,LOC-35,FOOD_AMBIENT,OK,19,5.12,199,N,,,97.28,,
LF-11364,SKU-0689,LOC-06,FOOD_AMBIENT,OK,28,8.48,211,N,,,237.44,,
LF-11691,SKU-0606,LOC-22,FOOD_AMBIENT,OK,34,4.18,150,N,,,142.12,,
LF-11603,SKU-0891,LOC-17,FOOD_AMBIENT,OK,26,2.27,200,N,,,59.02,,
LF-11060,SKU-0702,LOC-31,FOOD_CHILLED,OK,32,3.23,61,N,,,103.36,,
LF-10412,SKU-0114,LOC-01,FOOD_AMBIENT,OK,36,11.61,288,N,,,417.96,,
LF-10671,SKU-0350,LOC-35,FOOD_AMBIENT,OK,43,2.06,110,N,,,88.58,,
LF-10519,SKU-0943,LOC-22,FOOD_AMBIENT,OK,13,8.86,179,N,,,115.18,,
LF-10231,SKU-1080,LOC-19,FOOD_AMBIENT,OK,23,10.6,207,N,,,243.8,,
LF-11407,SKU-0406,LOC-07,HEALTHCARE,OK,56,29.33,361,N,,,1642.48,,
LF-10889,SKU-0073,LOC-34,FOOD_AMBIENT,OK,26,10.66,204,N,,,277.16,,
LF-11254,SKU-0359,LOC-08,FOOD_AMBIENT,OK,19,9.57,228,N,,,181.83,,
LF-11369,SKU-1018,LOC-06,FOOD_AMBIENT,OK,24,6.13,380,N,,,147.12,,
LF-10969,SKU-1046,LOC-08,FOOD_CHILLED,OK,30,5.91,139,N,,,177.3,,
LF-11346,SKU-0704,LOC-16,FOOD_AMBIENT,OK,22,11.73,105,N,,,258.06,,
LF-10563,SKU-0300,LOC-23,FOOD_AMBIENT,OK,24,5.5,170,N,,,132.0,,
LF-10827,SKU-0245,LOC-05,FOOD_AMBIENT,OK,36,3.31,96,N,,,119.16,,
LF-10307,SKU-0836,LOC-14,FOOD_AMBIENT,OK,11,7.36,225,N,,,80.96,,
LF-11042,SKU-0948,LOC-27,FOOD_CHILLED,OK,62,12.41,85,N,,,769.42,,
LF-10185,SKU-0482,LOC-38,FOOD_AMBIENT,OK,32,1.07,233,N,,,34.24,,
LF-11294,SKU-0560,LOC-32,FOOD_CHILLED,OK,11,7.54,79,N,,,82.94,,
LF-10257,SKU-0712,LOC-36,FOOD_CHILLED,OK,28,8.48,108,N,,,237.44,,
LF-11219,SKU-0709,LOC-16,FOOD_CHILLED,OK,35,10.76,61,N,,,376.6,,
LF-11856,SKU-0121,LOC-38,HEALTHCARE,OK,141,15.41,176,N,,,2172.81,,
LF-11062,SKU-0752,LOC-08,FOOD_CHILLED,OK,18,11.46,62,N,,,206.28,,
LF-11545,SKU-0363,LOC-08,FOOD_CHILLED,OK,46,3.73,76,N,,,171.58,,
LF-10150,SKU-0504,LOC-28,FOOD_AMBIENT,OK,21,8.1,242,N,,,170.1,,
LF-11593,SKU-0487,LOC-18,FOOD_AMBIENT,OK,11,10.47,162,N,,,115.17,,
LF-10399,SKU-0438,LOC-18,FOOD_CHILLED,OK,25,8.82,81,N,,,220.5,,
LF-11175,SKU-0327,LOC-15,FOOD_AMBIENT,OK,14,7.31,227,N,,,102.34,,
LF-10745,SKU-0921,LOC-31,FOOD_AMBIENT,OK,17,6.61,111,N,,,112.37,,
LF-10527,SKU-0807,LOC-32,HEALTHCARE,OK,101,16.51,260,N,,,1667.51,,
LF-11087,SKU-0065,LOC-36,FOOD_AMBIENT,OK,14,11.64,205,N,,,162.96,,
LF-11736,SKU-0788,LOC-20,FOOD_AMBIENT,OK,21,7.35,85,N,,,154.35,,
LF-11902,SKU-1085,LOC-02,FOOD_AMBIENT,OK,5,0.65,130,N,,,3.25,,
LF-10156,SKU-0309,LOC-17,FOOD_AMBIENT,OK,31,5.54,77,N,,,171.74,,
LF-11133,SKU-0811,LOC-19,HEALTHCARE,OK,35,30.36,374,N,,,1062.6,,
LF-11466,SKU-0307,LOC-14,FOOD_AMBIENT,OK,16,1.81,200,N,,,28.96,,
LF-10847,SKU-0555,LOC-29,FOOD_AMBIENT,OK,24,10.15,71,N,,,243.6,,
LF-10327,SKU-0716,LOC-05,FOOD_AMBIENT,OK,19,5.24,72,N,,,99.56,,
LF-10980,SKU-0574,LOC-17,FOOD_CHILLED,OK,42,10.84,67,N,,,455.28,,
LF-10008,SKU-0371,LOC-15,FOOD_AMBIENT,OK,49,7.58,258,N,,,371.42,,
LF-10372,SKU-0787,LOC-23,FOOD_AMBIENT,OK,21,11.56,165,N,,,242.76,,
LF-11827,SKU-0390,LOC-19,FOOD_AMBIENT,OK,48,1.23,400,N,,,59.04,,
LF-11539,SKU-0904,LOC-13,FOOD_AMBIENT,OK,29,4.09,233,N,,,118.61,,
LF-10851,SKU-0542,LOC-30,FOOD_AMBIENT,OK,30,10.55,91,N,,,316.5,,
LF-11751,SKU-0082,LOC-18,FOOD_AMBIENT,OK,24,8.66,131,N,,,207.84,,
LF-11673,SKU-0216,LOC-18,HEALTHCARE,OK,20,20.32,313,N,,,406.4,,
LF-10483,SKU-0404,LOC-16,FOOD_AMBIENT,OK,26,0.52,279,N,,,13.52,,
LF-10597,SKU-0256,LOC-27,FOOD_CHILLED,OK,46,2.75,63,N,,,126.5,,
LF-10169,SKU-0080,LOC-37,FOOD_AMBIENT,OK,45,6.93,104,N,,,311.85,,
LF-10865,SKU-0154,LOC-34,FOOD_AMBIENT,OK,51,8.69,173,N,,,443.19,,
LF-10600,SKU-0978,LOC-34,HEALTHCARE,OK,47,15.34,321,N,,,720.98,,
LF-11134,SKU-0538,LOC-08,HEALTHCARE,OK,45,15.23,191,N,,,685.35,,
LF-10279,SKU-0659,LOC-38,FOOD_AMBIENT,OK,10,10.0,399,N,,,100.0,,
LF-11576,SKU-1096,LOC-12,FOOD_CHILLED,OK,200,6.0,90,N,,,1200.0,,
LF-10964,SKU-0301,LOC-16,FOOD_CHILLED,OK,80,4.9,61,N,,,392.0,,
LF-10722,SKU-0545,LOC-10,FOOD_CHILLED,OK,54,5.12,100,N,,,276.48,,
LF-10526,SKU-0632,LOC-07,FOOD_AMBIENT,OK,15,8.87,187,N,,,133.05,,
LF-11644,SKU-0365,LOC-18,FOOD_CHILLED,OK,23,2.55,67,N,,,58.65,,
LF-10431,SKU-0311,LOC-28,FOOD_AMBIENT,OK,57,8.07,185,N,,,459.99,,
LF-11398,SKU-0955,LOC-01,FOOD_AMBIENT,OK,42,0.64,66,N,,,26.88,,
LF-10797,SKU-0701,LOC-06,FOOD_AMBIENT,OK,20,6.14,198,N,,,122.8,,
LF-10433,SKU-0018,LOC-09,HEALTHCARE,OK,46,23.94,364,N,,,1101.24,,
LF-10450,SKU-0572,LOC-13,FOOD_AMBIENT,OK,29,11.58,107,N,,,335.82,,
LF-11637,SKU-0564,LOC-37,FOOD_AMBIENT,MISSING_EXPIRY,13,10.21,,,,,132.73,,
LF-11921,SKU-0735,LOC-01,FOOD_AMBIENT,OK,46,3.99,147,N,,,183.54,,
LF-10998,SKU-0466,LOC-37,HEALTHCARE,OK,8,9.9,311,N,,,79.2,,
LF-10421,SKU-0552,LOC-18,FOOD_CHILLED,OK,31,13.22,106,N,,,409.82,,
LF-10335,SKU-0480,LOC-02,FOOD_AMBIENT,OK,60,7.08,375,N,,,424.8,,
LF-11261,SKU-0783,LOC-18,FOOD_AMBIENT,OK,20,2.42,234,N,,,48.4,,
LF-11278,SKU-0335,LOC-15,FOOD_AMBIENT,OK,25,2.64,163,N,,,66.0,,
LF-10891,SKU-1022,LOC-10,HEALTHCARE,OK,18,4.24,99,N,,,76.32,,
LF-10074,SKU-0389,LOC-20,HEALTHCARE,OK,58,31.54,379,N,,,1829.32,,
LF-10187,SKU-0587,LOC-08,FOOD_AMBIENT,OK,36,9.04,274,N,,,325.44,,
LF-11373,SKU-0495,LOC-15,FOOD_AMBIENT,OK,50,10.36,284,N,,,518.0,,
LF-11688,SKU-0952,LOC-09,FOOD_AMBIENT,OK,21,1.12,147,N,,,23.52,,
LF-11663,SKU-0228,LOC-09,FOOD_AMBIENT,OK,27,6.57,221,N,,,177.39,,
LF-10280,SKU-0162,LOC-27,FOOD_AMBIENT,OK,26,2.39,73,N,,,62.14,,
LF-11779,SKU-0240,LOC-03,FOOD_CHILLED,OK,45,8.64,75,N,,,388.8,,
LF-10972,SKU-0603,LOC-34,HEALTHCARE,OK,67,35.77,72,N,,,2396.59,,
LF-11205,SKU-0113,LOC-08,FOOD_AMBIENT,OK,19,5.81,204,N,,,110.39,,
LF-10485,SKU-0002,LOC-24,HEALTHCARE,OK,12,13.22,70,N,,,158.64,,
LF-11873,SKU-0614,LOC-18,FOOD_AMBIENT,OK,18,8.56,103,N,,,154.08,,
LF-11189,SKU-0977,LOC-37,FOOD_AMBIENT,OK,25,0.54,287,N,,,13.5,,
LF-11379,SKU-0175,LOC-27,FOOD_CHILLED,OK,14,7.14,64,N,,,99.96,,
LF-11521,SKU-0600,LOC-01,FOOD_AMBIENT,OK,54,4.65,388,N,,,251.1,,
LF-10799,SKU-0200,LOC-20,HEALTHCARE,OK,27,23.65,236,N,,,638.55,,
LF-11010,SKU-0612,LOC-06,HEALTHCARE,OK,13,17.36,198,N,,,225.68,,
LF-10673,SKU-0762,LOC-36,HEALTHCARE,OK,5,31.0,237,N,,,155.0,,
LF-11557,SKU-0763,LOC-08,FOOD_CHILLED,OK,5,6.34,72,N,,,31.7,,
LF-10677,SKU-0417,LOC-32,HEALTHCARE,OK,15,4.15,312,N,,,62.25,,
LF-10836,SKU-0177,LOC-15,FOOD_AMBIENT,OK,43,10.61,395,N,,,456.23,,
LF-10232,SKU-0680,LOC-17,FOOD_AMBIENT,STALE_COUNT,60,5.55,232,N,,,333.0,,
LF-10102,SKU-0156,LOC-36,FOOD_CHILLED,OK,60,8.98,84,N,,,538.8,,
LF-10233,SKU-0990,LOC-10,HEALTHCARE,OK,15,33.37,352,N,,,500.55,,
LF-10227,SKU-0790,LOC-14,FOOD_AMBIENT,OK,90,11.07,290,N,,,996.3,,
LF-11685,SKU-0969,LOC-29,HEALTHCARE,OK,68,15.31,181,N,,,1041.08,,
LF-11298,SKU-0373,LOC-30,FOOD_AMBIENT,OK,46,9.6,177,N,,,441.6,,
LF-11796,SKU-0470,LOC-02,FOOD_AMBIENT,OK,27,11.6,310,N,,,313.2,,
LF-11317,SKU-1034,LOC-01,FOOD_AMBIENT,OK,24,7.96,94,N,,,191.04,,
LF-10200,SKU-0721,LOC-01,FOOD_CHILLED,OK,12,12.96,62,N,,,155.52,,
LF-11686,SKU-0458,LOC-12,HEALTHCARE,OK,11,25.47,357,N,,,280.17,,
LF-10052,SKU-0589,LOC-08,FOOD_CHILLED,OK,56,14.54,74,N,,,814.24,,
LF-11915,SKU-0875,LOC-30,FOOD_AMBIENT,OK,5,1.86,120,N,,,9.3,,
LF-10770,SKU-0933,LOC-01,FOOD_AMBIENT,OK,16,6.36,210,N,,,101.76,,
LF-10866,SKU-0284,LOC-32,FOOD_CHILLED,OK,21,1.71,68,N,,,35.91,,
LF-11513,SKU-1077,LOC-14,FOOD_CHILLED,OK,15,11.57,111,N,,,173.55,,
LF-11901,SKU-0447,LOC-32,HEALTHCARE,OK,77,4.2,221,N,,,323.4,,
LF-11245,SKU-0908,LOC-04,FOOD_AMBIENT,OK,12,8.55,92,N,,,102.6,,
LF-11912,SKU-0757,LOC-28,FOOD_CHILLED,OK,48,12.22,62,N,,,586.56,,
LF-11344,SKU-0131,LOC-14,FOOD_CHILLED,OK,34,2.41,88,N,,,81.94,,
LF-11512,SKU-0242,LOC-24,HEALTHCARE,OK,52,12.16,235,N,,,632.32,,
LF-11830,SKU-0976,LOC-37,FOOD_AMBIENT,OK,63,6.43,148,N,,,405.09,,
LF-10885,SKU-0649,LOC-24,FOOD_AMBIENT,OK,41,5.27,268,N,,,216.07,,
LF-10725,SKU-0056,LOC-35,FOOD_AMBIENT,OK,21,10.84,97,N,,,227.64,,
LF-11370,SKU-0735,LOC-12,FOOD_AMBIENT,OK,39,3.99,329,N,,,155.61,,
LF-11809,SKU-0236,LOC-27,FOOD_AMBIENT,OK,21,3.8,98,N,,,79.8,,
LF-10853,SKU-0537,LOC-27,FOOD_AMBIENT,OK,77,2.34,130,N,,,180.18,,
LF-11447,SKU-0465,LOC-33,FOOD_AMBIENT,OK,33,7.88,194,N,,,260.04,,
LF-10329,SKU-0959,LOC-25,FOOD_CHILLED,OK,12,4.76,106,N,,,57.12,,
LF-11813,SKU-0674,LOC-35,HEALTHCARE,OK,49,38.12,188,N,,,1867.88,,
LF-11304,SKU-0264,LOC-16,FOOD_AMBIENT,OK,23,1.03,246,N,,,23.69,,
LF-11039,SKU-0643,LOC-09,FOOD_AMBIENT,OK,120,8.59,275,N,,,1030.8,,
LF-11218,SKU-0925,LOC-21,FOOD_AMBIENT,OK,17,0.51,159,N,,,8.67,,
LF-10529,SKU-0499,LOC-34,FOOD_AMBIENT,OK,66,8.29,327,N,,,547.14,,
LF-10575,SKU-0900,LOC-25,FOOD_AMBIENT,OK,53,11.35,265,N,,,601.55,,
LF-11480,SKU-0409,LOC-14,FOOD_AMBIENT,OK,40,5.5,185,N,,,220.0,,
LF-11756,SKU-0838,LOC-34,FOOD_AMBIENT,OK,9,10.3,212,N,,,92.7,,
LF-11728,SKU-0648,LOC-06,FOOD_AMBIENT,OK,20,2.65,72,N,,,53.0,,
LF-11264,SKU-0522,LOC-33,FOOD_AMBIENT,OK,6,9.2,331,N,,,55.2,,
LF-11675,SKU-0125,LOC-08,HEALTHCARE,OK,102,18.53,106,N,,,1890.06,,
LF-10369,SKU-0815,LOC-31,FOOD_CHILLED,OK,25,10.52,68,N,,,263.0,,
LF-11733,SKU-0918,LOC-09,HEALTHCARE,OK,5,9.52,174,N,,,47.6,,
LF-10796,SKU-0073,LOC-04,FOOD_AMBIENT,OK,19,10.66,71,N,,,202.54,,
LF-11064,SKU-0325,LOC-16,FOOD_AMBIENT,OK,51,3.17,303,N,,,161.67,,
LF-11433,SKU-0178,LOC-36,FOOD_CHILLED,OK,14,7.67,66,N,,,107.38,,
LF-11247,SKU-0643,LOC-21,FOOD_AMBIENT,OK,42,8.59,134,N,,,360.78,,
LF-11028,SKU-0271,LOC-21,FOOD_AMBIENT,OK,17,6.32,193,N,,,107.44,,
LF-10859,SKU-0837,LOC-09,FOOD_AMBIENT,OK,28,2.04,318,N,,,57.12,,
LF-10753,SKU-0363,LOC-34,FOOD_CHILLED,OK,29,3.73,72,N,,,108.17,,
LF-10982,SKU-0883,LOC-09,FOOD_AMBIENT,OK,70,3.94,179,N,,,275.8,,
LF-10277,SKU-0672,LOC-26,FOOD_AMBIENT,OK,42,11.87,308,N,,,498.54,,
LF-10212,SKU-0286,LOC-10,FOOD_AMBIENT,OK,53,8.29,261,N,,,439.37,,
LF-10011,SKU-0837,LOC-21,FOOD_AMBIENT,OK,19,2.04,87,N,,,38.76,,
LF-10718,SKU-0828,LOC-17,FOOD_CHILLED,OK,5,5.95,79,N,,,29.75,,
LF-10213,SKU-0996,LOC-32,FOOD_AMBIENT,OK,26,2.03,100,N,,,52.78,,
LF-11126,SKU-0125,LOC-06,HEALTHCARE,OK,39,18.53,366,N,,,722.67,,
LF-11350,SKU-0940,LOC-08,HEALTHCARE,OK,81,14.56,78,N,,,1179.36,,
LF-10051,SKU-0017,LOC-17,FOOD_AMBIENT,OK,27,3.87,215,N,,,104.49,,
LF-11461,SKU-0580,LOC-07,FOOD_AMBIENT,OK,23,11.79,277,N,,,271.17,,
LF-10909,SKU-0016,LOC-37,HEALTHCARE,OK,45,19.42,287,N,,,873.9,,
LF-11127,SKU-0988,LOC-30,FOOD_AMBIENT,OK,13,6.12,258,N,,,79.56,,
LF-11577,SKU-0661,LOC-19,FOOD_AMBIENT,OK,34,8.08,243,N,,,274.72,,
LF-11553,SKU-1031,LOC-09,FOOD_AMBIENT,OK,12,11.37,264,N,,,136.44,,
LF-11801,SKU-0080,LOC-11,FOOD_AMBIENT,OK,24,6.93,299,N,,,166.32,,
LF-10538,SKU-0509,LOC-08,FOOD_CHILLED,OK,17,5.47,63,N,,,92.99,,
LF-10601,SKU-0869,LOC-27,FOOD_AMBIENT,OK,24,8.49,108,N,,,203.76,,
LF-10537,SKU-0765,LOC-33,FOOD_AMBIENT,OK,85,6.75,344,N,,,573.75,,
LF-10931,SKU-0309,LOC-14,FOOD_AMBIENT,OK,201,5.54,251,N,,,1113.54,,
LF-10532,SKU-0675,LOC-19,HEALTHCARE,OK,22,32.63,107,N,,,717.86,,
LF-11223,SKU-0010,LOC-34,HEALTHCARE,OK,30,6.69,283,N,,,200.7,,
LF-11647,SKU-0432,LOC-31,FOOD_CHILLED,OK,38,6.33,73,N,,,240.54,,
LF-11864,SKU-0637,LOC-08,FOOD_CHILLED,OK,44,1.64,74,N,,,72.16,,
LF-11337,SKU-1009,LOC-35,HEALTHCARE,OK,35,36.24,81,N,,,1268.4,,
LF-11150,SKU-1028,LOC-38,FOOD_CHILLED,OK,17,7.77,98,N,,,132.09,,
LF-11631,SKU-0098,LOC-38,FOOD_CHILLED,OK,43,2.03,64,N,,,87.29,,
LF-11441,SKU-0980,LOC-02,HEALTHCARE,OK,11,26.97,218,N,,,296.67,,
LF-11483,SKU-0949,LOC-21,HEALTHCARE,OK,14,32.58,90,N,,,456.12,,
LF-10192,SKU-0144,LOC-17,FOOD_CHILLED,OK,43,8.43,90,N,,,362.49,,
LF-10067,SKU-0133,LOC-27,FOOD_AMBIENT,OK,38,11.78,94,N,,,447.64,,
LF-10404,SKU-0745,LOC-19,HEALTHCARE,OK,26,4.84,164,N,,,125.84,,
LF-10168,SKU-1088,LOC-27,FOOD_AMBIENT,OK,29,5.3,138,N,,,153.7,,
LF-10222,SKU-0054,LOC-25,HEALTHCARE,OK,75,22.29,131,N,,,1671.75,,
LF-10528,SKU-0759,LOC-37,HEALTHCARE,OK,16,8.73,271,N,,,139.68,,
LF-11772,SKU-0443,LOC-15,FOOD_AMBIENT,OK,78,4.37,208,N,,,340.86,,
LF-10135,SKU-0223,LOC-23,FOOD_AMBIENT,OK,46,4.03,82,N,,,185.38,,
LF-11714,SKU-0074,LOC-22,FOOD_AMBIENT,OK,14,3.63,157,N,,,50.82,,
LF-11845,SKU-1056,LOC-29,FOOD_AMBIENT,OK,151,4.31,337,N,,,650.81,,
LF-10165,SKU-0716,LOC-03,FOOD_AMBIENT,OK,53,5.24,78,N,,,277.72,,
LF-11872,SKU-0705,LOC-34,FOOD_AMBIENT,OK,31,8.25,108,N,,,255.75,,
LF-11605,SKU-0798,LOC-06,FOOD_AMBIENT,OK,39,7.79,87,N,,,303.81,,
LF-11659,SKU-0482,LOC-37,FOOD_AMBIENT,OK,22,1.07,350,N,,,23.54,,
LF-10533,SKU-0395,LOC-07,HEALTHCARE,OK,30,37.45,187,N,,,1123.5,,
LF-10808,SKU-1013,LOC-35,HEALTHCARE,OK,28,19.94,64,N,,,558.32,,
LF-11156,SKU-0502,LOC-24,FOOD_CHILLED,OK,69,5.89,120,N,,,406.41,,
LF-10763,SKU-0579,LOC-12,FOOD_AMBIENT,OK,11,2.81,191,N,,,30.91,,
LF-10158,SKU-0608,LOC-33,FOOD_AMBIENT,OK,25,10.11,206,N,,,252.75,,
LF-10237,SKU-0559,LOC-36,HEALTHCARE,OK,45,5.92,102,N,,,266.4,,
LF-10306,SKU-0988,LOC-06,FOOD_AMBIENT,OK,170,6.12,276,N,,,1040.4,,
LF-10007,SKU-1089,LOC-16,FOOD_AMBIENT,OK,77,4.5,108,N,,,346.5,,
LF-11777,SKU-0242,LOC-38,HEALTHCARE,OK,61,12.16,78,N,,,741.76,,
LF-10809,SKU-0141,LOC-22,FOOD_AMBIENT,OK,38,4.27,184,N,,,162.26,,
LF-10870,SKU-0929,LOC-32,FOOD_AMBIENT,OK,62,10.16,284,N,,,629.92,,
LF-10229,SKU-0489,LOC-10,FOOD_CHILLED,OK,44,1.89,100,N,,,83.16,,
LF-10706,SKU-0996,LOC-36,FOOD_AMBIENT,DATE_AMBIGUOUS,71,2.03,,,,,144.13,,
LF-11669,SKU-0371,LOC-16,FOOD_AMBIENT,OK,22,7.58,128,N,,,166.76,,
LF-10674,SKU-0095,LOC-11,FOOD_AMBIENT,OK,20,7.17,280,N,,,143.4,,
LF-10489,SKU-0222,LOC-32,FOOD_AMBIENT,OK,16,3.51,184,N,,,56.16,,
LF-10635,SKU-0789,LOC-12,HEALTHCARE,OK,26,14.11,106,N,,,366.86,,
LF-11159,SKU-0445,LOC-10,FOOD_AMBIENT,OK,84,3.07,122,N,,,257.88,,
LF-10893,SKU-0495,LOC-31,FOOD_AMBIENT,OK,14,10.36,367,N,,,145.04,,
LF-10240,SKU-0372,LOC-31,FOOD_AMBIENT,OK,86,9.15,268,N,,,786.9,,
LF-11380,SKU-0836,LOC-23,FOOD_AMBIENT,OK,32,7.36,278,N,,,235.52,,
LF-10066,SKU-0573,LOC-18,FOOD_CHILLED,OK,107,12.82,65,N,,,1371.74,,
LF-10695,SKU-0729,LOC-25,FOOD_AMBIENT,OK,19,7.7,127,N,,,146.3,,
LF-10475,SKU-0286,LOC-07,FOOD_AMBIENT,OK,12,8.29,164,N,,,99.48,,
LF-11795,SKU-1030,LOC-15,FOOD_AMBIENT,OK,19,9.56,62,N,,,181.64,,
LF-10085,SKU-0662,LOC-02,HEALTHCARE,OK,33,27.02,368,N,,,891.66,,
LF-10694,SKU-0824,LOC-22,FOOD_CHILLED,OK,11,12.46,79,N,,,137.06,,
LF-10986,SKU-0043,LOC-07,FOOD_AMBIENT,OK,18,5.61,121,N,,,100.98,,
LF-10111,SKU-1041,LOC-31,FOOD_AMBIENT,OK,52,2.39,144,N,,,124.28,,
LF-10444,SKU-0697,LOC-21,HEALTHCARE,OK,57,10.65,108,N,,,607.05,,
LF-11255,SKU-0455,LOC-11,FOOD_AMBIENT,OK,20,4.17,126,N,,,83.4,,
LF-10097,SKU-0928,LOC-25,HEALTHCARE,OK,36,27.51,103,N,,,990.36,,
LF-10594,SKU-0295,LOC-31,FOOD_AMBIENT,OK,19,5.66,152,N,,,107.54,,
LF-10055,SKU-0541,LOC-21,FOOD_AMBIENT,OK,23,11.87,157,N,,,273.01,,
LF-11811,SKU-0338,LOC-38,FOOD_AMBIENT,OK,36,8.01,248,N,,,288.36,,
LF-11740,SKU-1051,LOC-35,HEALTHCARE,OK,45,28.64,186,N,,,1288.8,,
LF-10138,SKU-0476,LOC-09,FOOD_AMBIENT,OK,41,5.77,353,N,,,236.57,,
LF-11415,SKU-0014,LOC-09,FOOD_AMBIENT,OK,57,7.6,160,N,,,433.2,,
LF-10918,SKU-0293,LOC-09,FOOD_AMBIENT,OK,19,9.01,65,N,,,171.19,,
LF-10043,SKU-0195,LOC-37,FOOD_AMBIENT,OK,24,0.72,260,N,,,17.28,,
LF-11522,SKU-0915,LOC-36,FOOD_AMBIENT,OK,55,9.52,342,N,,,523.6,,
LF-10800,SKU-1090,LOC-32,FOOD_AMBIENT,OK,16,9.28,114,N,,,148.48,,
LF-11297,SKU-0633,LOC-28,FOOD_CHILLED,OK,34,9.36,61,N,,,318.24,,
LF-11351,SKU-0322,LOC-06,HEALTHCARE,OK,12,19.74,263,N,,,236.88,,
LF-10151,SKU-0045,LOC-13,HEALTHCARE,OK,90,38.11,280,N,,,3429.9,,
LF-10391,SKU-0929,LOC-22,FOOD_AMBIENT,OK,24,10.16,136,N,,,243.84,,
LF-10013,SKU-0016,LOC-08,HEALTHCARE,OK,26,19.42,384,N,,,504.92,,
LF-10609,SKU-0455,LOC-26,FOOD_AMBIENT,OK,19,4.17,192,N,,,79.23,,
LF-10523,SKU-0588,LOC-21,FOOD_AMBIENT,OK,18,11.15,68,N,,,200.7,,
LF-11501,SKU-1009,LOC-13,HEALTHCARE,OK,49,36.24,102,N,,,1775.76,,
LF-11926,SKU-0155,LOC-19,FOOD_AMBIENT,OK,59,11.83,302,N,,,697.97,,
LF-10707,SKU-0808,LOC-33,FOOD_AMBIENT,OK,40,2.45,315,N,,,98.0,,
LF-11890,SKU-0023,LOC-36,FOOD_AMBIENT,OK,18,11.99,223,N,,,215.82,,
LF-11840,SKU-0739,LOC-19,HEALTHCARE,OK,33,17.61,375,N,,,581.13,,
LF-10282,SKU-0927,LOC-08,FOOD_CHILLED,OK,36,5.79,116,N,,,208.44,,
LF-11561,SKU-0373,LOC-36,FOOD_AMBIENT,OK,12,9.6,236,N,,,115.2,,
LF-10072,SKU-0047,LOC-26,FOOD_AMBIENT,OK,50,1.29,389,N,,,64.5,,
LF-10741,SKU-0935,LOC-38,HEALTHCARE,OK,30,29.35,313,N,,,880.5,,
LF-10864,SKU-0823,LOC-21,FOOD_AMBIENT,OK,23,4.59,218,N,,,105.57,,
LF-10173,SKU-0377,LOC-36,FOOD_AMBIENT,OK,11,7.84,167,N,,,86.24,,
LF-11019,SKU-1086,LOC-21,HEALTHCARE,OK,19,15.59,119,N,,,296.21,,
LF-10203,SKU-1070,LOC-20,FOOD_AMBIENT,OK,78,7.85,206,N,,,612.3,,
LF-11325,SKU-0701,LOC-20,FOOD_AMBIENT,OK,31,6.14,61,N,,,190.34,,
LF-10402,SKU-0152,LOC-21,HEALTHCARE,OK,38,19.47,146,N,,,739.86,,
LF-11854,SKU-0125,LOC-29,HEALTHCARE,OK,187,18.53,66,N,,,3465.11,,
LF-11235,SKU-0990,LOC-07,HEALTHCARE,OK,17,33.37,70,N,,,567.29,,
LF-11366,SKU-0638,LOC-02,FOOD_AMBIENT,OK,58,9.21,305,N,,,534.18,,
LF-11822,SKU-0206,LOC-19,FOOD_AMBIENT,OK,15,11.23,330,N,,,168.45,,
LF-10053,SKU-0282,LOC-09,HEALTHCARE,OK,35,35.84,71,N,,,1254.4,,
LF-11333,SKU-0134,LOC-13,HEALTHCARE,OK,11,29.49,111,N,,,324.39,,
LF-10924,SKU-0845,LOC-26,FOOD_AMBIENT,OK,103,6.69,370,N,,,689.07,,
LF-11718,SKU-0561,LOC-31,FOOD_AMBIENT,OK,15,5.14,257,N,,,77.1,,
LF-10112,SKU-0386,LOC-38,FOOD_AMBIENT,OK,17,4.06,91,N,,,69.02,,
LF-10064,SKU-0641,LOC-29,FOOD_AMBIENT,OK,25,0.99,379,N,,,24.75,,
LF-10159,SKU-0298,LOC-24,FOOD_CHILLED,OK,117,13.72,81,N,,,1605.24,,
LF-11559,SKU-1096,LOC-05,FOOD_CHILLED,OK,400,6.0,100,N,,,2400.0,,
LF-11308,SKU-0744,LOC-06,HEALTHCARE,OK,74,13.07,365,N,,,967.18,,
LF-10762,SKU-0048,LOC-20,FOOD_AMBIENT,OK,9,9.41,206,N,,,84.69,,
LF-11723,SKU-1009,LOC-32,HEALTHCARE,OK,18,36.24,372,N,,,652.32,,
LF-11492,SKU-0153,LOC-03,FOOD_CHILLED,OK,33,10.52,77,N,,,347.16,,
LF-11155,SKU-0166,LOC-16,FOOD_AMBIENT,OK,33,10.19,358,N,,,336.27,,
LF-10612,SKU-0218,LOC-38,HEALTHCARE,OK,22,24.01,148,N,,,528.22,,
LF-11279,SKU-0050,LOC-36,HEALTHCARE,OK,27,3.55,245,N,,,95.85,,
LF-11486,SKU-0518,LOC-16,FOOD_AMBIENT,OK,12,7.8,121,N,,,93.6,,
LF-10262,SKU-0722,LOC-04,FOOD_AMBIENT,OK,44,4.14,73,N,,,182.16,,
LF-10569,SKU-0632,LOC-11,FOOD_AMBIENT,OK,21,8.87,142,N,,,186.27,,
LF-11431,SKU-1027,LOC-31,FOOD_CHILLED,OK,17,11.92,85,N,,,202.64,,
LF-10952,SKU-0135,LOC-08,HEALTHCARE,OK,14,35.77,260,N,,,500.78,,
LF-11088,SKU-0560,LOC-27,FOOD_CHILLED,OK,14,7.54,101,N,,,105.56,,
LF-10746,SKU-0400,LOC-08,HEALTHCARE,OK,72,16.65,151,N,,,1198.8,,
LF-10789,SKU-0999,LOC-34,FOOD_AMBIENT,OK,82,2.87,147,N,,,235.34,,
LF-11555,SKU-0761,LOC-31,FOOD_AMBIENT,QTY_SUSPECT,-5,1.95,193,N,,,-9.75,,
LF-11818,SKU-0145,LOC-02,FOOD_CHILLED,OK,8,12.05,80,N,,,96.4,,
LF-10366,SKU-0254,LOC-24,FOOD_CHILLED,OK,19,7.07,63,N,,,134.33,,
LF-10708,SKU-0858,LOC-25,FOOD_AMBIENT,OK,12,11.54,185,N,,,138.48,,
LF-11639,SKU-0088,LOC-05,FOOD_AMBIENT,OK,55,2.5,166,N,,,137.5,,
LF-10012,SKU-0811,LOC-08,HEALTHCARE,OK,20,30.36,322,N,,,607.2,,
LF-10690,SKU-0922,LOC-30,FOOD_AMBIENT,OK,27,8.34,79,N,,,225.18,,
LF-10324,SKU-0564,LOC-03,FOOD_AMBIENT,OK,10,10.21,331,N,,,102.1,,
LF-10466,SKU-0303,LOC-36,HEALTHCARE,OK,23,34.14,122,N,,,785.22,,
LF-10669,SKU-0727,LOC-38,HEALTHCARE,OK,41,22.39,185,N,,,917.99,,
LF-10363,SKU-0208,LOC-09,FOOD_AMBIENT,OK,29,1.1,238,N,,,31.9,,
LF-10382,SKU-0606,LOC-01,FOOD_AMBIENT,OK,42,4.18,290,N,,,175.56,,
LF-11510,SKU-0030,LOC-18,FOOD_CHILLED,OK,87,7.11,89,N,,,618.57,,
LF-10336,SKU-0899,LOC-30,FOOD_AMBIENT,OK,27,1.68,154,N,,,45.36,,
LF-10032,SKU-0654,LOC-29,FOOD_AMBIENT,OK,29,2.99,213,N,,,86.71,,
LF-10296,SKU-0712,LOC-07,FOOD_CHILLED,OK,13,8.48,91,N,,,110.24,,
LF-10396,SKU-0969,LOC-13,HEALTHCARE,OK,19,15.31,381,N,,,290.89,,
LF-10086,SKU-0432,LOC-36,FOOD_CHILLED,OK,58,6.33,91,N,,,367.14,,
LF-11179,SKU-0903,LOC-23,HEALTHCARE,OK,19,17.5,243,N,,,332.5,,
LF-10955,SKU-0749,LOC-27,FOOD_AMBIENT,OK,21,3.56,148,N,,,74.76,,
LF-10921,SKU-0180,LOC-09,HEALTHCARE,OK,52,13.57,272,N,,,705.64,,
LF-11498,SKU-0457,LOC-22,HEALTHCARE,MISSING_EXPIRY,61,39.46,,,,,2407.06,,
LF-11489,SKU-0734,LOC-12,FOOD_AMBIENT,OK,21,9.75,133,N,,,204.75,,
LF-10825,SKU-0404,LOC-36,FOOD_AMBIENT,OK,15,0.52,183,N,,,7.8,,
LF-11584,SKU-0569,LOC-10,HEALTHCARE,OK,27,7.47,72,N,,,201.69,,
LF-10960,SKU-0934,LOC-10,FOOD_CHILLED,OK,8,4.01,70,N,,,32.08,,
LF-10487,SKU-1082,LOC-01,FOOD_AMBIENT,OK,8,6.41,80,N,,,51.28,,
LF-11119,SKU-0789,LOC-13,HEALTHCARE,OK,32,14.11,337,N,,,451.52,,
LF-10073,SKU-0159,LOC-08,HEALTHCARE,OK,154,26.77,71,N,,,4122.58,,
LF-10119,SKU-0130,LOC-23,FOOD_AMBIENT,OK,57,7.81,191,N,,,445.17,,
LF-10494,SKU-0574,LOC-04,FOOD_CHILLED,OK,41,10.84,61,N,,,444.44,,
LF-10879,SKU-0951,LOC-21,FOOD_AMBIENT,OK,25,3.24,305,N,,,81.0,,
LF-11689,SKU-0474,LOC-29,FOOD_AMBIENT,OK,18,11.97,120,N,,,215.46,,
LF-11425,SKU-1047,LOC-22,HEALTHCARE,OK,12,19.47,312,N,,,233.64,,
LF-10149,SKU-0613,LOC-23,FOOD_AMBIENT,OK,17,6.65,217,N,,,113.05,,
LF-10710,SKU-0459,LOC-14,FOOD_AMBIENT,OK,11,11.71,254,N,,,128.81,,
LF-10174,SKU-0852,LOC-08,HEALTHCARE,OK,28,28.59,168,N,,,800.52,,
LF-11342,SKU-1055,LOC-28,FOOD_AMBIENT,OK,17,11.4,200,N,,,193.8,,
LF-10715,SKU-0140,LOC-21,HEALTHCARE,OK,75,39.82,324,N,,,2986.5,,
LF-10457,SKU-0764,LOC-03,FOOD_AMBIENT,OK,32,6.93,107,N,,,221.76,,
LF-11038,SKU-0168,LOC-16,FOOD_AMBIENT,OK,17,7.61,74,N,,,129.37,,
LF-11613,SKU-0138,LOC-06,FOOD_AMBIENT,OK,29,4.4,130,N,,,127.6,,
LF-10664,SKU-0602,LOC-28,FOOD_AMBIENT,OK,8,10.9,179,N,,,87.2,,
LF-10882,SKU-0834,LOC-24,FOOD_CHILLED,OK,40,14.1,99,N,,,564.0,,
LF-11829,SKU-0805,LOC-27,FOOD_AMBIENT,OK,19,6.95,222,N,,,132.05,,
LF-10539,SKU-0973,LOC-19,HEALTHCARE,OK,13,4.29,177,N,,,55.77,,
LF-11790,SKU-1025,LOC-30,FOOD_AMBIENT,OK,43,7.95,305,N,,,341.85,,
LF-10375,SKU-0870,LOC-05,FOOD_AMBIENT,OK,28,8.5,243,N,,,238.0,,
LF-11653,SKU-1073,LOC-38,FOOD_AMBIENT,OK,53,6.18,98,N,,,327.54,,
LF-11357,SKU-0017,LOC-33,FOOD_AMBIENT,MISSING_EXPIRY,16,3.87,,,,,61.92,,
LF-10252,SKU-0095,LOC-07,FOOD_AMBIENT,OK,32,7.17,228,N,,,229.44,,
LF-11919,SKU-0708,LOC-17,FOOD_AMBIENT,OK,53,10.32,128,N,,,546.96,,
LF-11185,SKU-0791,LOC-08,FOOD_AMBIENT,OK,12,1.58,280,N,,,18.96,,
LF-11090,SKU-0737,LOC-34,HEALTHCARE,OK,26,14.09,234,N,,,366.34,,
LF-11475,SKU-0433,LOC-15,FOOD_AMBIENT,OK,37,8.05,364,N,,,297.85,,
LF-11817,SKU-0862,LOC-24,FOOD_CHILLED,OK,84,9.87,74,N,,,829.08,,
LF-11895,SKU-0797,LOC-06,FOOD_CHILLED,OK,16,7.36,135,N,,,117.76,,
LF-11773,SKU-0106,LOC-17,FOOD_AMBIENT,OK,236,11.4,357,N,,,2690.4,,
LF-11742,SKU-0476,LOC-08,FOOD_AMBIENT,QTY_SUSPECT,-27,5.77,305,N,,,-155.79,,
LF-11326,SKU-0983,LOC-24,HEALTHCARE,OK,53,3.94,389,N,,,208.82,,
LF-11587,SKU-0927,LOC-15,FOOD_CHILLED,OK,8,5.79,111,N,,,46.32,,
LF-10896,SKU-0843,LOC-20,FOOD_AMBIENT,OK,26,5.03,399,N,,,130.78,,
LF-10077,SKU-0711,LOC-36,FOOD_AMBIENT,OK,10,9.77,204,N,,,97.7,,
LF-11564,SKU-0083,LOC-25,FOOD_CHILLED,OK,48,3.82,78,N,,,183.36,,
LF-10493,SKU-0787,LOC-07,FOOD_AMBIENT,OK,38,11.56,158,N,,,439.28,,
LF-10872,SKU-0346,LOC-05,FOOD_AMBIENT,OK,8,2.91,167,N,,,23.28,,
LF-11034,SKU-0055,LOC-32,FOOD_CHILLED,OK,20,12.94,72,N,,,258.8,,
LF-10394,SKU-0160,LOC-06,FOOD_AMBIENT,OK,63,10.6,301,N,,,667.8,,
LF-10350,SKU-0387,LOC-36,HEALTHCARE,OK,182,3.42,272,N,,,622.44,,
LF-11821,SKU-0687,LOC-28,FOOD_AMBIENT,OK,18,3.5,144,N,,,63.0,,
LF-10297,SKU-1041,LOC-12,FOOD_AMBIENT,OK,22,2.39,62,N,,,52.58,,
LF-10378,SKU-0993,LOC-16,FOOD_AMBIENT,OK,22,1.89,331,N,,,41.58,,
LF-10002,SKU-1064,LOC-04,FOOD_AMBIENT,OK,12,8.73,288,N,,,104.76,,
LF-11551,SKU-0462,LOC-16,FOOD_CHILLED,OK,16,2.68,96,N,,,42.88,,
LF-11507,SKU-0677,LOC-08,FOOD_CHILLED,OK,90,14.0,77,N,,,1260.0,,
LF-11526,SKU-0686,LOC-37,HEALTHCARE,OK,59,11.37,180,N,,,670.83,,
LF-11842,SKU-0197,LOC-27,FOOD_CHILLED,OK,38,11.32,109,N,,,430.16,,
LF-10816,SKU-0853,LOC-21,FOOD_AMBIENT,OK,51,8.62,198,N,,,439.62,,
LF-11846,SKU-0904,LOC-32,FOOD_AMBIENT,OK,28,4.09,102,N,,,114.52,,
LF-10547,SKU-0123,LOC-04,FOOD_AMBIENT,OK,5,10.92,175,N,,,54.6,,
LF-11625,SKU-0341,LOC-35,HEALTHCARE,OK,22,23.93,325,N,,,526.46,,
LF-11180,SKU-1023,LOC-22,HEALTHCARE,OK,28,33.39,248,N,,,934.92,,
LF-10561,SKU-0367,LOC-23,HEALTHCARE,OK,13,28.68,153,N,,,372.84,,
LF-10765,SKU-0343,LOC-04,FOOD_CHILLED,OK,46,11.72,128,N,,,539.12,,
LF-11738,SKU-0923,LOC-17,FOOD_AMBIENT,OK,27,8.75,307,N,,,236.25,,
LF-11938,SKU-0864,LOC-03,FOOD_AMBIENT,OK,157,4.31,266,N,,,676.67,,
LF-11565,SKU-0261,LOC-19,HEALTHCARE,OK,16,23.43,363,N,,,374.88,,
LF-10400,SKU-0491,LOC-12,HEALTHCARE,OK,46,16.63,102,N,,,764.98,,
LF-11530,SKU-0810,LOC-19,FOOD_AMBIENT,OK,37,8.38,69,N,,,310.06,,
LF-11001,SKU-0973,LOC-37,HEALTHCARE,OK,15,4.29,293,N,,,64.35,,
LF-10253,SKU-0852,LOC-12,HEALTHCARE,OK,100,28.59,347,N,,,2859.0,,
LF-11033,SKU-0462,LOC-34,FOOD_CHILLED,OK,42,2.68,90,N,,,112.56,,
LF-10456,SKU-0360,LOC-10,FOOD_AMBIENT,OK,38,1.93,79,N,,,73.34,,
LF-10385,SKU-0885,LOC-12,FOOD_AMBIENT,OK,52,4.4,63,N,,,228.8,,
LF-10645,SKU-0763,LOC-25,FOOD_CHILLED,OK,19,6.34,75,N,,,120.46,,
LF-10981,SKU-0341,LOC-09,HEALTHCARE,OK,16,23.93,192,N,,,382.88,,
LF-10875,SKU-0631,LOC-26,FOOD_AMBIENT,OK,14,10.18,107,N,,,142.52,,
LF-10144,SKU-0705,LOC-37,FOOD_AMBIENT,OK,50,8.25,96,N,,,412.5,,
LF-11434,SKU-0463,LOC-35,FOOD_AMBIENT,OK,85,2.46,282,N,,,209.1,,
LF-10963,SKU-0852,LOC-07,HEALTHCARE,OK,61,28.59,66,N,,,1743.99,,
LF-11537,SKU-1025,LOC-36,FOOD_AMBIENT,OK,37,7.95,64,N,,,294.15,,
LF-10303,SKU-0708,LOC-24,FOOD_AMBIENT,OK,25,10.32,84,N,,,258.0,,
LF-11697,SKU-0049,LOC-32,HEALTHCARE,OK,11,22.99,124,N,,,252.89,,
LF-11059,SKU-1031,LOC-10,FOOD_AMBIENT,OK,72,11.37,172,N,,,818.64,,
LF-11650,SKU-0101,LOC-14,FOOD_AMBIENT,OK,23,3.77,162,N,,,86.71,,
LF-11149,SKU-0775,LOC-11,FOOD_AMBIENT,OK,14,1.06,97,N,,,14.84,,
LF-10636,SKU-0609,LOC-24,HEALTHCARE,OK,46,26.92,315,N,,,1238.32,,
LF-11063,SKU-0499,LOC-30,FOOD_AMBIENT,OK,46,8.29,329,N,,,381.34,,
LF-11708,SKU-0012,LOC-14,FOOD_CHILLED,OK,35,9.91,74,N,,,346.85,,
LF-11828,SKU-0335,LOC-27,FOOD_AMBIENT,OK,45,2.64,378,N,,,118.8,,
LF-10215,SKU-0346,LOC-09,FOOD_AMBIENT,OK,42,2.91,87,N,,,122.22,,
LF-11883,SKU-0059,LOC-28,FOOD_CHILLED,OK,43,10.97,71,N,,,471.71,,
LF-10276,SKU-0204,LOC-10,HEALTHCARE,OK,25,13.75,332,N,,,343.75,,
LF-11693,SKU-0040,LOC-35,HEALTHCARE,OK,36,17.38,245,N,,,625.68,,
LF-11324,SKU-0245,LOC-19,FOOD_AMBIENT,OK,11,3.31,128,N,,,36.41,,
LF-10054,SKU-0361,LOC-02,FOOD_AMBIENT,OK,45,11.95,193,N,,,537.75,,
LF-10131,SKU-0064,LOC-01,FOOD_AMBIENT,OK,77,8.21,159,N,,,632.17,,
LF-10662,SKU-0055,LOC-38,FOOD_CHILLED,OK,11,12.94,102,N,,,142.34,,
LF-10659,SKU-0210,LOC-01,FOOD_AMBIENT,OK,32,7.98,255,N,,,255.36,,
LF-10160,SKU-0410,LOC-26,FOOD_AMBIENT,OK,52,8.56,207,N,,,445.12,,
LF-10096,SKU-0404,LOC-05,FOOD_AMBIENT,OK,242,0.52,306,N,,,125.84,,
LF-11573,SKU-0738,LOC-27,FOOD_CHILLED,OK,30,1.6,138,N,,,48.0,,
LF-10255,SKU-1019,LOC-19,HEALTHCARE,OK,22,3.54,341,N,,,77.88,,
LF-10048,SKU-0373,LOC-07,FOOD_AMBIENT,OK,29,9.6,218,N,,,278.4,,
LF-10338,SKU-0084,LOC-14,FOOD_AMBIENT,OK,23,5.52,237,N,,,126.96,,
LF-11574,SKU-0277,LOC-16,FOOD_AMBIENT,OK,35,11.53,128,N,,,403.55,,
LF-11896,SKU-0211,LOC-18,FOOD_AMBIENT,OK,43,8.0,184,N,,,344.0,,
LF-11617,SKU-0090,LOC-26,FOOD_AMBIENT,OK,49,8.33,150,N,,,408.17,,
LF-10585,SKU-0457,LOC-25,HEALTHCARE,OK,98,39.46,188,N,,,3867.08,,
LF-10189,SKU-0830,LOC-14,FOOD_AMBIENT,OK,30,5.45,70,N,,,163.5,,
LF-11230,SKU-0334,LOC-23,FOOD_AMBIENT,OK,54,6.37,291,N,,,343.98,,
LF-11146,SKU-0090,LOC-29,FOOD_AMBIENT,OK,26,8.33,352,N,,,216.58,,
LF-11157,SKU-0092,LOC-33,FOOD_AMBIENT,OK,46,7.76,103,N,,,356.96,,
LF-10411,SKU-0334,LOC-27,FOOD_AMBIENT,OK,16,6.37,223,N,,,101.92,,
LF-11201,SKU-1040,LOC-34,FOOD_AMBIENT,OK,47,1.42,143,N,,,66.74,,
LF-10300,SKU-0536,LOC-03,FOOD_CHILLED,OK,44,5.05,132,N,,,222.2,,
LF-10408,SKU-0162,LOC-10,FOOD_AMBIENT,OK,10,2.39,257,N,,,23.9,,
LF-11384,SKU-0354,LOC-13,FOOD_AMBIENT,OK,18,6.43,171,N,,,115.74,,
LF-10941,SKU-0588,LOC-15,FOOD_AMBIENT,OK,45,11.15,194,N,,,501.75,,
LF-11390,SKU-0104,LOC-35,HEALTHCARE,OK,12,33.09,97,N,,,397.08,,
LF-11061,SKU-1064,LOC-13,FOOD_AMBIENT,OK,35,8.73,99,N,,,305.55,,
LF-11334,SKU-0846,LOC-35,HEALTHCARE,OK,37,38.62,360,N,,,1428.94,,
LF-11244,SKU-0673,LOC-36,FOOD_AMBIENT,OK,26,10.33,200,N,,,268.58,,
LF-10134,SKU-0974,LOC-26,FOOD_AMBIENT,OK,11,10.81,173,N,,,118.91,,
LF-11612,SKU-0980,LOC-23,HEALTHCARE,OK,11,26.97,275,N,,,296.67,,
LF-10589,SKU-0882,LOC-25,HEALTHCARE,OK,19,36.15,214,N,,,686.85,,
LF-10591,SKU-0267,LOC-12,FOOD_AMBIENT,OK,10,5.8,112,N,,,58.0,,
LF-11220,SKU-0975,LOC-32,HEALTHCARE,OK,71,27.59,276,N,,,1958.89,,
LF-10932,SKU-0526,LOC-32,FOOD_AMBIENT,OK,37,4.44,163,N,,,164.28,,
LF-10719,SKU-0659,LOC-19,FOOD_AMBIENT,OK,49,10.0,119,N,,,490.0,,
LF-10820,SKU-0420,LOC-30,FOOD_AMBIENT,OK,36,8.39,270,N,,,302.04,,
LF-10830,SKU-1012,LOC-19,HEALTHCARE,OK,11,11.0,234,N,,,121.0,,
LF-10141,SKU-0698,LOC-28,FOOD_CHILLED,OK,5,3.61,67,N,,,18.05,,
LF-11151,SKU-0165,LOC-05,FOOD_AMBIENT,OK,21,7.31,224,N,,,153.51,,
LF-11696,SKU-0351,LOC-08,HEALTHCARE,OK,34,7.69,148,N,,,261.46,,
LF-11918,SKU-0699,LOC-04,FOOD_CHILLED,QTY_SUSPECT,-9,8.15,47,Y,0.2,1.6963,-73.35,-24.88,P3
